[INFO] [1790670233.745681665] [ego_subscriber]: Received from TM_5 | Latency: 0.47 ms
[INFO] [1790670233.779906202] [ego_subscriber]: Received from TM_6 | Latency: 0.43 ms
[INFO] [1790670233.845648943] [ego_subscriber]: Received from TM_5 | Latency: 0.44 ms
[INFO] [1790670233.851801415] [ego_subscriber]: Received from TM_1 | Latency: 0.52 ms
[INFO] [1790670233.870802694] [ego_subscriber]: Received from TM_5 | Latency: 0.42 ms
[INFO] [1790670233.879941017] [ego_subscriber]: Received from TM_6 | Latency: 0.44 ms
[INFO] [1790670233.945627615] [ego_subscriber]: Received from TM_5 | Latency: 0.42 ms
[INFO] [1790670233.951755207] [ego_subscriber]: Received from TM_1 | Latency: 0.46 ms
[INFO] [1790670233.971010281] [ego_subscriber]: Received from TM_5 | Latency: 0.57 ms
[INFO] [1790670233.979855073] [ego_subscriber]: Received from TM_6 | Latency: 0.37 ms
[INFO] [1790670233.993751558] [ego_subscriber]: Received from TM_9 | Latency: 0.47 ms
[INFO] [1790670234.045798244] [ego_subscriber]: Received from TM_5 | Latency: 0.56 ms
[INFO] [1790670234.051661822] [ego_subscriber]: Received from TM_1 | Latency: 0.33 ms
[INFO] [1790670234.071025979] [ego_subscriber]: Received from TM_5 | Latency: 0.63 ms
[INFO] [1790670234.079827998] [ego_subscriber]: Received from TM_6 | Latency: 0.29 ms
[INFO] [1790670234.093895256] [ego_subscriber]: Received from TM_9 | Latency: 0.61 ms
[INFO] [1790670234.145731126] [ego_subscriber]: Received from TM_5 | Latency: 0.51 ms
[INFO] [1790670234.151783529] [ego_subscriber]: Received from TM_1 | Latency: 0.43 ms
[INFO] [1790670234.170803982] [ego_subscriber]: Received from TM_5 | Latency: 0.40 ms
[INFO] [1790670234.179775219] [ego_subscriber]: Received from TM_6 | Latency: 0.29 ms
[INFO] [1790670234.193659949] [ego_subscriber]: Received from TM_9 | Latency: 0.41 ms
[INFO] [1790670234.245691524] [ego_subscriber]: Received from TM_5 | Latency: 0.47 ms
[INFO] [1790670234.251968562] [ego_subscriber]: Received from TM_1 | Latency: 0.60 ms
[INFO] [1790670234.254103300] [ego_subscriber]: Received from TM_7 | Latency: 0.46 ms
[INFO] [1790670234.271110594] [ego_subscriber]: Received from TM_5 | Latency: 0.69 ms
[INFO] [1790670234.279902782] [ego_subscriber]: Received from TM_6 | Latency: 0.40 ms
[INFO] [1790670234.293811908] [ego_subscriber]: Received from TM_9 | Latency: 0.54 ms
[INFO] [1790670234.345696916] [ego_subscriber]: Received from TM_5 | Latency: 0.53 ms
[INFO] [1790670234.351946265] [ego_subscriber]: Received from TM_1 | Latency: 0.63 ms
[INFO] [1790670234.354181070] [ego_subscriber]: Received from TM_7 | Latency: 0.56 ms
[INFO] [1790670234.367753166] [ego_subscriber]: Received from TM_6 | Latency: 5.80 ms
[INFO] [1790670234.370987987] [ego_subscriber]: Received from TM_5 | Latency: 0.56 ms
[INFO] [1790670234.379958807] [ego_subscriber]: Received from TM_6 | Latency: 0.44 ms
[INFO] [1790670234.393732827] [ego_subscriber]: Received from TM_9 | Latency: 0.46 ms
[INFO] [1790670234.445590941] [ego_subscriber]: Received from TM_5 | Latency: 0.39 ms
[INFO] [1790670234.451807029] [ego_subscriber]: Received from TM_1 | Latency: 0.49 ms
[INFO] [1790670234.454157578] [ego_subscriber]: Received from TM_7 | Latency: 0.50 ms
[INFO] [1790670234.462422205] [ego_subscriber]: Received from TM_6 | Latency: 0.46 ms
[INFO] [1790670234.471103211] [ego_subscriber]: Received from TM_5 | Latency: 0.69 ms
[INFO] [1790670234.480116275] [ego_subscriber]: Received from TM_6 | Latency: 0.58 ms
[INFO] [1790670234.493890898] [ego_subscriber]: Received from TM_9 | Latency: 0.61 ms
[INFO] [1790670234.545726350] [ego_subscriber]: Received from TM_5 | Latency: 0.49 ms
[INFO] [1790670234.551988222] [ego_subscriber]: Received from TM_1 | Latency: 0.65 ms
[INFO] [1790670234.554142301] [ego_subscriber]: Received from TM_7 | Latency: 0.51 ms
[INFO] [1790670234.562639816] [ego_subscriber]: Received from TM_6 | Latency: 0.67 ms
[INFO] [1790670234.570872626] [ego_subscriber]: Received from TM_5 | Latency: 0.44 ms
[INFO] [1790670234.580106513] [ego_subscriber]: Received from TM_6 | Latency: 0.57 ms
[INFO] [1790670234.593872084] [ego_subscriber]: Received from TM_9 | Latency: 0.59 ms
[INFO] [1790670234.645821447] [ego_subscriber]: Received from TM_5 | Latency: 0.59 ms
[INFO] [1790670234.651934285] [ego_subscriber]: Received from TM_1 | Latency: 0.58 ms
[INFO] [1790670234.654098674] [ego_subscriber]: Received from TM_7 | Latency: 0.47 ms
[INFO] [1790670234.662576871] [ego_subscriber]: Received from TM_6 | Latency: 0.61 ms
[INFO] [1790670234.670958759] [ego_subscriber]: Received from TM_5 | Latency: 0.52 ms
[INFO] [1790670234.677677477] [ego_subscriber]: Received from TM_9 | Latency: 81.36 ms
[INFO] [1790670234.680059638] [ego_subscriber]: Received from TM_6 | Latency: 0.52 ms
[INFO] [1790670234.693700777] [ego_subscriber]: Received from TM_9 | Latency: 0.43 ms
[INFO] [1790670234.696676961] [ego_subscriber]: Received from TM_9 | Latency: 0.33 ms
[INFO] [1790670234.745752763] [ego_subscriber]: Received from TM_5 | Latency: 0.52 ms
[INFO] [1790670234.751942431] [ego_subscriber]: Received from TM_1 | Latency: 0.59 ms
[INFO] [1790670234.754009628] [ego_subscriber]: Received from TM_7 | Latency: 0.41 ms
[INFO] [1790670234.754324691] [ego_subscriber]: Received from TM_2 | Latency: 5.80 ms
[INFO] [1790670234.762582585] [ego_subscriber]: Received from TM_6 | Latency: 0.60 ms
[INFO] [1790670234.770870734] [ego_subscriber]: Received from TM_5 | Latency: 0.48 ms
[INFO] [1790670234.780088447] [ego_subscriber]: Received from TM_6 | Latency: 0.53 ms
[INFO] [1790670234.793795169] [ego_subscriber]: Received from TM_9 | Latency: 0.53 ms
[INFO] [1790670234.796995371] [ego_subscriber]: Received from TM_9 | Latency: 0.62 ms
[INFO] [1790670234.845731291] [ego_subscriber]: Received from TM_5 | Latency: 0.51 ms
[INFO] [1790670234.849254874] [ego_subscriber]: Received from TM_2 | Latency: 0.68 ms
[INFO] [1790670234.852131216] [ego_subscriber]: Received from TM_1 | Latency: 0.74 ms
[INFO] [1790670234.854341114] [ego_subscriber]: Received from TM_7 | Latency: 0.64 ms
[INFO] [1790670234.862649685] [ego_subscriber]: Received from TM_6 | Latency: 0.65 ms
[INFO] [1790670234.871086353] [ego_subscriber]: Received from TM_5 | Latency: 0.68 ms
[INFO] [1790670234.880025406] [ego_subscriber]: Received from TM_6 | Latency: 0.48 ms
[INFO] [1790670234.893698598] [ego_subscriber]: Received from TM_9 | Latency: 0.44 ms
[INFO] [1790670234.896756665] [ego_subscriber]: Received from TM_9 | Latency: 0.43 ms
[INFO] [1790670234.945605898] [ego_subscriber]: Received from TM_5 | Latency: 0.37 ms
[INFO] [1790670234.949007058] [ego_subscriber]: Received from TM_2 | Latency: 0.44 ms
[INFO] [1790670234.951998601] [ego_subscriber]: Received from TM_1 | Latency: 0.60 ms
[INFO] [1790670234.954080419] [ego_subscriber]: Received from TM_7 | Latency: 0.44 ms
[INFO] [1790670234.962541858] [ego_subscriber]: Received from TM_6 | Latency: 0.54 ms
[INFO] [1790670234.969183638] [ego_subscriber]: Received from TM_2 | Latency: 0.63 ms
[INFO] [1790670234.970846960] [ego_subscriber]: Received from TM_5 | Latency: 0.43 ms
[INFO] [1790670234.980061325] [ego_subscriber]: Received from TM_6 | Latency: 0.49 ms
[INFO] [1790670234.993810477] [ego_subscriber]: Received from TM_9 | Latency: 0.55 ms
[INFO] [1790670234.996990739] [ego_subscriber]: Received from TM_9 | Latency: 0.63 ms
[INFO] [1790670235.045625919] [ego_subscriber]: Received from TM_5 | Latency: 0.39 ms
[INFO] [1790670235.049041538] [ego_subscriber]: Received from TM_2 | Latency: 0.46 ms
[INFO] [1790670235.052010780] [ego_subscriber]: Received from TM_1 | Latency: 0.67 ms
[INFO] [1790670235.054101344] [ego_subscriber]: Received from TM_7 | Latency: 0.47 ms
[INFO] [1790670235.062473026] [ego_subscriber]: Received from TM_6 | Latency: 0.44 ms
[INFO] [1790670235.069253782] [ego_subscriber]: Received from TM_2 | Latency: 0.63 ms
[INFO] [1790670235.070998052] [ego_subscriber]: Received from TM_5 | Latency: 0.60 ms
[INFO] [1790670235.080106524] [ego_subscriber]: Received from TM_6 | Latency: 0.53 ms
[INFO] [1790670235.093854245] [ego_subscriber]: Received from TM_9 | Latency: 0.60 ms
[INFO] [1790670235.096973639] [ego_subscriber]: Received from TM_9 | Latency: 0.62 ms
[INFO] [1790670235.145609109] [ego_subscriber]: Received from TM_5 | Latency: 0.38 ms
[INFO] [1790670235.149220893] [ego_subscriber]: Received from TM_2 | Latency: 0.58 ms
[INFO] [1790670235.151779412] [ego_subscriber]: Received from TM_1 | Latency: 0.44 ms
[INFO] [1790670235.154272003] [ego_subscriber]: Received from TM_7 | Latency: 0.60 ms
[INFO] [1790670235.162429252] [ego_subscriber]: Received from TM_6 | Latency: 0.42 ms
[INFO] [1790670235.169280929] [ego_subscriber]: Received from TM_2 | Latency: 0.70 ms
[INFO] [1790670235.171024155] [ego_subscriber]: Received from TM_5 | Latency: 0.61 ms
[INFO] [1790670235.179868408] [ego_subscriber]: Received from TM_6 | Latency: 0.29 ms
[INFO] [1790670235.193742738] [ego_subscriber]: Received from TM_9 | Latency: 0.42 ms
[INFO] [1790670235.196763106] [ego_subscriber]: Received from TM_9 | Latency: 0.39 ms
[INFO] [1790670235.202281224] [ego_subscriber]: Received from TM_7 | Latency: 0.40 ms
[INFO] [1790670235.209751329] [ego_subscriber]: Received from TM_4 | Latency: 0.61 ms
[INFO] [1790670235.245697122] [ego_subscriber]: Received from TM_5 | Latency: 0.46 ms
[INFO] [1790670235.249261602] [ego_subscriber]: Received from TM_2 | Latency: 0.64 ms
[INFO] [1790670235.251982614] [ego_subscriber]: Received from TM_1 | Latency: 0.62 ms
[INFO] [1790670235.254066803] [ego_subscriber]: Received from TM_7 | Latency: 0.40 ms
[INFO] [1790670235.262754224] [ego_subscriber]: Received from TM_6 | Latency: 0.72 ms
[INFO] [1790670235.269465875] [ego_subscriber]: Received from TM_2 | Latency: 0.90 ms
[INFO] [1790670235.270856893] [ego_subscriber]: Received from TM_5 | Latency: 0.45 ms
[INFO] [1790670235.280132447] [ego_subscriber]: Received from TM_6 | Latency: 0.50 ms
[INFO] [1790670235.293715422] [ego_subscriber]: Received from TM_9 | Latency: 0.44 ms
[INFO] [1790670235.296843131] [ego_subscriber]: Received from TM_9 | Latency: 0.49 ms
[INFO] [1790670235.302335863] [ego_subscriber]: Received from TM_7 | Latency: 0.40 ms
[INFO] [1790670235.309626983] [ego_subscriber]: Received from TM_4 | Latency: 0.47 ms
[INFO] [1790670235.345623942] [ego_subscriber]: Received from TM_5 | Latency: 0.40 ms
[INFO] [1790670235.349178251] [ego_subscriber]: Received from TM_2 | Latency: 0.55 ms
[INFO] [1790670235.351930092] [ego_subscriber]: Received from TM_1 | Latency: 0.51 ms
[INFO] [1790670235.354015502] [ego_subscriber]: Received from TM_7 | Latency: 0.33 ms
[INFO] [1790670235.362418919] [ego_subscriber]: Received from TM_6 | Latency: 0.37 ms
[INFO] [1790670235.369118215] [ego_subscriber]: Received from TM_2 | Latency: 0.51 ms
[INFO] [1790670235.370831546] [ego_subscriber]: Received from TM_5 | Latency: 0.42 ms
[INFO] [1790670235.380028545] [ego_subscriber]: Received from TM_6 | Latency: 0.39 ms
[INFO] [1790670235.393809963] [ego_subscriber]: Received from TM_9 | Latency: 0.54 ms
[INFO] [1790670235.396729401] [ego_subscriber]: Received from TM_9 | Latency: 0.38 ms
[INFO] [1790670235.402522712] [ego_subscriber]: Received from TM_7 | Latency: 0.60 ms
[INFO] [1790670235.409645578] [ego_subscriber]: Received from TM_4 | Latency: 0.46 ms
[INFO] [1790670235.445779198] [ego_subscriber]: Received from TM_5 | Latency: 0.56 ms
[INFO] [1790670235.449674808] [ego_subscriber]: Received from TM_2 | Latency: 0.47 ms
[INFO] [1790670235.450639497] [ego_subscriber]: Received from TM_3 | Latency: 5.85 ms
[INFO] [1790670235.451727177] [ego_subscriber]: Received from TM_1 | Latency: 0.32 ms
[INFO] [1790670235.452993395] [ego_subscriber]: Received from TM_6 | Latency: 5.66 ms
[INFO] [1790670235.454112446] [ego_subscriber]: Received from TM_7 | Latency: 0.42 ms
[INFO] [1790670235.462482853] [ego_subscriber]: Received from TM_6 | Latency: 0.41 ms
[INFO] [1790670235.469122881] [ego_subscriber]: Received from TM_2 | Latency: 0.50 ms
[INFO] [1790670235.470810543] [ego_subscriber]: Received from TM_5 | Latency: 0.39 ms
[INFO] [1790670235.480074570] [ego_subscriber]: Received from TM_6 | Latency: 0.44 ms
[INFO] [1790670235.493905396] [ego_subscriber]: Received from TM_9 | Latency: 0.61 ms
[INFO] [1790670235.496878238] [ego_subscriber]: Received from TM_9 | Latency: 0.61 ms
[INFO] [1790670235.502529879] [ego_subscriber]: Received from TM_7 | Latency: 0.59 ms
[INFO] [1790670235.509810333] [ego_subscriber]: Received from TM_4 | Latency: 0.65 ms
[INFO] [1790670235.511315523] [ego_subscriber]: Received from TM_5 | Latency: 0.61 ms
[INFO] [1790670235.545707457] [ego_subscriber]: Received from TM_3 | Latency: 0.90 ms
[INFO] [1790670235.545793900] [ego_subscriber]: Received from TM_5 | Latency: 0.55 ms
[INFO] [1790670235.548061050] [ego_subscriber]: Received from TM_6 | Latency: 0.71 ms
[INFO] [1790670235.549390577] [ego_subscriber]: Received from TM_2 | Latency: 0.70 ms
[INFO] [1790670235.551758255] [ego_subscriber]: Received from TM_1 | Latency: 0.41 ms
[INFO] [1790670235.554245835] [ego_subscriber]: Received from TM_7 | Latency: 0.53 ms
[INFO] [1790670235.562462213] [ego_subscriber]: Received from TM_6 | Latency: 0.40 ms
[INFO] [1790670235.569208192] [ego_subscriber]: Received from TM_2 | Latency: 0.43 ms
[INFO] [1790670235.570999291] [ego_subscriber]: Received from TM_5 | Latency: 0.58 ms
[INFO] [1790670235.579954950] [ego_subscriber]: Received from TM_6 | Latency: 0.32 ms
[INFO] [1790670235.593732015] [ego_subscriber]: Received from TM_9 | Latency: 0.45 ms
[INFO] [1790670235.596674058] [ego_subscriber]: Received from TM_9 | Latency: 0.33 ms
[INFO] [1790670235.602416724] [ego_subscriber]: Received from TM_7 | Latency: 0.46 ms
[INFO] [1790670235.609497955] [ego_subscriber]: Received from TM_4 | Latency: 0.38 ms
[INFO] [1790670235.611269686] [ego_subscriber]: Received from TM_5 | Latency: 0.55 ms
[INFO] [1790670235.645546168] [ego_subscriber]: Received from TM_3 | Latency: 0.74 ms
[INFO] [1790670235.645670268] [ego_subscriber]: Received from TM_5 | Latency: 0.43 ms
[INFO] [1790670235.647762516] [ego_subscriber]: Received from TM_6 | Latency: 0.37 ms
[INFO] [1790670235.649145318] [ego_subscriber]: Received from TM_2 | Latency: 0.45 ms
[INFO] [1790670235.651912189] [ego_subscriber]: Received from TM_1 | Latency: 0.53 ms
[INFO] [1790670235.654146492] [ego_subscriber]: Received from TM_7 | Latency: 0.41 ms
[INFO] [1790670235.662665911] [ego_subscriber]: Received from TM_6 | Latency: 0.60 ms
[INFO] [1790670235.669449845] [ego_subscriber]: Received from TM_2 | Latency: 0.76 ms
[INFO] [1790670235.670888485] [ego_subscriber]: Received from TM_5 | Latency: 0.47 ms
[INFO] [1790670235.680110006] [ego_subscriber]: Received from TM_6 | Latency: 0.46 ms
[INFO] [1790670235.693875618] [ego_subscriber]: Received from TM_9 | Latency: 0.61 ms
[INFO] [1790670235.696652441] [ego_subscriber]: Received from TM_9 | Latency: 0.31 ms
[INFO] [1790670235.702354432] [ego_subscriber]: Received from TM_7 | Latency: 0.40 ms
[INFO] [1790670235.709589286] [ego_subscriber]: Received from TM_4 | Latency: 0.40 ms
[INFO] [1790670235.711324597] [ego_subscriber]: Received from TM_5 | Latency: 0.58 ms
[INFO] [1790670235.745339080] [ego_subscriber]: Received from TM_3 | Latency: 0.41 ms
[INFO] [1790670235.745482645] [ego_subscriber]: Received from TM_5 | Latency: 0.32 ms
[INFO] [1790670235.747868717] [ego_subscriber]: Received from TM_6 | Latency: 0.51 ms
[INFO] [1790670235.749293934] [ego_subscriber]: Received from TM_2 | Latency: 0.46 ms
[INFO] [1790670235.751759740] [ego_subscriber]: Received from TM_1 | Latency: 0.41 ms
[INFO] [1790670235.754249542] [ego_subscriber]: Received from TM_7 | Latency: 0.44 ms
[INFO] [1790670235.763116828] [ego_subscriber]: Received from TM_6 | Latency: 1.03 ms
[INFO] [1790670235.769327517] [ego_subscriber]: Received from TM_2 | Latency: 0.73 ms
[INFO] [1790670235.770817500] [ego_subscriber]: Received from TM_5 | Latency: 0.44 ms
[INFO] [1790670235.780120373] [ego_subscriber]: Received from TM_6 | Latency: 0.50 ms
[INFO] [1790670235.783674212] [ego_subscriber]: Received from TM_7 | Latency: 5.76 ms
[INFO] [1790670235.783857890] [ego_subscriber]: Received from TM_8 | Latency: 5.90 ms
[INFO] [1790670235.793747871] [ego_subscriber]: Received from TM_9 | Latency: 0.48 ms
[INFO] [1790670235.796744722] [ego_subscriber]: Received from TM_9 | Latency: 0.40 ms
[INFO] [1790670235.802349071] [ego_subscriber]: Received from TM_7 | Latency: 0.40 ms
[INFO] [1790670235.809673940] [ego_subscriber]: Received from TM_4 | Latency: 0.47 ms
[INFO] [1790670235.811096391] [ego_subscriber]: Received from TM_5 | Latency: 0.36 ms
[INFO] [1790670235.845348541] [ego_subscriber]: Received from TM_3 | Latency: 0.51 ms
[INFO] [1790670235.845625006] [ego_subscriber]: Received from TM_5 | Latency: 0.37 ms
[INFO] [1790670235.847956163] [ego_subscriber]: Received from TM_6 | Latency: 0.53 ms
[INFO] [1790670235.849056738] [ego_subscriber]: Received from TM_2 | Latency: 0.42 ms
[INFO] [1790670235.851777296] [ego_subscriber]: Received from TM_1 | Latency: 0.44 ms
[INFO] [1790670235.854158185] [ego_subscriber]: Received from TM_7 | Latency: 0.40 ms
[INFO] [1790670235.862516775] [ego_subscriber]: Received from TM_6 | Latency: 0.43 ms
[INFO] [1790670235.869212214] [ego_subscriber]: Received from TM_2 | Latency: 0.51 ms
[INFO] [1790670235.870768320] [ego_subscriber]: Received from TM_5 | Latency: 0.33 ms
[INFO] [1790670235.878429870] [ego_subscriber]: Received from TM_7 | Latency: 0.57 ms
[INFO] [1790670235.878554492] [ego_subscriber]: Received from TM_8 | Latency: 0.48 ms
[INFO] [1790670235.880000908] [ego_subscriber]: Received from TM_6 | Latency: 0.33 ms
[INFO] [1790670235.893785561] [ego_subscriber]: Received from TM_9 | Latency: 0.51 ms
[INFO] [1790670235.896756255] [ego_subscriber]: Received from TM_9 | Latency: 0.42 ms
[INFO] [1790670235.902501026] [ego_subscriber]: Received from TM_7 | Latency: 0.52 ms
[INFO] [1790670235.909887049] [ego_subscriber]: Received from TM_4 | Latency: 0.73 ms
[INFO] [1790670235.911205698] [ego_subscriber]: Received from TM_5 | Latency: 0.47 ms
[INFO] [1790670235.945656444] [ego_subscriber]: Received from TM_3 | Latency: 0.79 ms
[INFO] [1790670235.945723223] [ego_subscriber]: Received from TM_5 | Latency: 0.51 ms
[INFO] [1790670235.947812836] [ego_subscriber]: Received from TM_8 | Latency: 0.41 ms
[INFO] [1790670235.947984388] [ego_subscriber]: Received from TM_6 | Latency: 0.59 ms
[INFO] [1790670235.949424790] [ego_subscriber]: Received from TM_2 | Latency: 0.61 ms
[INFO] [1790670235.951713456] [ego_subscriber]: Received from TM_1 | Latency: 0.38 ms
[INFO] [1790670235.954358027] [ego_subscriber]: Received from TM_7 | Latency: 0.62 ms
[INFO] [1790670235.962626712] [ego_subscriber]: Received from TM_6 | Latency: 0.49 ms
[INFO] [1790670235.969351773] [ego_subscriber]: Received from TM_2 | Latency: 0.68 ms
[INFO] [1790670235.970957043] [ego_subscriber]: Received from TM_5 | Latency: 0.51 ms
[INFO] [1790670235.978521378] [ego_subscriber]: Received from TM_7 | Latency: 0.53 ms
[INFO] [1790670235.978614970] [ego_subscriber]: Received from TM_8 | Latency: 0.54 ms
[INFO] [1790670235.980181319] [ego_subscriber]: Received from TM_6 | Latency: 0.49 ms
[INFO] [1790670235.994486034] [ego_subscriber]: Received from TM_9 | Latency: 1.22 ms
[INFO] [1790670235.996774972] [ego_subscriber]: Received from TM_9 | Latency: 0.51 ms
[INFO] [1790670236.002499135] [ego_subscriber]: Received from TM_7 | Latency: 0.48 ms
[INFO] [1790670236.009864514] [ego_subscriber]: Received from TM_4 | Latency: 0.71 ms
[INFO] [1790670236.011057105] [ego_subscriber]: Received from TM_5 | Latency: 0.37 ms
[INFO] [1790670236.045844228] [ego_subscriber]: Received from TM_3 | Latency: 1.00 ms
[INFO] [1790670236.045967634] [ego_subscriber]: Received from TM_5 | Latency: 0.72 ms
[INFO] [1790670236.047833507] [ego_subscriber]: Received from TM_6 | Latency: 0.43 ms
[INFO] [1790670236.047901526] [ego_subscriber]: Received from TM_8 | Latency: 0.46 ms
[INFO] [1790670236.049399152] [ego_subscriber]: Received from TM_2 | Latency: 0.51 ms
[INFO] [1790670236.051804116] [ego_subscriber]: Received from TM_1 | Latency: 0.46 ms
[INFO] [1790670236.054125752] [ego_subscriber]: Received from TM_7 | Latency: 0.37 ms
[INFO] [1790670236.062677539] [ego_subscriber]: Received from TM_6 | Latency: 0.57 ms
[INFO] [1790670236.069327614] [ego_subscriber]: Received from TM_2 | Latency: 0.65 ms
[INFO] [1790670236.070887034] [ego_subscriber]: Received from TM_5 | Latency: 0.45 ms
[INFO] [1790670236.078679779] [ego_subscriber]: Received from TM_7 | Latency: 0.74 ms
[INFO] [1790670236.078801020] [ego_subscriber]: Received from TM_8 | Latency: 0.75 ms
[INFO] [1790670236.080052313] [ego_subscriber]: Received from TM_6 | Latency: 0.36 ms
[INFO] [1790670236.090215567] [ego_subscriber]: Received from TM_1 | Latency: 0.33 ms
[INFO] [1790670236.094019135] [ego_subscriber]: Received from TM_9 | Latency: 0.75 ms
[INFO] [1790670236.096750059] [ego_subscriber]: Received from TM_9 | Latency: 0.39 ms
[INFO] [1790670236.102619521] [ego_subscriber]: Received from TM_7 | Latency: 0.62 ms
[INFO] [1790670236.109533792] [ego_subscriber]: Received from TM_4 | Latency: 0.43 ms
[INFO] [1790670236.111573465] [ego_subscriber]: Received from TM_5 | Latency: 0.87 ms
[INFO] [1790670236.145651026] [ego_subscriber]: Received from TM_3 | Latency: 0.80 ms
[INFO] [1790670236.145754153] [ego_subscriber]: Received from TM_5 | Latency: 0.51 ms
[INFO] [1790670236.148155269] [ego_subscriber]: Received from TM_6 | Latency: 0.72 ms
[INFO] [1790670236.148219667] [ego_subscriber]: Received from TM_8 | Latency: 0.76 ms
[INFO] [1790670236.149248123] [ego_subscriber]: Received from TM_2 | Latency: 0.48 ms
[INFO] [1790670236.151797971] [ego_subscriber]: Received from TM_1 | Latency: 0.46 ms
[INFO] [1790670236.154266640] [ego_subscriber]: Received from TM_7 | Latency: 0.50 ms
[INFO] [1790670236.162969143] [ego_subscriber]: Received from TM_6 | Latency: 0.82 ms
[INFO] [1790670236.169436985] [ego_subscriber]: Received from TM_2 | Latency: 0.74 ms
[INFO] [1790670236.171061065] [ego_subscriber]: Received from TM_5 | Latency: 0.64 ms
[INFO] [1790670236.178644185] [ego_subscriber]: Received from TM_7 | Latency: 0.66 ms
[INFO] [1790670236.178746439] [ego_subscriber]: Received from TM_8 | Latency: 0.68 ms
[INFO] [1790670236.180025414] [ego_subscriber]: Received from TM_6 | Latency: 0.31 ms
[INFO] [1790670236.185433469] [ego_subscriber]: Received from TM_1 | Latency: 0.33 ms
[INFO] [1790670236.190192107] [ego_subscriber]: Received from TM_1 | Latency: 0.30 ms
[INFO] [1790670236.193686986] [ego_subscriber]: Received from TM_9 | Latency: 0.41 ms
[INFO] [1790670236.196752947] [ego_subscriber]: Received from TM_9 | Latency: 0.37 ms
[INFO] [1790670236.202519863] [ego_subscriber]: Received from TM_7 | Latency: 0.46 ms
[INFO] [1790670236.209717492] [ego_subscriber]: Received from TM_4 | Latency: 0.57 ms
[INFO] [1790670236.211106633] [ego_subscriber]: Received from TM_5 | Latency: 0.39 ms
[INFO] [1790670236.245456476] [ego_subscriber]: Received from TM_3 | Latency: 0.54 ms
[INFO] [1790670236.245651376] [ego_subscriber]: Received from TM_5 | Latency: 0.42 ms
[INFO] [1790670236.247807114] [ego_subscriber]: Received from TM_8 | Latency: 0.35 ms
[INFO] [1790670236.247877243] [ego_subscriber]: Received from TM_6 | Latency: 0.42 ms
[INFO] [1790670236.249136624] [ego_subscriber]: Received from TM_2 | Latency: 0.43 ms
[INFO] [1790670236.251756881] [ego_subscriber]: Received from TM_1 | Latency: 0.37 ms
[INFO] [1790670236.254198820] [ego_subscriber]: Received from TM_7 | Latency: 0.35 ms
[INFO] [1790670236.262636646] [ego_subscriber]: Received from TM_6 | Latency: 0.48 ms
[INFO] [1790670236.269166789] [ego_subscriber]: Received from TM_2 | Latency: 0.54 ms
[INFO] [1790670236.270724888] [ego_subscriber]: Received from TM_5 | Latency: 0.36 ms
[INFO] [1790670236.279144176] [ego_subscriber]: Received from TM_7 | Latency: 1.28 ms
[INFO] [1790670236.279293590] [ego_subscriber]: Received from TM_8 | Latency: 1.28 ms
[INFO] [1790670236.282578083] [ego_subscriber]: Received from TM_6 | Latency: 2.91 ms
[INFO] [1790670236.286126777] [ego_subscriber]: Received from TM_4 | Latency: 7.83 ms
[INFO] [1790670236.286250009] [ego_subscriber]: Received from TM_4 | Latency: 1.61 ms
[INFO] [1790670236.286312931] [ego_subscriber]: Received from TM_1 | Latency: 1.27 ms
[INFO] [1790670236.290438025] [ego_subscriber]: Received from TM_1 | Latency: 0.57 ms
[INFO] [1790670236.293658121] [ego_subscriber]: Received from TM_9 | Latency: 0.36 ms
[INFO] [1790670236.297047805] [ego_subscriber]: Received from TM_9 | Latency: 0.68 ms
[INFO] [1790670236.302371621] [ego_subscriber]: Received from TM_7 | Latency: 0.36 ms
[INFO] [1790670236.309911332] [ego_subscriber]: Received from TM_4 | Latency: 0.74 ms
[INFO] [1790670236.311394132] [ego_subscriber]: Received from TM_5 | Latency: 0.65 ms
[INFO] [1790670236.311704507] [ego_subscriber]: Received from TM_3 | Latency: 6.01 ms
[INFO] [1790670236.345696415] [ego_subscriber]: Received from TM_3 | Latency: 0.72 ms
[INFO] [1790670236.345982519] [ego_subscriber]: Received from TM_5 | Latency: 0.74 ms
[INFO] [1790670236.348081210] [ego_subscriber]: Received from TM_8 | Latency: 0.62 ms
[INFO] [1790670236.348181903] [ego_subscriber]: Received from TM_6 | Latency: 0.69 ms
[INFO] [1790670236.349699307] [ego_subscriber]: Received from TM_2 | Latency: 0.72 ms
[INFO] [1790670236.351887054] [ego_subscriber]: Received from TM_1 | Latency: 0.53 ms
[INFO] [1790670236.354338164] [ego_subscriber]: Received from TM_7 | Latency: 0.54 ms
[INFO] [1790670236.362517947] [ego_subscriber]: Received from TM_6 | Latency: 0.37 ms
[INFO] [1790670236.369216716] [ego_subscriber]: Received from TM_2 | Latency: 0.43 ms
[INFO] [1790670236.370817870] [ego_subscriber]: Received from TM_5 | Latency: 0.41 ms
[INFO] [1790670236.371746685] [ego_subscriber]: Received from TM_9 | Latency: 6.04 ms
[INFO] [1790670236.378632709] [ego_subscriber]: Received from TM_7 | Latency: 0.70 ms
[INFO] [1790670236.378751994] [ego_subscriber]: Received from TM_8 | Latency: 0.66 ms
[INFO] [1790670236.378798358] [ego_subscriber]: Received from TM_4 | Latency: 0.53 ms
[INFO] [1790670236.380154222] [ego_subscriber]: Received from TM_6 | Latency: 0.43 ms
[INFO] [1790670236.385093660] [ego_subscriber]: Received from TM_4 | Latency: 0.43 ms
[INFO] [1790670236.385497968] [ego_subscriber]: Received from TM_1 | Latency: 0.36 ms
[INFO] [1790670236.390469351] [ego_subscriber]: Received from TM_1 | Latency: 0.56 ms
[INFO] [1790670236.395045552] [ego_subscriber]: Received from TM_9 | Latency: 1.75 ms
[INFO] [1790670236.397269634] [ego_subscriber]: Received from TM_9 | Latency: 0.94 ms
[INFO] [1790670236.402410135] [ego_subscriber]: Received from TM_7 | Latency: 0.38 ms
[INFO] [1790670236.406294197] [ego_subscriber]: Received from TM_3 | Latency: 0.59 ms
[INFO] [1790670236.409527547] [ego_subscriber]: Received from TM_4 | Latency: 0.32 ms
[INFO] [1790670236.411302144] [ego_subscriber]: Received from TM_5 | Latency: 0.52 ms
[INFO] [1790670236.425014837] [ego_subscriber]: Received from TM_8 | Latency: 0.63 ms
[INFO] [1790670236.445490040] [ego_subscriber]: Received from TM_3 | Latency: 0.54 ms
[INFO] [1790670236.445754803] [ego_subscriber]: Received from TM_5 | Latency: 0.46 ms
[INFO] [1790670236.447895625] [ego_subscriber]: Received from TM_8 | Latency: 0.43 ms
[INFO] [1790670236.448004322] [ego_subscriber]: Received from TM_6 | Latency: 0.53 ms
[INFO] [1790670236.449257162] [ego_subscriber]: Received from TM_2 | Latency: 0.57 ms
[INFO] [1790670236.453408253] [ego_subscriber]: Received from TM_1 | Latency: 1.92 ms
[INFO] [1790670236.454116320] [ego_subscriber]: Received from TM_7 | Latency: 0.35 ms
[INFO] [1790670236.462533219] [ego_subscriber]: Received from TM_6 | Latency: 0.38 ms
[INFO] [1790670236.466237197] [ego_subscriber]: Received from TM_9 | Latency: 0.57 ms
[INFO] [1790670236.468986082] [ego_subscriber]: Received from TM_2 | Latency: 0.33 ms
[INFO] [1790670236.470741748] [ego_subscriber]: Received from TM_5 | Latency: 0.33 ms
[INFO] [1790670236.478336013] [ego_subscriber]: Received from TM_7 | Latency: 0.44 ms
[INFO] [1790670236.478779848] [ego_subscriber]: Received from TM_8 | Latency: 0.72 ms
[INFO] [1790670236.478823989] [ego_subscriber]: Received from TM_4 | Latency: 0.54 ms
[INFO] [1790670236.479961967] [ego_subscriber]: Received from TM_6 | Latency: 0.24 ms
[INFO] [1790670236.485287167] [ego_subscriber]: Received from TM_4 | Latency: 0.62 ms
[INFO] [1790670236.485429961] [ego_subscriber]: Received from TM_1 | Latency: 0.30 ms
[INFO] [1790670236.488097667] [ego_subscriber]: Received from TM_3 | Latency: 1.05 ms
[INFO] [1790670236.490379274] [ego_subscriber]: Received from TM_1 | Latency: 0.47 ms
[INFO] [1790670236.490514041] [ego_subscriber]: Received from TM_2 | Latency: 0.55 ms
[INFO] [1790670236.493840825] [ego_subscriber]: Received from TM_9 | Latency: 0.58 ms
[INFO] [1790670236.496660730] [ego_subscriber]: Received from TM_9 | Latency: 0.38 ms
[INFO] [1790670236.502649865] [ego_subscriber]: Received from TM_7 | Latency: 0.62 ms
[INFO] [1790670236.506082177] [ego_subscriber]: Received from TM_3 | Latency: 0.43 ms
[INFO] [1790670236.509785691] [ego_subscriber]: Received from TM_4 | Latency: 0.60 ms
[INFO] [1790670236.511153102] [ego_subscriber]: Received from TM_5 | Latency: 0.39 ms
[INFO] [1790670236.525007335] [ego_subscriber]: Received from TM_8 | Latency: 0.62 ms
[INFO] [1790670236.545551677] [ego_subscriber]: Received from TM_3 | Latency: 0.63 ms
[INFO] [1790670236.545642303] [ego_subscriber]: Received from TM_5 | Latency: 0.39 ms
[INFO] [1790670236.547944884] [ego_subscriber]: Received from TM_8 | Latency: 0.47 ms
[INFO] [1790670236.548038992] [ego_subscriber]: Received from TM_6 | Latency: 0.56 ms
[INFO] [1790670236.549256216] [ego_subscriber]: Received from TM_2 | Latency: 0.50 ms
[INFO] [1790670236.551771547] [ego_subscriber]: Received from TM_1 | Latency: 0.40 ms
[INFO] [1790670236.554337347] [ego_subscriber]: Received from TM_7 | Latency: 0.41 ms
[INFO] [1790670236.562622596] [ego_subscriber]: Received from TM_6 | Latency: 0.45 ms
[INFO] [1790670236.566155827] [ego_subscriber]: Received from TM_9 | Latency: 0.45 ms
[INFO] [1790670236.569264264] [ego_subscriber]: Received from TM_2 | Latency: 0.43 ms
[INFO] [1790670236.570845630] [ego_subscriber]: Received from TM_5 | Latency: 0.39 ms
[INFO] [1790670236.578467710] [ego_subscriber]: Received from TM_7 | Latency: 0.54 ms
[INFO] [1790670236.578597574] [ego_subscriber]: Received from TM_8 | Latency: 0.53 ms
[INFO] [1790670236.578731844] [ego_subscriber]: Received from TM_4 | Latency: 0.43 ms
[INFO] [1790670236.580020308] [ego_subscriber]: Received from TM_6 | Latency: 0.29 ms
[INFO] [1790670236.585102985] [ego_subscriber]: Received from TM_4 | Latency: 0.44 ms
[INFO] [1790670236.585494102] [ego_subscriber]: Received from TM_1 | Latency: 0.35 ms
[INFO] [1790670236.587812799] [ego_subscriber]: Received from TM_3 | Latency: 0.77 ms
[INFO] [1790670236.590158461] [ego_subscriber]: Received from TM_2 | Latency: 0.35 ms
[INFO] [1790670236.590221711] [ego_subscriber]: Received from TM_1 | Latency: 0.34 ms
[INFO] [1790670236.593693002] [ego_subscriber]: Received from TM_9 | Latency: 0.43 ms
[INFO] [1790670236.596786073] [ego_subscriber]: Received from TM_9 | Latency: 0.43 ms
[INFO] [1790670236.602514786] [ego_subscriber]: Received from TM_7 | Latency: 0.47 ms
[INFO] [1790670236.606230401] [ego_subscriber]: Received from TM_3 | Latency: 0.56 ms
[INFO] [1790670236.609621290] [ego_subscriber]: Received from TM_4 | Latency: 0.44 ms
[INFO] [1790670236.611189192] [ego_subscriber]: Received from TM_5 | Latency: 0.45 ms
[INFO] [1790670236.625056982] [ego_subscriber]: Received from TM_8 | Latency: 0.67 ms
[INFO] [1790670236.645305316] [ego_subscriber]: Received from TM_3 | Latency: 0.44 ms
[INFO] [1790670236.645532351] [ego_subscriber]: Received from TM_5 | Latency: 0.32 ms
[INFO] [1790670236.648132796] [ego_subscriber]: Received from TM_8 | Latency: 0.67 ms
[INFO] [1790670236.648190145] [ego_subscriber]: Received from TM_6 | Latency: 0.72 ms
[INFO] [1790670236.649365322] [ego_subscriber]: Received from TM_2 | Latency: 0.54 ms
[INFO] [1790670236.651996198] [ego_subscriber]: Received from TM_1 | Latency: 0.64 ms
[INFO] [1790670236.654280090] [ego_subscriber]: Received from TM_7 | Latency: 0.44 ms
[INFO] [1790670236.662808448] [ego_subscriber]: Received from TM_6 | Latency: 0.64 ms
[INFO] [1790670236.666175654] [ego_subscriber]: Received from TM_9 | Latency: 0.47 ms
[INFO] [1790670236.669460582] [ego_subscriber]: Received from TM_2 | Latency: 0.63 ms
[INFO] [1790670236.670950997] [ego_subscriber]: Received from TM_5 | Latency: 0.47 ms
[INFO] [1790670236.678513016] [ego_subscriber]: Received from TM_7 | Latency: 0.61 ms
[INFO] [1790670236.678690909] [ego_subscriber]: Received from TM_8 | Latency: 0.57 ms
[INFO] [1790670236.679048283] [ego_subscriber]: Received from TM_4 | Latency: 0.72 ms
[INFO] [1790670236.680183494] [ego_subscriber]: Received from TM_6 | Latency: 0.43 ms
[INFO] [1790670236.685392455] [ego_subscriber]: Received from TM_4 | Latency: 0.69 ms
[INFO] [1790670236.685613437] [ego_subscriber]: Received from TM_1 | Latency: 0.47 ms
[INFO] [1790670236.687422191] [ego_subscriber]: Received from TM_3 | Latency: 0.39 ms
[INFO] [1790670236.690435062] [ego_subscriber]: Received from TM_2 | Latency: 0.59 ms
[INFO] [1790670236.690495796] [ego_subscriber]: Received from TM_1 | Latency: 0.58 ms
[INFO] [1790670236.693851778] [ego_subscriber]: Received from TM_9 | Latency: 0.54 ms
[INFO] [1790670236.696672977] [ego_subscriber]: Received from TM_9 | Latency: 0.32 ms
[INFO] [1790670236.702664460] [ego_subscriber]: Received from TM_7 | Latency: 0.61 ms
[INFO] [1790670236.706329804] [ego_subscriber]: Received from TM_3 | Latency: 0.59 ms
[INFO] [1790670236.709851360] [ego_subscriber]: Received from TM_4 | Latency: 0.66 ms
[INFO] [1790670236.711305442] [ego_subscriber]: Received from TM_5 | Latency: 0.55 ms
[INFO] [1790670236.724884219] [ego_subscriber]: Received from TM_8 | Latency: 0.50 ms
[INFO] [1790670236.745682431] [ego_subscriber]: Received from TM_3 | Latency: 0.79 ms
[INFO] [1790670236.745761836] [ego_subscriber]: Received from TM_5 | Latency: 0.53 ms
[INFO] [1790670236.748155220] [ego_subscriber]: Received from TM_6 | Latency: 0.65 ms
[INFO] [1790670236.748217757] [ego_subscriber]: Received from TM_8 | Latency: 0.72 ms
[INFO] [1790670236.749342339] [ego_subscriber]: Received from TM_2 | Latency: 0.53 ms
[INFO] [1790670236.751961686] [ego_subscriber]: Received from TM_1 | Latency: 0.59 ms
[INFO] [1790670236.754352097] [ego_subscriber]: Received from TM_7 | Latency: 0.54 ms
[INFO] [1790670236.762859295] [ego_subscriber]: Received from TM_6 | Latency: 0.67 ms
[INFO] [1790670236.766326952] [ego_subscriber]: Received from TM_9 | Latency: 0.64 ms
[INFO] [1790670236.769444443] [ego_subscriber]: Received from TM_2 | Latency: 0.60 ms
[INFO] [1790670236.770996339] [ego_subscriber]: Received from TM_5 | Latency: 0.57 ms
[INFO] [1790670236.778482940] [ego_subscriber]: Received from TM_7 | Latency: 0.53 ms
[INFO] [1790670236.778860368] [ego_subscriber]: Received from TM_8 | Latency: 0.74 ms
[INFO] [1790670236.778957359] [ego_subscriber]: Received from TM_4 | Latency: 0.66 ms
[INFO] [1790670236.780242249] [ego_subscriber]: Received from TM_6 | Latency: 0.50 ms
[INFO] [1790670236.785258268] [ego_subscriber]: Received from TM_4 | Latency: 0.59 ms
[INFO] [1790670236.785591501] [ego_subscriber]: Received from TM_1 | Latency: 0.44 ms
[INFO] [1790670236.788026612] [ego_subscriber]: Received from TM_3 | Latency: 0.92 ms
[INFO] [1790670236.790441461] [ego_subscriber]: Received from TM_2 | Latency: 0.61 ms
[INFO] [1790670236.790501875] [ego_subscriber]: Received from TM_1 | Latency: 0.59 ms
[INFO] [1790670236.793742146] [ego_subscriber]: Received from TM_9 | Latency: 0.47 ms
[INFO] [1790670236.796661270] [ego_subscriber]: Received from TM_9 | Latency: 0.30 ms
[INFO] [1790670236.802495651] [ego_subscriber]: Received from TM_7 | Latency: 0.40 ms
[INFO] [1790670236.806087898] [ego_subscriber]: Received from TM_3 | Latency: 0.43 ms
[INFO] [1790670236.809624996] [ego_subscriber]: Received from TM_4 | Latency: 0.44 ms
[INFO] [1790670236.811203952] [ego_subscriber]: Received from TM_5 | Latency: 0.46 ms
[INFO] [1790670236.824874212] [ego_subscriber]: Received from TM_8 | Latency: 0.47 ms
[INFO] [1790670236.845491517] [ego_subscriber]: Received from TM_3 | Latency: 0.59 ms
[INFO] [1790670236.845632222] [ego_subscriber]: Received from TM_5 | Latency: 0.39 ms
[INFO] [1790670236.848182418] [ego_subscriber]: Received from TM_6 | Latency: 0.70 ms
[INFO] [1790670236.848244881] [ego_subscriber]: Received from TM_8 | Latency: 0.76 ms
[INFO] [1790670236.849235212] [ego_subscriber]: Received from TM_2 | Latency: 0.45 ms
[INFO] [1790670236.851725857] [ego_subscriber]: Received from TM_1 | Latency: 0.37 ms
[INFO] [1790670236.854297677] [ego_subscriber]: Received from TM_7 | Latency: 0.47 ms
[INFO] [1790670236.862657215] [ego_subscriber]: Received from TM_6 | Latency: 0.46 ms
[INFO] [1790670236.866097832] [ego_subscriber]: Received from TM_9 | Latency: 0.40 ms
[INFO] [1790670236.869522145] [ego_subscriber]: Received from TM_2 | Latency: 0.67 ms
[INFO] [1790670236.871027604] [ego_subscriber]: Received from TM_5 | Latency: 0.59 ms
[INFO] [1790670236.878459976] [ego_subscriber]: Received from TM_7 | Latency: 0.49 ms
[INFO] [1790670236.879010481] [ego_subscriber]: Received from TM_8 | Latency: 0.90 ms
[INFO] [1790670236.879069489] [ego_subscriber]: Received from TM_4 | Latency: 0.76 ms
[INFO] [1790670236.880104242] [ego_subscriber]: Received from TM_6 | Latency: 0.32 ms
[INFO] [1790670236.885086998] [ego_subscriber]: Received from TM_4 | Latency: 0.41 ms
[INFO] [1790670236.885554528] [ego_subscriber]: Received from TM_1 | Latency: 0.39 ms
[INFO] [1790670236.887520890] [ego_subscriber]: Received from TM_3 | Latency: 0.47 ms
[INFO] [1790670236.890497926] [ego_subscriber]: Received from TM_2 | Latency: 0.65 ms
[INFO] [1790670236.890564358] [ego_subscriber]: Received from TM_1 | Latency: 0.65 ms
[INFO] [1790670236.893741814] [ego_subscriber]: Received from TM_9 | Latency: 0.46 ms
[INFO] [1790670236.896691533] [ego_subscriber]: Received from TM_9 | Latency: 0.34 ms
[INFO] [1790670236.902494624] [ego_subscriber]: Received from TM_7 | Latency: 0.41 ms
[INFO] [1790670236.906114027] [ego_subscriber]: Received from TM_3 | Latency: 0.46 ms
[INFO] [1790670236.909709955] [ego_subscriber]: Received from TM_4 | Latency: 0.53 ms
[INFO] [1790670236.911083773] [ego_subscriber]: Received from TM_5 | Latency: 0.34 ms
[INFO] [1790670236.924890450] [ego_subscriber]: Received from TM_8 | Latency: 0.48 ms
[INFO] [1790670236.945712210] [ego_subscriber]: Received from TM_3 | Latency: 0.82 ms
[INFO] [1790670236.945796239] [ego_subscriber]: Received from TM_5 | Latency: 0.56 ms
[INFO] [1790670236.947840126] [ego_subscriber]: Received from TM_6 | Latency: 0.35 ms
[INFO] [1790670236.947978756] [ego_subscriber]: Received from TM_8 | Latency: 0.49 ms
[INFO] [1790670236.949158751] [ego_subscriber]: Received from TM_2 | Latency: 0.35 ms
[INFO] [1790670236.951781590] [ego_subscriber]: Received from TM_1 | Latency: 0.41 ms
[INFO] [1790670236.954215062] [ego_subscriber]: Received from TM_7 | Latency: 0.35 ms
[INFO] [1790670236.962753723] [ego_subscriber]: Received from TM_6 | Latency: 0.53 ms
[INFO] [1790670236.966179348] [ego_subscriber]: Received from TM_9 | Latency: 0.50 ms
[INFO] [1790670236.969466376] [ego_subscriber]: Received from TM_2 | Latency: 0.63 ms
[INFO] [1790670236.970881781] [ego_subscriber]: Received from TM_5 | Latency: 0.44 ms
[INFO] [1790670236.978767788] [ego_subscriber]: Received from TM_7 | Latency: 0.76 ms
[INFO] [1790670236.978882871] [ego_subscriber]: Received from TM_8 | Latency: 0.75 ms
[INFO] [1790670236.978950862] [ego_subscriber]: Received from TM_4 | Latency: 0.64 ms
[INFO] [1790670236.980301118] [ego_subscriber]: Received from TM_6 | Latency: 0.52 ms
[INFO] [1790670236.985199282] [ego_subscriber]: Received from TM_4 | Latency: 0.49 ms
[INFO] [1790670236.985478294] [ego_subscriber]: Received from TM_1 | Latency: 0.33 ms
[INFO] [1790670236.987830122] [ego_subscriber]: Received from TM_3 | Latency: 0.75 ms
[INFO] [1790670236.990243710] [ego_subscriber]: Received from TM_2 | Latency: 0.38 ms
[INFO] [1790670236.990363501] [ego_subscriber]: Received from TM_1 | Latency: 0.38 ms
[INFO] [1790670236.993756980] [ego_subscriber]: Received from TM_9 | Latency: 0.46 ms
[INFO] [1790670236.997003936] [ego_subscriber]: Received from TM_9 | Latency: 0.63 ms
[INFO] [1790670237.002696994] [ego_subscriber]: Received from TM_7 | Latency: 0.62 ms
[INFO] [1790670237.006172545] [ego_subscriber]: Received from TM_3 | Latency: 0.52 ms
[INFO] [1790670237.009665854] [ego_subscriber]: Received from TM_4 | Latency: 0.50 ms
[INFO] [1790670237.011215836] [ego_subscriber]: Received from TM_5 | Latency: 0.46 ms
[INFO] [1790670237.025243257] [ego_subscriber]: Received from TM_8 | Latency: 0.83 ms
[INFO] [1790670237.045648123] [ego_subscriber]: Received from TM_3 | Latency: 0.78 ms
[INFO] [1790670237.045746713] [ego_subscriber]: Received from TM_5 | Latency: 0.48 ms
[INFO] [1790670237.047969657] [ego_subscriber]: Received from TM_6 | Latency: 0.41 ms
[INFO] [1790670237.048102528] [ego_subscriber]: Received from TM_8 | Latency: 0.60 ms
[INFO] [1790670237.049336038] [ego_subscriber]: Received from TM_2 | Latency: 0.54 ms
[INFO] [1790670237.052110714] [ego_subscriber]: Received from TM_1 | Latency: 0.70 ms
[INFO] [1790670237.054315798] [ego_subscriber]: Received from TM_7 | Latency: 0.48 ms
[INFO] [1790670237.063456397] [ego_subscriber]: Received from TM_6 | Latency: 1.11 ms
[INFO] [1790670237.066424003] [ego_subscriber]: Received from TM_9 | Latency: 0.75 ms
[INFO] [1790670237.069546624] [ego_subscriber]: Received from TM_2 | Latency: 0.70 ms
[INFO] [1790670237.071064062] [ego_subscriber]: Received from TM_5 | Latency: 0.63 ms
[INFO] [1790670237.078393066] [ego_subscriber]: Received from TM_7 | Latency: 0.41 ms
[INFO] [1790670237.078886999] [ego_subscriber]: Received from TM_8 | Latency: 0.73 ms
[INFO] [1790670237.079007230] [ego_subscriber]: Received from TM_4 | Latency: 0.70 ms
[INFO] [1790670237.080064660] [ego_subscriber]: Received from TM_6 | Latency: 0.26 ms
[INFO] [1790670237.085160833] [ego_subscriber]: Received from TM_4 | Latency: 0.49 ms
[INFO] [1790670237.085494974] [ego_subscriber]: Received from TM_1 | Latency: 0.33 ms
[INFO] [1790670237.087786511] [ego_subscriber]: Received from TM_3 | Latency: 0.58 ms
[INFO] [1790670237.090428582] [ego_subscriber]: Received from TM_2 | Latency: 0.58 ms
[INFO] [1790670237.090482897] [ego_subscriber]: Received from TM_1 | Latency: 0.57 ms
[INFO] [1790670237.093685309] [ego_subscriber]: Received from TM_9 | Latency: 0.40 ms
[INFO] [1790670237.096722718] [ego_subscriber]: Received from TM_9 | Latency: 0.36 ms
[INFO] [1790670237.102710286] [ego_subscriber]: Received from TM_7 | Latency: 0.60 ms
[INFO] [1790670237.106114232] [ego_subscriber]: Received from TM_3 | Latency: 0.42 ms
[INFO] [1790670237.109686652] [ego_subscriber]: Received from TM_4 | Latency: 0.52 ms
[INFO] [1790670237.111129121] [ego_subscriber]: Received from TM_5 | Latency: 0.36 ms
[INFO] [1790670237.125173634] [ego_subscriber]: Received from TM_8 | Latency: 0.76 ms
[INFO] [1790670237.145465329] [ego_subscriber]: Received from TM_3 | Latency: 0.55 ms
[INFO] [1790670237.145775351] [ego_subscriber]: Received from TM_5 | Latency: 0.52 ms
[INFO] [1790670237.147880482] [ego_subscriber]: Received from TM_6 | Latency: 0.36 ms
[INFO] [1790670237.148217577] [ego_subscriber]: Received from TM_8 | Latency: 0.68 ms
[INFO] [1790670237.149190058] [ego_subscriber]: Received from TM_2 | Latency: 0.35 ms
[INFO] [1790670237.151911977] [ego_subscriber]: Received from TM_1 | Latency: 0.53 ms
[INFO] [1790670237.154255517] [ego_subscriber]: Received from TM_7 | Latency: 0.36 ms
[INFO] [1790670237.162758406] [ego_subscriber]: Received from TM_6 | Latency: 0.51 ms
[INFO] [1790670237.166182733] [ego_subscriber]: Received from TM_9 | Latency: 0.49 ms
[INFO] [1790670237.169308881] [ego_subscriber]: Received from TM_2 | Latency: 0.46 ms
[INFO] [1790670237.170906712] [ego_subscriber]: Received from TM_5 | Latency: 0.46 ms
[INFO] [1790670237.178495458] [ego_subscriber]: Received from TM_7 | Latency: 0.50 ms
[INFO] [1790670237.178672483] [ego_subscriber]: Received from TM_8 | Latency: 0.50 ms
[INFO] [1790670237.178723035] [ego_subscriber]: Received from TM_4 | Latency: 0.41 ms
[INFO] [1790670237.180070289] [ego_subscriber]: Received from TM_6 | Latency: 0.27 ms
[INFO] [1790670237.185263504] [ego_subscriber]: Received from TM_4 | Latency: 0.58 ms
[INFO] [1790670237.185442693] [ego_subscriber]: Received from TM_1 | Latency: 0.31 ms
[INFO] [1790670237.187660415] [ego_subscriber]: Received from TM_3 | Latency: 0.60 ms
[INFO] [1790670237.190195689] [ego_subscriber]: Received from TM_1 | Latency: 0.26 ms
[INFO] [1790670237.190540253] [ego_subscriber]: Received from TM_2 | Latency: 0.64 ms
[INFO] [1790670237.193706609] [ego_subscriber]: Received from TM_9 | Latency: 0.38 ms
[INFO] [1790670237.196736509] [ego_subscriber]: Received from TM_9 | Latency: 0.37 ms
[INFO] [1790670237.202669807] [ego_subscriber]: Received from TM_7 | Latency: 0.56 ms
[INFO] [1790670237.206286005] [ego_subscriber]: Received from TM_3 | Latency: 0.53 ms
[INFO] [1790670237.209753069] [ego_subscriber]: Received from TM_4 | Latency: 0.58 ms
[INFO] [1790670237.211307102] [ego_subscriber]: Received from TM_5 | Latency: 0.56 ms
[INFO] [1790670237.225365437] [ego_subscriber]: Received from TM_8 | Latency: 0.96 ms
[INFO] [1790670237.245775268] [ego_subscriber]: Received from TM_3 | Latency: 0.86 ms
[INFO] [1790670237.245881770] [ego_subscriber]: Received from TM_5 | Latency: 0.63 ms
[INFO] [1790670237.248119727] [ego_subscriber]: Received from TM_6 | Latency: 0.57 ms
[INFO] [1790670237.248308663] [ego_subscriber]: Received from TM_8 | Latency: 0.79 ms
[INFO] [1790670237.249425702] [ego_subscriber]: Received from TM_2 | Latency: 0.60 ms
[INFO] [1790670237.252096008] [ego_subscriber]: Received from TM_1 | Latency: 0.73 ms
[INFO] [1790670237.254368799] [ego_subscriber]: Received from TM_7 | Latency: 0.46 ms
[INFO] [1790670237.262914246] [ego_subscriber]: Received from TM_6 | Latency: 0.66 ms
[INFO] [1790670237.266335047] [ego_subscriber]: Received from TM_9 | Latency: 0.64 ms
[INFO] [1790670237.269413305] [ego_subscriber]: Received from TM_2 | Latency: 0.63 ms
[INFO] [1790670237.271072943] [ego_subscriber]: Received from TM_5 | Latency: 0.62 ms
[INFO] [1790670237.278901780] [ego_subscriber]: Received from TM_7 | Latency: 0.90 ms
[INFO] [1790670237.279019852] [ego_subscriber]: Received from TM_8 | Latency: 0.89 ms
[INFO] [1790670237.279062155] [ego_subscriber]: Received from TM_4 | Latency: 0.74 ms
[INFO] [1790670237.280174914] [ego_subscriber]: Received from TM_6 | Latency: 0.37 ms
[INFO] [1790670237.285071772] [ego_subscriber]: Received from TM_4 | Latency: 0.40 ms
[INFO] [1790670237.285638614] [ego_subscriber]: Received from TM_1 | Latency: 0.43 ms
[INFO] [1790670237.287630619] [ego_subscriber]: Received from TM_3 | Latency: 0.59 ms
[INFO] [1790670237.290452237] [ego_subscriber]: Received from TM_2 | Latency: 0.59 ms
[INFO] [1790670237.290532557] [ego_subscriber]: Received from TM_1 | Latency: 0.60 ms
[INFO] [1790670237.293912847] [ego_subscriber]: Received from TM_9 | Latency: 0.60 ms
[INFO] [1790670237.296967140] [ego_subscriber]: Received from TM_9 | Latency: 0.57 ms
[INFO] [1790670237.302554378] [ego_subscriber]: Received from TM_7 | Latency: 0.40 ms
[INFO] [1790670237.306373696] [ego_subscriber]: Received from TM_3 | Latency: 0.66 ms
[INFO] [1790670237.309951088] [ego_subscriber]: Received from TM_4 | Latency: 0.73 ms
[INFO] [1790670237.311330618] [ego_subscriber]: Received from TM_5 | Latency: 0.58 ms
[INFO] [1790670237.325200359] [ego_subscriber]: Received from TM_8 | Latency: 0.79 ms
[INFO] [1790670237.345613022] [ego_subscriber]: Received from TM_3 | Latency: 0.69 ms
[INFO] [1790670237.345706231] [ego_subscriber]: Received from TM_5 | Latency: 0.42 ms
[INFO] [1790670237.348078876] [ego_subscriber]: Received from TM_6 | Latency: 0.58 ms
[INFO] [1790670237.348151395] [ego_subscriber]: Received from TM_8 | Latency: 0.63 ms
[INFO] [1790670237.349295036] [ego_subscriber]: Received from TM_2 | Latency: 0.46 ms
[INFO] [1790670237.351904132] [ego_subscriber]: Received from TM_1 | Latency: 0.53 ms
[INFO] [1790670237.354271748] [ego_subscriber]: Received from TM_7 | Latency: 0.37 ms
[INFO] [1790670237.363069470] [ego_subscriber]: Received from TM_6 | Latency: 0.80 ms
[INFO] [1790670237.366388942] [ego_subscriber]: Received from TM_9 | Latency: 0.67 ms
[INFO] [1790670237.369399382] [ego_subscriber]: Received from TM_2 | Latency: 0.59 ms
[INFO] [1790670237.371037495] [ego_subscriber]: Received from TM_5 | Latency: 0.61 ms
[INFO] [1790670237.378549244] [ego_subscriber]: Received from TM_7 | Latency: 0.52 ms
[INFO] [1790670237.378695205] [ego_subscriber]: Received from TM_8 | Latency: 0.52 ms
[INFO] [1790670237.378739429] [ego_subscriber]: Received from TM_4 | Latency: 0.46 ms
[INFO] [1790670237.380258323] [ego_subscriber]: Received from TM_6 | Latency: 0.42 ms
[INFO] [1790670237.385130646] [ego_subscriber]: Received from TM_4 | Latency: 0.46 ms
[INFO] [1790670237.385519228] [ego_subscriber]: Received from TM_1 | Latency: 0.33 ms
[INFO] [1790670237.387864523] [ego_subscriber]: Received from TM_3 | Latency: 0.77 ms
[INFO] [1790670237.390500768] [ego_subscriber]: Received from TM_2 | Latency: 0.66 ms
[INFO] [1790670237.390549450] [ego_subscriber]: Received from TM_1 | Latency: 0.64 ms
[INFO] [1790670237.393864755] [ego_subscriber]: Received from TM_9 | Latency: 0.58 ms
[INFO] [1790670237.396819648] [ego_subscriber]: Received from TM_9 | Latency: 0.40 ms
[INFO] [1790670237.402534460] [ego_subscriber]: Received from TM_7 | Latency: 0.40 ms
[INFO] [1790670237.406080751] [ego_subscriber]: Received from TM_3 | Latency: 0.37 ms
[INFO] [1790670237.409723044] [ego_subscriber]: Received from TM_4 | Latency: 0.55 ms
[INFO] [1790670237.411133905] [ego_subscriber]: Received from TM_5 | Latency: 0.38 ms
[INFO] [1790670237.425156346] [ego_subscriber]: Received from TM_8 | Latency: 0.72 ms
[INFO] [1790670237.445479626] [ego_subscriber]: Received from TM_3 | Latency: 0.54 ms
[INFO] [1790670237.445963595] [ego_subscriber]: Received from TM_5 | Latency: 0.70 ms
[INFO] [1790670237.447999461] [ego_subscriber]: Received from TM_8 | Latency: 0.44 ms
[INFO] [1790670237.448108392] [ego_subscriber]: Received from TM_6 | Latency: 0.55 ms
[INFO] [1790670237.449748421] [ego_subscriber]: Received from TM_2 | Latency: 0.63 ms
[INFO] [1790670237.452130036] [ego_subscriber]: Received from TM_1 | Latency: 0.76 ms
[INFO] [1790670237.454346776] [ego_subscriber]: Received from TM_7 | Latency: 0.39 ms
[INFO] [1790670237.462685367] [ego_subscriber]: Received from TM_6 | Latency: 0.41 ms
[INFO] [1790670237.466149591] [ego_subscriber]: Received from TM_9 | Latency: 0.46 ms
[INFO] [1790670237.469687179] [ego_subscriber]: Received from TM_2 | Latency: 0.88 ms
[INFO] [1790670237.470827249] [ego_subscriber]: Received from TM_5 | Latency: 0.37 ms
[INFO] [1790670237.478540523] [ego_subscriber]: Received from TM_7 | Latency: 0.39 ms
[INFO] [1790670237.478659112] [ego_subscriber]: Received from TM_8 | Latency: 0.48 ms
[INFO] [1790670237.478704475] [ego_subscriber]: Received from TM_4 | Latency: 0.38 ms
[INFO] [1790670237.480112905] [ego_subscriber]: Received from TM_6 | Latency: 0.30 ms
[INFO] [1790670237.485104699] [ego_subscriber]: Received from TM_4 | Latency: 0.44 ms
[INFO] [1790670237.485610596] [ego_subscriber]: Received from TM_1 | Latency: 0.44 ms
[INFO] [1790670237.487818129] [ego_subscriber]: Received from TM_3 | Latency: 0.72 ms
[INFO] [1790670237.490524328] [ego_subscriber]: Received from TM_2 | Latency: 0.65 ms
[INFO] [1790670237.490592825] [ego_subscriber]: Received from TM_1 | Latency: 0.69 ms
[INFO] [1790670237.493741686] [ego_subscriber]: Received from TM_9 | Latency: 0.43 ms
[INFO] [1790670237.496974289] [ego_subscriber]: Received from TM_9 | Latency: 0.58 ms
[INFO] [1790670237.502624758] [ego_subscriber]: Received from TM_7 | Latency: 0.49 ms
[INFO] [1790670237.506418310] [ego_subscriber]: Received from TM_3 | Latency: 0.69 ms
[INFO] [1790670237.509738804] [ego_subscriber]: Received from TM_4 | Latency: 0.54 ms
[INFO] [1790670237.511287654] [ego_subscriber]: Received from TM_5 | Latency: 0.53 ms
[INFO] [1790670237.525308100] [ego_subscriber]: Received from TM_8 | Latency: 0.83 ms
[INFO] [1790670237.545758102] [ego_subscriber]: Received from TM_3 | Latency: 0.77 ms
[INFO] [1790670237.545833457] [ego_subscriber]: Received from TM_5 | Latency: 0.56 ms
[INFO] [1790670237.547943594] [ego_subscriber]: Received from TM_8 | Latency: 0.38 ms
[INFO] [1790670237.548037490] [ego_subscriber]: Received from TM_6 | Latency: 0.48 ms
[INFO] [1790670237.549960447] [ego_subscriber]: Received from TM_2 | Latency: 0.67 ms
[INFO] [1790670237.551850082] [ego_subscriber]: Received from TM_1 | Latency: 0.43 ms
[INFO] [1790670237.554316017] [ego_subscriber]: Received from TM_7 | Latency: 0.39 ms
[INFO] [1790670237.562960695] [ego_subscriber]: Received from TM_6 | Latency: 0.67 ms
[INFO] [1790670237.566232508] [ego_subscriber]: Received from TM_9 | Latency: 0.56 ms
[INFO] [1790670237.569202032] [ego_subscriber]: Received from TM_2 | Latency: 0.37 ms
[INFO] [1790670237.571004442] [ego_subscriber]: Received from TM_5 | Latency: 0.56 ms
[INFO] [1790670237.578713352] [ego_subscriber]: Received from TM_7 | Latency: 0.69 ms
[INFO] [1790670237.578776573] [ego_subscriber]: Received from TM_8 | Latency: 0.62 ms
[INFO] [1790670237.578802444] [ego_subscriber]: Received from TM_4 | Latency: 0.50 ms
[INFO] [1790670237.580169315] [ego_subscriber]: Received from TM_6 | Latency: 0.35 ms
[INFO] [1790670237.585148364] [ego_subscriber]: Received from TM_4 | Latency: 0.47 ms
[INFO] [1790670237.585621950] [ego_subscriber]: Received from TM_1 | Latency: 0.45 ms
[INFO] [1790670237.587604568] [ego_subscriber]: Received from TM_3 | Latency: 0.51 ms
[INFO] [1790670237.590254310] [ego_subscriber]: Received from TM_2 | Latency: 0.36 ms
[INFO] [1790670237.590368720] [ego_subscriber]: Received from TM_1 | Latency: 0.41 ms
[INFO] [1790670237.593823259] [ego_subscriber]: Received from TM_9 | Latency: 0.50 ms
[INFO] [1790670237.596873587] [ego_subscriber]: Received from TM_9 | Latency: 0.52 ms
[INFO] [1790670237.602889244] [ego_subscriber]: Received from TM_7 | Latency: 0.69 ms
[INFO] [1790670237.606379012] [ego_subscriber]: Received from TM_3 | Latency: 0.67 ms
[INFO] [1790670237.609822060] [ego_subscriber]: Received from TM_4 | Latency: 0.66 ms
[INFO] [1790670237.611370085] [ego_subscriber]: Received from TM_5 | Latency: 0.63 ms
[INFO] [1790670237.625266547] [ego_subscriber]: Received from TM_8 | Latency: 0.81 ms
[INFO] [1790670237.645794348] [ego_subscriber]: Received from TM_3 | Latency: 0.84 ms
[INFO] [1790670237.645857929] [ego_subscriber]: Received from TM_5 | Latency: 0.67 ms
[INFO] [1790670237.648132824] [ego_subscriber]: Received from TM_8 | Latency: 0.57 ms
[INFO] [1790670237.648189033] [ego_subscriber]: Received from TM_6 | Latency: 0.62 ms
[INFO] [1790670237.649275385] [ego_subscriber]: Received from TM_2 | Latency: 0.45 ms
[INFO] [1790670237.651810524] [ego_subscriber]: Received from TM_1 | Latency: 0.44 ms
[INFO] [1790670237.654472808] [ego_subscriber]: Received from TM_7 | Latency: 0.52 ms
[INFO] [1790670237.663001005] [ego_subscriber]: Received from TM_6 | Latency: 0.70 ms
[INFO] [1790670237.666358886] [ego_subscriber]: Received from TM_9 | Latency: 0.60 ms
[INFO] [1790670237.669477207] [ego_subscriber]: Received from TM_2 | Latency: 0.59 ms
[INFO] [1790670237.671025440] [ego_subscriber]: Received from TM_5 | Latency: 0.56 ms
[INFO] [1790670237.678658662] [ego_subscriber]: Received from TM_7 | Latency: 0.57 ms
[INFO] [1790670237.679094418] [ego_subscriber]: Received from TM_8 | Latency: 0.89 ms
[INFO] [1790670237.679146128] [ego_subscriber]: Received from TM_4 | Latency: 0.84 ms
[INFO] [1790670237.680218073] [ego_subscriber]: Received from TM_6 | Latency: 0.37 ms
[INFO] [1790670237.685119117] [ego_subscriber]: Received from TM_4 | Latency: 0.42 ms
[INFO] [1790670237.685487697] [ego_subscriber]: Received from TM_1 | Latency: 0.27 ms
[INFO] [1790670237.687653400] [ego_subscriber]: Received from TM_3 | Latency: 0.52 ms
[INFO] [1790670237.690272269] [ego_subscriber]: Received from TM_2 | Latency: 0.39 ms
[INFO] [1790670237.690337894] [ego_subscriber]: Received from TM_1 | Latency: 0.41 ms
[INFO] [1790670237.693804980] [ego_subscriber]: Received from TM_9 | Latency: 0.51 ms
[INFO] [1790670237.696814509] [ego_subscriber]: Received from TM_9 | Latency: 0.43 ms
[INFO] [1790670237.702819971] [ego_subscriber]: Received from TM_7 | Latency: 0.67 ms
[INFO] [1790670237.706351930] [ego_subscriber]: Received from TM_3 | Latency: 0.63 ms
[INFO] [1790670237.709624133] [ego_subscriber]: Received from TM_4 | Latency: 0.42 ms
[INFO] [1790670237.711233878] [ego_subscriber]: Received from TM_5 | Latency: 0.45 ms
[INFO] [1790670237.725004575] [ego_subscriber]: Received from TM_8 | Latency: 0.54 ms
[INFO] [1790670237.745787097] [ego_subscriber]: Received from TM_3 | Latency: 0.78 ms
[INFO] [1790670237.746031896] [ego_subscriber]: Received from TM_5 | Latency: 0.76 ms
[INFO] [1790670237.748129394] [ego_subscriber]: Received from TM_8 | Latency: 0.56 ms
[INFO] [1790670237.748185885] [ego_subscriber]: Received from TM_6 | Latency: 0.59 ms
[INFO] [1790670237.749128686] [ego_subscriber]: Received from TM_2 | Latency: 0.32 ms
[INFO] [1790670237.751724346] [ego_subscriber]: Received from TM_1 | Latency: 0.32 ms
[INFO] [1790670237.754321883] [ego_subscriber]: Received from TM_7 | Latency: 0.39 ms
[INFO] [1790670237.762850925] [ego_subscriber]: Received from TM_6 | Latency: 0.54 ms
[INFO] [1790670237.766072944] [ego_subscriber]: Received from TM_9 | Latency: 0.38 ms
[INFO] [1790670237.769268456] [ego_subscriber]: Received from TM_2 | Latency: 0.41 ms
[INFO] [1790670237.770795793] [ego_subscriber]: Received from TM_5 | Latency: 0.35 ms
[INFO] [1790670237.778966579] [ego_subscriber]: Received from TM_7 | Latency: 0.88 ms
[INFO] [1790670237.779062299] [ego_subscriber]: Received from TM_8 | Latency: 0.83 ms
[INFO] [1790670237.779089660] [ego_subscriber]: Received from TM_4 | Latency: 0.78 ms
[INFO] [1790670237.780248249] [ego_subscriber]: Received from TM_6 | Latency: 0.40 ms
[INFO] [1790670237.785333534] [ego_subscriber]: Received from TM_4 | Latency: 0.65 ms
[INFO] [1790670237.785552720] [ego_subscriber]: Received from TM_1 | Latency: 0.39 ms
[INFO] [1790670237.787860050] [ego_subscriber]: Received from TM_3 | Latency: 0.70 ms
[INFO] [1790670237.790296962] [ego_subscriber]: Received from TM_2 | Latency: 0.38 ms
[INFO] [1790670237.790372581] [ego_subscriber]: Received from TM_1 | Latency: 0.44 ms
[INFO] [1790670237.793699568] [ego_subscriber]: Received from TM_9 | Latency: 0.40 ms
[INFO] [1790670237.796747659] [ego_subscriber]: Received from TM_9 | Latency: 0.36 ms
[INFO] [1790670237.802700440] [ego_subscriber]: Received from TM_7 | Latency: 0.49 ms
[INFO] [1790670237.806324927] [ego_subscriber]: Received from TM_3 | Latency: 0.58 ms
[INFO] [1790670237.809647126] [ego_subscriber]: Received from TM_4 | Latency: 0.45 ms
[INFO] [1790670237.811294960] [ego_subscriber]: Received from TM_5 | Latency: 0.54 ms
[INFO] [1790670237.825044468] [ego_subscriber]: Received from TM_8 | Latency: 0.55 ms
[INFO] [1790670237.845646764] [ego_subscriber]: Received from TM_3 | Latency: 0.67 ms
[INFO] [1790670237.845767310] [ego_subscriber]: Received from TM_5 | Latency: 0.50 ms
[INFO] [1790670237.848014366] [ego_subscriber]: Received from TM_8 | Latency: 0.44 ms
[INFO] [1790670237.848092212] [ego_subscriber]: Received from TM_6 | Latency: 0.50 ms
[INFO] [1790670237.849212893] [ego_subscriber]: Received from TM_2 | Latency: 0.33 ms
[INFO] [1790670237.851701312] [ego_subscriber]: Received from TM_1 | Latency: 0.32 ms
[INFO] [1790670237.854521283] [ego_subscriber]: Received from TM_7 | Latency: 0.52 ms
[INFO] [1790670237.862666512] [ego_subscriber]: Received from TM_6 | Latency: 0.37 ms
[INFO] [1790670237.866177418] [ego_subscriber]: Received from TM_9 | Latency: 0.45 ms
[INFO] [1790670237.869288599] [ego_subscriber]: Received from TM_2 | Latency: 0.42 ms
[INFO] [1790670237.870960397] [ego_subscriber]: Received from TM_5 | Latency: 0.50 ms
[INFO] [1790670237.878677382] [ego_subscriber]: Received from TM_7 | Latency: 0.56 ms
[INFO] [1790670237.878796654] [ego_subscriber]: Received from TM_8 | Latency: 0.63 ms
[INFO] [1790670237.878842123] [ego_subscriber]: Received from TM_4 | Latency: 0.52 ms
[INFO] [1790670237.880207099] [ego_subscriber]: Received from TM_6 | Latency: 0.33 ms
[INFO] [1790670237.885194309] [ego_subscriber]: Received from TM_4 | Latency: 0.52 ms
[INFO] [1790670237.885451332] [ego_subscriber]: Received from TM_1 | Latency: 0.26 ms
[INFO] [1790670237.887662856] [ego_subscriber]: Received from TM_3 | Latency: 0.51 ms
[INFO] [1790670237.890283551] [ego_subscriber]: Received from TM_1 | Latency: 0.39 ms
[INFO] [1790670237.890361902] [ego_subscriber]: Received from TM_2 | Latency: 0.46 ms
[INFO] [1790670237.893646668] [ego_subscriber]: Received from TM_9 | Latency: 0.35 ms
[INFO] [1790670237.896711815] [ego_subscriber]: Received from TM_9 | Latency: 0.34 ms
[INFO] [1790670237.902715090] [ego_subscriber]: Received from TM_7 | Latency: 0.52 ms
[INFO] [1790670237.906210356] [ego_subscriber]: Received from TM_3 | Latency: 0.49 ms
[INFO] [1790670237.909729038] [ego_subscriber]: Received from TM_4 | Latency: 0.54 ms
[INFO] [1790670237.911223263] [ego_subscriber]: Received from TM_5 | Latency: 0.46 ms
[INFO] [1790670237.925236498] [ego_subscriber]: Received from TM_8 | Latency: 0.78 ms
[INFO] [1790670237.945794275] [ego_subscriber]: Received from TM_3 | Latency: 0.81 ms
[INFO] [1790670237.945885480] [ego_subscriber]: Received from TM_5 | Latency: 0.62 ms
[INFO] [1790670237.948075663] [ego_subscriber]: Received from TM_8 | Latency: 0.50 ms
[INFO] [1790670237.948188930] [ego_subscriber]: Received from TM_6 | Latency: 0.61 ms
[INFO] [1790670237.949390517] [ego_subscriber]: Received from TM_2 | Latency: 0.53 ms
[INFO] [1790670237.951979729] [ego_subscriber]: Received from TM_1 | Latency: 0.59 ms
[INFO] [1790670237.954464442] [ego_subscriber]: Received from TM_7 | Latency: 0.48 ms
[INFO] [1790670237.962812670] [ego_subscriber]: Received from TM_6 | Latency: 0.47 ms
[INFO] [1790670237.966335706] [ego_subscriber]: Received from TM_9 | Latency: 0.55 ms
[INFO] [1790670237.969336106] [ego_subscriber]: Received from TM_2 | Latency: 0.49 ms
[INFO] [1790670237.970996900] [ego_subscriber]: Received from TM_5 | Latency: 0.55 ms
[INFO] [1790670237.978781434] [ego_subscriber]: Received from TM_7 | Latency: 0.67 ms
[INFO] [1790670237.978938777] [ego_subscriber]: Received from TM_8 | Latency: 0.70 ms
[INFO] [1790670237.979000388] [ego_subscriber]: Received from TM_4 | Latency: 0.70 ms
[INFO] [1790670237.980197385] [ego_subscriber]: Received from TM_6 | Latency: 0.33 ms
[INFO] [1790670237.985134670] [ego_subscriber]: Received from TM_4 | Latency: 0.46 ms
[INFO] [1790670237.985621107] [ego_subscriber]: Received from TM_1 | Latency: 0.45 ms
[INFO] [1790670237.987898476] [ego_subscriber]: Received from TM_3 | Latency: 0.75 ms
[INFO] [1790670237.990330082] [ego_subscriber]: Received from TM_2 | Latency: 0.40 ms
[INFO] [1790670237.990419405] [ego_subscriber]: Received from TM_1 | Latency: 0.50 ms
[INFO] [1790670237.993578782] [ego_subscriber]: Received from TM_9 | Latency: 0.29 ms
[INFO] [1790670237.996676342] [ego_subscriber]: Received from TM_9 | Latency: 0.30 ms
[INFO] [1790670238.002672631] [ego_subscriber]: Received from TM_7 | Latency: 0.47 ms
[INFO] [1790670238.006348561] [ego_subscriber]: Received from TM_3 | Latency: 0.59 ms
[INFO] [1790670238.009750299] [ego_subscriber]: Received from TM_4 | Latency: 0.55 ms
[INFO] [1790670238.011128213] [ego_subscriber]: Received from TM_5 | Latency: 0.34 ms
[INFO] [1790670238.025046400] [ego_subscriber]: Received from TM_8 | Latency: 0.56 ms
[INFO] [1790670238.045394848] [ego_subscriber]: Received from TM_3 | Latency: 0.36 ms
[INFO] [1790670238.045799762] [ego_subscriber]: Received from TM_5 | Latency: 0.52 ms
[INFO] [1790670238.048046270] [ego_subscriber]: Received from TM_6 | Latency: 0.46 ms
[INFO] [1790670238.048125363] [ego_subscriber]: Received from TM_8 | Latency: 0.56 ms
[INFO] [1790670238.049272206] [ego_subscriber]: Received from TM_2 | Latency: 0.38 ms
[INFO] [1790670238.051761238] [ego_subscriber]: Received from TM_1 | Latency: 0.38 ms
[INFO] [1790670238.054439761] [ego_subscriber]: Received from TM_7 | Latency: 0.43 ms
[INFO] [1790670238.062794585] [ego_subscriber]: Received from TM_6 | Latency: 0.48 ms
[INFO] [1790670238.066193741] [ego_subscriber]: Received from TM_9 | Latency: 0.47 ms
[INFO] [1790670238.069515021] [ego_subscriber]: Received from TM_2 | Latency: 0.67 ms
[INFO] [1790670238.071104789] [ego_subscriber]: Received from TM_5 | Latency: 0.66 ms
[INFO] [1790670238.079083873] [ego_subscriber]: Received from TM_7 | Latency: 0.94 ms
[INFO] [1790670238.079149119] [ego_subscriber]: Received from TM_8 | Latency: 0.97 ms
[INFO] [1790670238.079175103] [ego_subscriber]: Received from TM_4 | Latency: 0.89 ms
[INFO] [1790670238.080380619] [ego_subscriber]: Received from TM_6 | Latency: 0.48 ms
[INFO] [1790670238.085427299] [ego_subscriber]: Received from TM_4 | Latency: 0.75 ms
[INFO] [1790670238.085541345] [ego_subscriber]: Received from TM_1 | Latency: 0.38 ms
[INFO] [1790670238.088159730] [ego_subscriber]: Received from TM_3 | Latency: 0.94 ms
[INFO] [1790670238.090533758] [ego_subscriber]: Received from TM_2 | Latency: 0.61 ms
[INFO] [1790670238.090596637] [ego_subscriber]: Received from TM_1 | Latency: 0.61 ms
[INFO] [1790670238.093663946] [ego_subscriber]: Received from TM_9 | Latency: 0.34 ms
[INFO] [1790670238.096785250] [ego_subscriber]: Received from TM_9 | Latency: 0.39 ms
[INFO] [1790670238.102804547] [ego_subscriber]: Received from TM_7 | Latency: 0.58 ms
[INFO] [1790670238.106302463] [ego_subscriber]: Received from TM_3 | Latency: 0.54 ms
[INFO] [1790670238.109737059] [ego_subscriber]: Received from TM_4 | Latency: 0.57 ms
[INFO] [1790670238.111247129] [ego_subscriber]: Received from TM_5 | Latency: 0.50 ms
[INFO] [1790670238.125209802] [ego_subscriber]: Received from TM_8 | Latency: 0.73 ms
[INFO] [1790670238.145709654] [ego_subscriber]: Received from TM_3 | Latency: 0.69 ms
[INFO] [1790670238.145831190] [ego_subscriber]: Received from TM_5 | Latency: 0.51 ms
[INFO] [1790670238.148231459] [ego_subscriber]: Received from TM_8 | Latency: 0.66 ms
[INFO] [1790670238.148294687] [ego_subscriber]: Received from TM_6 | Latency: 0.70 ms
[INFO] [1790670238.149299952] [ego_subscriber]: Received from TM_2 | Latency: 0.45 ms
[INFO] [1790670238.152028604] [ego_subscriber]: Received from TM_1 | Latency: 0.60 ms
[INFO] [1790670238.154466108] [ego_subscriber]: Received from TM_7 | Latency: 0.46 ms
[INFO] [1790670238.162756370] [ego_subscriber]: Received from TM_6 | Latency: 0.43 ms
[INFO] [1790670238.166284937] [ego_subscriber]: Received from TM_9 | Latency: 0.57 ms
[INFO] [1790670238.169660002] [ego_subscriber]: Received from TM_2 | Latency: 0.68 ms
[INFO] [1790670238.171167696] [ego_subscriber]: Received from TM_5 | Latency: 0.67 ms
[INFO] [1790670238.179031934] [ego_subscriber]: Received from TM_7 | Latency: 0.91 ms
[INFO] [1790670238.179101266] [ego_subscriber]: Received from TM_8 | Latency: 0.89 ms
[INFO] [1790670238.179127688] [ego_subscriber]: Received from TM_4 | Latency: 0.81 ms
[INFO] [1790670238.180122110] [ego_subscriber]: Received from TM_6 | Latency: 0.26 ms
[INFO] [1790670238.185133229] [ego_subscriber]: Received from TM_4 | Latency: 0.44 ms
[INFO] [1790670238.185659641] [ego_subscriber]: Received from TM_1 | Latency: 0.47 ms
[INFO] [1790670238.187981380] [ego_subscriber]: Received from TM_3 | Latency: 0.81 ms
[INFO] [1790670238.190350655] [ego_subscriber]: Received from TM_1 | Latency: 0.39 ms
[INFO] [1790670238.190443156] [ego_subscriber]: Received from TM_2 | Latency: 0.48 ms
[INFO] [1790670238.193875040] [ego_subscriber]: Received from TM_9 | Latency: 0.57 ms
[INFO] [1790670238.196774513] [ego_subscriber]: Received from TM_9 | Latency: 0.40 ms
[INFO] [1790670238.202717628] [ego_subscriber]: Received from TM_7 | Latency: 0.51 ms
[INFO] [1790670238.206217831] [ego_subscriber]: Received from TM_3 | Latency: 0.46 ms
[INFO] [1790670238.209631114] [ego_subscriber]: Received from TM_4 | Latency: 0.45 ms
[INFO] [1790670238.211256081] [ego_subscriber]: Received from TM_5 | Latency: 0.44 ms
[INFO] [1790670238.225070420] [ego_subscriber]: Received from TM_8 | Latency: 0.56 ms
[INFO] [1790670238.245669728] [ego_subscriber]: Received from TM_3 | Latency: 0.66 ms
[INFO] [1790670238.245826977] [ego_subscriber]: Received from TM_5 | Latency: 0.50 ms
[INFO] [1790670238.248080048] [ego_subscriber]: Received from TM_8 | Latency: 0.50 ms
[INFO] [1790670238.248178506] [ego_subscriber]: Received from TM_6 | Latency: 0.57 ms
[INFO] [1790670238.249615697] [ego_subscriber]: Received from TM_2 | Latency: 0.67 ms
[INFO] [1790670238.251977123] [ego_subscriber]: Received from TM_1 | Latency: 0.59 ms
[INFO] [1790670238.254377621] [ego_subscriber]: Received from TM_7 | Latency: 0.35 ms
[INFO] [1790670238.262891563] [ego_subscriber]: Received from TM_6 | Latency: 0.52 ms
[INFO] [1790670238.266348154] [ego_subscriber]: Received from TM_9 | Latency: 0.62 ms
[INFO] [1790670238.269598210] [ego_subscriber]: Received from TM_2 | Latency: 0.67 ms
[INFO] [1790670238.271165161] [ego_subscriber]: Received from TM_5 | Latency: 0.67 ms
[INFO] [1790670238.279023705] [ego_subscriber]: Received from TM_7 | Latency: 0.87 ms
[INFO] [1790670238.279095631] [ego_subscriber]: Received from TM_8 | Latency: 0.90 ms
[INFO] [1790670238.279122384] [ego_subscriber]: Received from TM_4 | Latency: 0.80 ms
[INFO] [1790670238.280299907] [ego_subscriber]: Received from TM_6 | Latency: 0.41 ms
[INFO] [1790670238.285145531] [ego_subscriber]: Received from TM_4 | Latency: 0.42 ms
[INFO] [1790670238.285421258] [ego_subscriber]: Received from TM_1 | Latency: 0.26 ms
[INFO] [1790670238.287789022] [ego_subscriber]: Received from TM_3 | Latency: 0.51 ms
[INFO] [1790670238.290515565] [ego_subscriber]: Received from TM_2 | Latency: 0.56 ms
[INFO] [1790670238.290576216] [ego_subscriber]: Received from TM_1 | Latency: 0.61 ms
[INFO] [1790670238.293794763] [ego_subscriber]: Received from TM_9 | Latency: 0.50 ms
[INFO] [1790670238.297057842] [ego_subscriber]: Received from TM_9 | Latency: 0.70 ms
[INFO] [1790670238.302833178] [ego_subscriber]: Received from TM_7 | Latency: 0.62 ms
[INFO] [1790670238.306149135] [ego_subscriber]: Received from TM_3 | Latency: 0.37 ms
[INFO] [1790670238.309733581] [ego_subscriber]: Received from TM_4 | Latency: 0.54 ms
[INFO] [1790670238.311296937] [ego_subscriber]: Received from TM_5 | Latency: 0.46 ms
[INFO] [1790670238.325245883] [ego_subscriber]: Received from TM_8 | Latency: 0.76 ms
[INFO] [1790670238.345951865] [ego_subscriber]: Received from TM_3 | Latency: 0.94 ms
[INFO] [1790670238.346068089] [ego_subscriber]: Received from TM_5 | Latency: 0.74 ms
[INFO] [1790670238.348191858] [ego_subscriber]: Received from TM_8 | Latency: 0.57 ms
[INFO] [1790670238.348255264] [ego_subscriber]: Received from TM_6 | Latency: 0.62 ms
[INFO] [1790670238.349354077] [ego_subscriber]: Received from TM_2 | Latency: 0.46 ms
[INFO] [1790670238.351728386] [ego_subscriber]: Received from TM_1 | Latency: 0.33 ms
[INFO] [1790670238.354717146] [ego_subscriber]: Received from TM_7 | Latency: 0.71 ms
[INFO] [1790670238.363061107] [ego_subscriber]: Received from TM_6 | Latency: 0.72 ms
[INFO] [1790670238.366381578] [ego_subscriber]: Received from TM_9 | Latency: 0.60 ms
[INFO] [1790670238.369576495] [ego_subscriber]: Received from TM_2 | Latency: 0.69 ms
[INFO] [1790670238.371117689] [ego_subscriber]: Received from TM_5 | Latency: 0.64 ms
[INFO] [1790670238.378814393] [ego_subscriber]: Received from TM_7 | Latency: 0.65 ms
[INFO] [1790670238.378963783] [ego_subscriber]: Received from TM_8 | Latency: 0.76 ms
[INFO] [1790670238.379021526] [ego_subscriber]: Received from TM_4 | Latency: 0.71 ms
[INFO] [1790670238.380279198] [ego_subscriber]: Received from TM_6 | Latency: 0.36 ms
[INFO] [1790670238.385098747] [ego_subscriber]: Received from TM_4 | Latency: 0.38 ms
[INFO] [1790670238.385442818] [ego_subscriber]: Received from TM_1 | Latency: 0.25 ms
[INFO] [1790670238.387888383] [ego_subscriber]: Received from TM_3 | Latency: 0.70 ms
[INFO] [1790670238.390583629] [ego_subscriber]: Received from TM_2 | Latency: 0.60 ms
[INFO] [1790670238.390648882] [ego_subscriber]: Received from TM_1 | Latency: 0.64 ms
[INFO] [1790670238.393855212] [ego_subscriber]: Received from TM_9 | Latency: 0.56 ms
[INFO] [1790670238.396971307] [ego_subscriber]: Received from TM_9 | Latency: 0.57 ms
[INFO] [1790670238.402907154] [ego_subscriber]: Received from TM_7 | Latency: 0.67 ms
[INFO] [1790670238.406195696] [ego_subscriber]: Received from TM_3 | Latency: 0.43 ms
[INFO] [1790670238.409906363] [ego_subscriber]: Received from TM_4 | Latency: 0.70 ms
[INFO] [1790670238.411283393] [ego_subscriber]: Received from TM_5 | Latency: 0.44 ms
[INFO] [1790670238.425098848] [ego_subscriber]: Received from TM_8 | Latency: 0.57 ms
[INFO] [1790670238.445669242] [ego_subscriber]: Received from TM_3 | Latency: 0.65 ms
[INFO] [1790670238.445841339] [ego_subscriber]: Received from TM_5 | Latency: 0.51 ms
[INFO] [1790670238.448065939] [ego_subscriber]: Received from TM_6 | Latency: 0.43 ms
[INFO] [1790670238.448241335] [ego_subscriber]: Received from TM_8 | Latency: 0.58 ms
[INFO] [1790670238.449396906] [ego_subscriber]: Received from TM_2 | Latency: 0.43 ms
[INFO] [1790670238.452098363] [ego_subscriber]: Received from TM_1 | Latency: 0.54 ms
[INFO] [1790670238.454490935] [ego_subscriber]: Received from TM_7 | Latency: 0.45 ms
[INFO] [1790670238.462813647] [ego_subscriber]: Received from TM_6 | Latency: 0.45 ms
[INFO] [1790670238.466208895] [ego_subscriber]: Received from TM_9 | Latency: 0.47 ms
[INFO] [1790670238.469444300] [ego_subscriber]: Received from TM_2 | Latency: 0.54 ms
[INFO] [1790670238.470951991] [ego_subscriber]: Received from TM_5 | Latency: 0.46 ms
[INFO] [1790670238.478789822] [ego_subscriber]: Received from TM_7 | Latency: 0.62 ms
[INFO] [1790670238.478948908] [ego_subscriber]: Received from TM_8 | Latency: 0.67 ms
[INFO] [1790670238.479000734] [ego_subscriber]: Received from TM_4 | Latency: 0.69 ms
[INFO] [1790670238.480207756] [ego_subscriber]: Received from TM_6 | Latency: 0.30 ms
[INFO] [1790670238.485277176] [ego_subscriber]: Received from TM_4 | Latency: 0.59 ms
[INFO] [1790670238.485578695] [ego_subscriber]: Received from TM_1 | Latency: 0.36 ms
[INFO] [1790670238.487694348] [ego_subscriber]: Received from TM_3 | Latency: 0.50 ms
[INFO] [1790670238.490243812] [ego_subscriber]: Received from TM_1 | Latency: 0.30 ms
[INFO] [1790670238.490379661] [ego_subscriber]: Received from TM_2 | Latency: 0.35 ms
[INFO] [1790670238.493652433] [ego_subscriber]: Received from TM_9 | Latency: 0.38 ms
[INFO] [1790670238.496762493] [ego_subscriber]: Received from TM_9 | Latency: 0.37 ms
[INFO] [1790670238.502775119] [ego_subscriber]: Received from TM_7 | Latency: 0.53 ms
[INFO] [1790670238.506229280] [ego_subscriber]: Received from TM_3 | Latency: 0.44 ms
[INFO] [1790670238.509691427] [ego_subscriber]: Received from TM_4 | Latency: 0.48 ms
[INFO] [1790670238.511341200] [ego_subscriber]: Received from TM_5 | Latency: 0.54 ms
[INFO] [1790670238.525156308] [ego_subscriber]: Received from TM_8 | Latency: 0.62 ms
[INFO] [1790670238.545669028] [ego_subscriber]: Received from TM_3 | Latency: 0.61 ms
[INFO] [1790670238.545857461] [ego_subscriber]: Received from TM_5 | Latency: 0.54 ms
[INFO] [1790670238.548047598] [ego_subscriber]: Received from TM_8 | Latency: 0.41 ms
[INFO] [1790670238.548147191] [ego_subscriber]: Received from TM_6 | Latency: 0.48 ms
[INFO] [1790670238.549272930] [ego_subscriber]: Received from TM_2 | Latency: 0.40 ms
[INFO] [1790670238.551770357] [ego_subscriber]: Received from TM_1 | Latency: 0.26 ms
[INFO] [1790670238.554448401] [ego_subscriber]: Received from TM_7 | Latency: 0.39 ms
[INFO] [1790670238.562861992] [ego_subscriber]: Received from TM_6 | Latency: 0.49 ms
[INFO] [1790670238.566196888] [ego_subscriber]: Received from TM_9 | Latency: 0.49 ms
[INFO] [1790670238.569676264] [ego_subscriber]: Received from TM_2 | Latency: 0.43 ms
[INFO] [1790670238.570986274] [ego_subscriber]: Received from TM_5 | Latency: 0.50 ms
[INFO] [1790670238.578615977] [ego_subscriber]: Received from TM_7 | Latency: 0.49 ms
[INFO] [1790670238.578734180] [ego_subscriber]: Received from TM_8 | Latency: 0.48 ms
[INFO] [1790670238.578777603] [ego_subscriber]: Received from TM_4 | Latency: 0.46 ms
[INFO] [1790670238.580193343] [ego_subscriber]: Received from TM_6 | Latency: 0.26 ms
[INFO] [1790670238.585201542] [ego_subscriber]: Received from TM_4 | Latency: 0.50 ms
[INFO] [1790670238.585515604] [ego_subscriber]: Received from TM_1 | Latency: 0.36 ms
[INFO] [1790670238.588188117] [ego_subscriber]: Received from TM_3 | Latency: 0.99 ms
[INFO] [1790670238.590485058] [ego_subscriber]: Received from TM_1 | Latency: 0.53 ms
[INFO] [1790670238.590556328] [ego_subscriber]: Received from TM_2 | Latency: 0.56 ms
[INFO] [1790670238.593701778] [ego_subscriber]: Received from TM_9 | Latency: 0.40 ms
[INFO] [1790670238.596872892] [ego_subscriber]: Received from TM_9 | Latency: 0.50 ms
[INFO] [1790670238.602948461] [ego_subscriber]: Received from TM_7 | Latency: 0.67 ms
[INFO] [1790670238.606387312] [ego_subscriber]: Received from TM_3 | Latency: 0.59 ms
[INFO] [1790670238.609778676] [ego_subscriber]: Received from TM_4 | Latency: 0.61 ms
[INFO] [1790670238.611304633] [ego_subscriber]: Received from TM_5 | Latency: 0.53 ms
[INFO] [1790670238.625254489] [ego_subscriber]: Received from TM_8 | Latency: 0.72 ms
[INFO] [1790670238.645996367] [ego_subscriber]: Received from TM_3 | Latency: 0.86 ms
[INFO] [1790670238.646085482] [ego_subscriber]: Received from TM_5 | Latency: 0.78 ms
[INFO] [1790670238.648293869] [ego_subscriber]: Received from TM_8 | Latency: 0.65 ms
[INFO] [1790670238.648366340] [ego_subscriber]: Received from TM_6 | Latency: 0.70 ms
[INFO] [1790670238.649443242] [ego_subscriber]: Received from TM_2 | Latency: 0.54 ms
[INFO] [1790670238.651969783] [ego_subscriber]: Received from TM_1 | Latency: 0.57 ms
[INFO] [1790670238.654574137] [ego_subscriber]: Received from TM_7 | Latency: 0.53 ms
[INFO] [1790670238.663034025] [ego_subscriber]: Received from TM_6 | Latency: 0.64 ms
[INFO] [1790670238.666337379] [ego_subscriber]: Received from TM_9 | Latency: 0.56 ms
[INFO] [1790670238.669524347] [ego_subscriber]: Received from TM_2 | Latency: 0.62 ms
[INFO] [1790670238.671072914] [ego_subscriber]: Received from TM_5 | Latency: 0.59 ms
[INFO] [1790670238.678989993] [ego_subscriber]: Received from TM_7 | Latency: 0.82 ms
[INFO] [1790670238.679085043] [ego_subscriber]: Received from TM_8 | Latency: 0.81 ms
[INFO] [1790670238.679114065] [ego_subscriber]: Received from TM_4 | Latency: 0.80 ms
[INFO] [1790670238.680382745] [ego_subscriber]: Received from TM_6 | Latency: 0.44 ms
[INFO] [1790670238.685408116] [ego_subscriber]: Received from TM_4 | Latency: 0.71 ms
[INFO] [1790670238.685495066] [ego_subscriber]: Received from TM_1 | Latency: 0.29 ms
[INFO] [1790670238.688030111] [ego_subscriber]: Received from TM_3 | Latency: 0.76 ms
[INFO] [1790670238.690463123] [ego_subscriber]: Received from TM_1 | Latency: 0.49 ms
[INFO] [1790670238.690541349] [ego_subscriber]: Received from TM_2 | Latency: 0.55 ms
[INFO] [1790670238.693769186] [ego_subscriber]: Received from TM_9 | Latency: 0.46 ms
[INFO] [1790670238.696693461] [ego_subscriber]: Received from TM_9 | Latency: 0.31 ms
[INFO] [1790670238.702931603] [ego_subscriber]: Received from TM_7 | Latency: 0.54 ms
[INFO] [1790670238.706249961] [ego_subscriber]: Received from TM_3 | Latency: 0.44 ms
[INFO] [1790670238.709674826] [ego_subscriber]: Received from TM_4 | Latency: 0.48 ms
[INFO] [1790670238.711223024] [ego_subscriber]: Received from TM_5 | Latency: 0.42 ms
[INFO] [1790670238.725064740] [ego_subscriber]: Received from TM_8 | Latency: 0.51 ms
[INFO] [1790670238.745643990] [ego_subscriber]: Received from TM_3 | Latency: 0.58 ms
[INFO] [1790670238.745848878] [ego_subscriber]: Received from TM_5 | Latency: 0.54 ms
[INFO] [1790670238.748105173] [ego_subscriber]: Received from TM_8 | Latency: 0.45 ms
[INFO] [1790670238.748178821] [ego_subscriber]: Received from TM_6 | Latency: 0.51 ms
[INFO] [1790670238.749408035] [ego_subscriber]: Received from TM_2 | Latency: 0.43 ms
[INFO] [1790670238.751744416] [ego_subscriber]: Received from TM_1 | Latency: 0.35 ms
[INFO] [1790670238.754444932] [ego_subscriber]: Received from TM_7 | Latency: 0.42 ms
[INFO] [1790670238.762835207] [ego_subscriber]: Received from TM_6 | Latency: 0.42 ms
[INFO] [1790670238.766173270] [ego_subscriber]: Received from TM_9 | Latency: 0.44 ms
[INFO] [1790670238.769364687] [ego_subscriber]: Received from TM_2 | Latency: 0.45 ms
[INFO] [1790670238.771078364] [ego_subscriber]: Received from TM_5 | Latency: 0.58 ms
[INFO] [1790670238.778727065] [ego_subscriber]: Received from TM_7 | Latency: 0.57 ms
[INFO] [1790670238.778882971] [ego_subscriber]: Received from TM_8 | Latency: 0.54 ms
[INFO] [1790670238.778968715] [ego_subscriber]: Received from TM_4 | Latency: 0.64 ms
[INFO] [1790670238.780320295] [ego_subscriber]: Received from TM_6 | Latency: 0.37 ms
[INFO] [1790670238.785170639] [ego_subscriber]: Received from TM_4 | Latency: 0.49 ms
[INFO] [1790670238.785458642] [ego_subscriber]: Received from TM_1 | Latency: 0.26 ms
[INFO] [1790670238.787911588] [ego_subscriber]: Received from TM_3 | Latency: 0.69 ms
[INFO] [1790670238.790382135] [ego_subscriber]: Received from TM_1 | Latency: 0.43 ms
[INFO] [1790670238.790493337] [ego_subscriber]: Received from TM_2 | Latency: 0.48 ms
[INFO] [1790670238.793780665] [ego_subscriber]: Received from TM_9 | Latency: 0.46 ms
[INFO] [1790670238.796782518] [ego_subscriber]: Received from TM_9 | Latency: 0.39 ms
[INFO] [1790670238.802791958] [ego_subscriber]: Received from TM_7 | Latency: 0.48 ms
[INFO] [1790670238.806275591] [ego_subscriber]: Received from TM_3 | Latency: 0.44 ms
[INFO] [1790670238.809714440] [ego_subscriber]: Received from TM_4 | Latency: 0.56 ms
[INFO] [1790670238.811232311] [ego_subscriber]: Received from TM_5 | Latency: 0.44 ms
[INFO] [1790670238.825110285] [ego_subscriber]: Received from TM_8 | Latency: 0.53 ms
[INFO] [1790670238.845761250] [ego_subscriber]: Received from TM_3 | Latency: 0.70 ms
[INFO] [1790670238.845947957] [ego_subscriber]: Received from TM_5 | Latency: 0.63 ms
[INFO] [1790670238.848226000] [ego_subscriber]: Received from TM_8 | Latency: 0.57 ms
[INFO] [1790670238.848335073] [ego_subscriber]: Received from TM_6 | Latency: 0.65 ms
[INFO] [1790670238.849310718] [ego_subscriber]: Received from TM_2 | Latency: 0.36 ms
[INFO] [1790670238.851753894] [ego_subscriber]: Received from TM_1 | Latency: 0.36 ms
[INFO] [1790670238.854612914] [ego_subscriber]: Received from TM_7 | Latency: 0.57 ms
[INFO] [1790670238.863108955] [ego_subscriber]: Received from TM_6 | Latency: 0.67 ms
[INFO] [1790670238.866232121] [ego_subscriber]: Received from TM_9 | Latency: 0.42 ms
[INFO] [1790670238.869418346] [ego_subscriber]: Received from TM_2 | Latency: 0.49 ms
[INFO] [1790670238.871021269] [ego_subscriber]: Received from TM_5 | Latency: 0.51 ms
[INFO] [1790670238.879063583] [ego_subscriber]: Received from TM_7 | Latency: 0.90 ms
[INFO] [1790670238.879124015] [ego_subscriber]: Received from TM_8 | Latency: 0.83 ms
[INFO] [1790670238.879150437] [ego_subscriber]: Received from TM_4 | Latency: 0.81 ms
[INFO] [1790670238.880270922] [ego_subscriber]: Received from TM_6 | Latency: 0.28 ms
[INFO] [1790670238.885193598] [ego_subscriber]: Received from TM_4 | Latency: 0.48 ms
[INFO] [1790670238.885572638] [ego_subscriber]: Received from TM_1 | Latency: 0.40 ms
[INFO] [1790670238.887776810] [ego_subscriber]: Received from TM_3 | Latency: 0.39 ms
[INFO] [1790670238.890403712] [ego_subscriber]: Received from TM_1 | Latency: 0.47 ms
[INFO] [1790670238.890504782] [ego_subscriber]: Received from TM_2 | Latency: 0.46 ms
[INFO] [1790670238.893946765] [ego_subscriber]: Received from TM_9 | Latency: 0.58 ms
[INFO] [1790670238.896821339] [ego_subscriber]: Received from TM_9 | Latency: 0.40 ms
[INFO] [1790670238.903029402] [ego_subscriber]: Received from TM_7 | Latency: 0.71 ms
[INFO] [1790670238.906385560] [ego_subscriber]: Received from TM_3 | Latency: 0.57 ms
[INFO] [1790670238.909835920] [ego_subscriber]: Received from TM_4 | Latency: 0.64 ms
[INFO] [1790670238.911459755] [ego_subscriber]: Received from TM_5 | Latency: 0.64 ms
[INFO] [1790670238.925076367] [ego_subscriber]: Received from TM_8 | Latency: 0.56 ms
[INFO] [1790670238.945638581] [ego_subscriber]: Received from TM_3 | Latency: 0.57 ms
[INFO] [1790670238.945833123] [ego_subscriber]: Received from TM_5 | Latency: 0.53 ms
[INFO] [1790670238.948006155] [ego_subscriber]: Received from TM_8 | Latency: 0.35 ms
[INFO] [1790670238.948072748] [ego_subscriber]: Received from TM_6 | Latency: 0.39 ms
[INFO] [1790670238.949425425] [ego_subscriber]: Received from TM_2 | Latency: 0.41 ms
[INFO] [1790670238.951716385] [ego_subscriber]: Received from TM_1 | Latency: 0.32 ms
[INFO] [1790670238.954375469] [ego_subscriber]: Received from TM_7 | Latency: 0.33 ms
[INFO] [1790670238.962941808] [ego_subscriber]: Received from TM_6 | Latency: 0.45 ms
[INFO] [1790670238.966209724] [ego_subscriber]: Received from TM_9 | Latency: 0.48 ms
[INFO] [1790670238.969649100] [ego_subscriber]: Received from TM_2 | Latency: 0.72 ms
[INFO] [1790670238.971028245] [ego_subscriber]: Received from TM_5 | Latency: 0.53 ms
[INFO] [1790670238.978730490] [ego_subscriber]: Received from TM_7 | Latency: 0.54 ms
[INFO] [1790670238.978857622] [ego_subscriber]: Received from TM_8 | Latency: 0.57 ms
[INFO] [1790670238.978904660] [ego_subscriber]: Received from TM_4 | Latency: 0.59 ms
[INFO] [1790670238.980374673] [ego_subscriber]: Received from TM_6 | Latency: 0.38 ms
[INFO] [1790670238.985134561] [ego_subscriber]: Received from TM_4 | Latency: 0.45 ms
[INFO] [1790670238.985803683] [ego_subscriber]: Received from TM_1 | Latency: 0.61 ms
[INFO] [1790670238.987813580] [ego_subscriber]: Received from TM_3 | Latency: 0.63 ms
[INFO] [1790670238.990388805] [ego_subscriber]: Received from TM_1 | Latency: 0.42 ms
[INFO] [1790670238.990492447] [ego_subscriber]: Received from TM_2 | Latency: 0.48 ms
[INFO] [1790670238.994119468] [ego_subscriber]: Received from TM_9 | Latency: 0.80 ms
[INFO] [1790670238.997054840] [ego_subscriber]: Received from TM_9 | Latency: 0.66 ms
[INFO] [1790670239.003038687] [ego_subscriber]: Received from TM_7 | Latency: 0.70 ms
[INFO] [1790670239.006513332] [ego_subscriber]: Received from TM_3 | Latency: 0.72 ms
[INFO] [1790670239.009832589] [ego_subscriber]: Received from TM_4 | Latency: 0.62 ms
[INFO] [1790670239.011509573] [ego_subscriber]: Received from TM_5 | Latency: 0.66 ms
[INFO] [1790670239.025347058] [ego_subscriber]: Received from TM_8 | Latency: 0.76 ms
[INFO] [1790670239.045964089] [ego_subscriber]: Received from TM_3 | Latency: 0.96 ms
[INFO] [1790670239.046046906] [ego_subscriber]: Received from TM_5 | Latency: 0.74 ms
[INFO] [1790670239.048297310] [ego_subscriber]: Received from TM_6 | Latency: 0.59 ms
[INFO] [1790670239.048362774] [ego_subscriber]: Received from TM_8 | Latency: 0.64 ms
[INFO] [1790670239.050082575] [ego_subscriber]: Received from TM_2 | Latency: 1.04 ms
[INFO] [1790670239.051758282] [ego_subscriber]: Received from TM_1 | Latency: 0.34 ms
[INFO] [1790670239.054517444] [ego_subscriber]: Received from TM_7 | Latency: 0.47 ms
[INFO] [1790670239.062877737] [ego_subscriber]: Received from TM_6 | Latency: 0.41 ms
[INFO] [1790670239.066387923] [ego_subscriber]: Received from TM_9 | Latency: 0.60 ms
[INFO] [1790670239.069456838] [ego_subscriber]: Received from TM_2 | Latency: 0.46 ms
[INFO] [1790670239.070913660] [ego_subscriber]: Received from TM_5 | Latency: 0.42 ms
[INFO] [1790670239.078715570] [ego_subscriber]: Received from TM_7 | Latency: 0.52 ms
[INFO] [1790670239.078836045] [ego_subscriber]: Received from TM_8 | Latency: 0.59 ms
[INFO] [1790670239.078881932] [ego_subscriber]: Received from TM_4 | Latency: 0.57 ms
[INFO] [1790670239.080296452] [ego_subscriber]: Received from TM_6 | Latency: 0.31 ms
[INFO] [1790670239.085204052] [ego_subscriber]: Received from TM_4 | Latency: 0.48 ms
[INFO] [1790670239.085437948] [ego_subscriber]: Received from TM_1 | Latency: 0.26 ms
[INFO] [1790670239.087771085] [ego_subscriber]: Received from TM_3 | Latency: 0.58 ms
[INFO] [1790670239.090509802] [ego_subscriber]: Received from TM_1 | Latency: 0.56 ms
[INFO] [1790670239.090596828] [ego_subscriber]: Received from TM_2 | Latency: 0.55 ms
[INFO] [1790670239.093692886] [ego_subscriber]: Received from TM_9 | Latency: 0.37 ms
[INFO] [1790670239.096827654] [ego_subscriber]: Received from TM_9 | Latency: 0.43 ms
[INFO] [1790670239.102890078] [ego_subscriber]: Received from TM_7 | Latency: 0.48 ms
[INFO] [1790670239.106485035] [ego_subscriber]: Received from TM_3 | Latency: 0.64 ms
[INFO] [1790670239.109748375] [ego_subscriber]: Received from TM_4 | Latency: 0.56 ms
[INFO] [1790670239.111285348] [ego_subscriber]: Received from TM_5 | Latency: 0.50 ms
[INFO] [1790670239.125352711] [ego_subscriber]: Received from TM_8 | Latency: 0.77 ms
[INFO] [1790670239.145968634] [ego_subscriber]: Received from TM_3 | Latency: 0.90 ms
[INFO] [1790670239.146052402] [ego_subscriber]: Received from TM_5 | Latency: 0.76 ms
[INFO] [1790670239.147994104] [ego_subscriber]: Received from TM_6 | Latency: 0.28 ms
[INFO] [1790670239.148225769] [ego_subscriber]: Received from TM_8 | Latency: 0.52 ms
[INFO] [1790670239.149772302] [ego_subscriber]: Received from TM_2 | Latency: 0.60 ms
[INFO] [1790670239.151737691] [ego_subscriber]: Received from TM_1 | Latency: 0.33 ms
[INFO] [1790670239.154520378] [ego_subscriber]: Received from TM_7 | Latency: 0.45 ms
[INFO] [1790670239.162972304] [ego_subscriber]: Received from TM_6 | Latency: 0.49 ms
[INFO] [1790670239.166437049] [ego_subscriber]: Received from TM_9 | Latency: 0.69 ms
[INFO] [1790670239.169501032] [ego_subscriber]: Received from TM_2 | Latency: 0.51 ms
[INFO] [1790670239.171087754] [ego_subscriber]: Received from TM_5 | Latency: 0.59 ms
[INFO] [1790670239.178799205] [ego_subscriber]: Received from TM_7 | Latency: 0.60 ms
[INFO] [1790670239.178980662] [ego_subscriber]: Received from TM_4 | Latency: 0.67 ms
[INFO] [1790670239.179035707] [ego_subscriber]: Received from TM_8 | Latency: 0.71 ms
[INFO] [1790670239.180452117] [ego_subscriber]: Received from TM_6 | Latency: 0.45 ms
[INFO] [1790670239.185206667] [ego_subscriber]: Received from TM_4 | Latency: 0.50 ms
[INFO] [1790670239.185766073] [ego_subscriber]: Received from TM_1 | Latency: 0.56 ms
[INFO] [1790670239.187911129] [ego_subscriber]: Received from TM_3 | Latency: 0.60 ms
[INFO] [1790670239.190591474] [ego_subscriber]: Received from TM_1 | Latency: 0.62 ms
[INFO] [1790670239.190670243] [ego_subscriber]: Received from TM_2 | Latency: 0.67 ms
[INFO] [1790670239.193666562] [ego_subscriber]: Received from TM_9 | Latency: 0.35 ms
[INFO] [1790670239.196863677] [ego_subscriber]: Received from TM_9 | Latency: 0.46 ms
[INFO] [1790670239.202741625] [ego_subscriber]: Received from TM_7 | Latency: 0.40 ms
[INFO] [1790670239.206309018] [ego_subscriber]: Received from TM_3 | Latency: 0.49 ms
[INFO] [1790670239.209838895] [ego_subscriber]: Received from TM_4 | Latency: 0.64 ms
[INFO] [1790670239.211331992] [ego_subscriber]: Received from TM_5 | Latency: 0.55 ms
[INFO] [1790670239.225141157] [ego_subscriber]: Received from TM_8 | Latency: 0.54 ms
[INFO] [1790670239.245979686] [ego_subscriber]: Received from TM_3 | Latency: 0.86 ms
[INFO] [1790670239.246058770] [ego_subscriber]: Received from TM_5 | Latency: 0.78 ms
[INFO] [1790670239.248449324] [ego_subscriber]: Received from TM_8 | Latency: 0.71 ms
[INFO] [1790670239.248514895] [ego_subscriber]: Received from TM_6 | Latency: 0.75 ms
[INFO] [1790670239.249529497] [ego_subscriber]: Received from TM_2 | Latency: 0.55 ms
[INFO] [1790670239.252135173] [ego_subscriber]: Received from TM_1 | Latency: 0.65 ms
[INFO] [1790670239.254586625] [ego_subscriber]: Received from TM_7 | Latency: 0.49 ms
[INFO] [1790670239.263159552] [ego_subscriber]: Received from TM_6 | Latency: 0.66 ms
[INFO] [1790670239.266394626] [ego_subscriber]: Received from TM_9 | Latency: 0.66 ms
[INFO] [1790670239.269702743] [ego_subscriber]: Received from TM_2 | Latency: 0.69 ms
[INFO] [1790670239.270943975] [ego_subscriber]: Received from TM_5 | Latency: 0.42 ms
[INFO] [1790670239.279090825] [ego_subscriber]: Received from TM_7 | Latency: 0.88 ms
[INFO] [1790670239.279159254] [ego_subscriber]: Received from TM_8 | Latency: 0.88 ms
[INFO] [1790670239.279186130] [ego_subscriber]: Received from TM_4 | Latency: 0.86 ms
[INFO] [1790670239.280631937] [ego_subscriber]: Received from TM_6 | Latency: 0.61 ms
[INFO] [1790670239.285109759] [ego_subscriber]: Received from TM_4 | Latency: 0.42 ms
[INFO] [1790670239.285726772] [ego_subscriber]: Received from TM_1 | Latency: 0.54 ms
[INFO] [1790670239.287701649] [ego_subscriber]: Received from TM_3 | Latency: 0.38 ms
[INFO] [1790670239.290613463] [ego_subscriber]: Received from TM_1 | Latency: 0.63 ms
[INFO] [1790670239.290675859] [ego_subscriber]: Received from TM_2 | Latency: 0.64 ms
[INFO] [1790670239.293722195] [ego_subscriber]: Received from TM_9 | Latency: 0.40 ms
[INFO] [1790670239.297088154] [ego_subscriber]: Received from TM_9 | Latency: 0.69 ms
[INFO] [1790670239.302906082] [ego_subscriber]: Received from TM_7 | Latency: 0.56 ms
[INFO] [1790670239.306302273] [ego_subscriber]: Received from TM_3 | Latency: 0.42 ms
[INFO] [1790670239.309806150] [ego_subscriber]: Received from TM_4 | Latency: 0.60 ms
[INFO] [1790670239.311176865] [ego_subscriber]: Received from TM_5 | Latency: 0.39 ms
[INFO] [1790670239.325424998] [ego_subscriber]: Received from TM_8 | Latency: 0.81 ms
[INFO] [1790670239.345999540] [ego_subscriber]: Received from TM_3 | Latency: 0.85 ms
[INFO] [1790670239.346076814] [ego_subscriber]: Received from TM_5 | Latency: 0.79 ms
[INFO] [1790670239.348323862] [ego_subscriber]: Received from TM_8 | Latency: 0.57 ms
[INFO] [1790670239.348396895] [ego_subscriber]: Received from TM_6 | Latency: 0.65 ms
[INFO] [1790670239.349525531] [ego_subscriber]: Received from TM_2 | Latency: 0.53 ms
[INFO] [1790670239.351981811] [ego_subscriber]: Received from TM_1 | Latency: 0.57 ms
[INFO] [1790670239.354659688] [ego_subscriber]: Received from TM_7 | Latency: 0.57 ms
[INFO] [1790670239.363140336] [ego_subscriber]: Received from TM_6 | Latency: 0.68 ms
[INFO] [1790670239.366414080] [ego_subscriber]: Received from TM_9 | Latency: 0.68 ms
[INFO] [1790670239.369763793] [ego_subscriber]: Received from TM_2 | Latency: 0.79 ms
[INFO] [1790670239.370970597] [ego_subscriber]: Received from TM_5 | Latency: 0.49 ms
[INFO] [1790670239.379157938] [ego_subscriber]: Received from TM_7 | Latency: 0.91 ms
[INFO] [1790670239.379228763] [ego_subscriber]: Received from TM_8 | Latency: 0.91 ms
[INFO] [1790670239.379255433] [ego_subscriber]: Received from TM_4 | Latency: 0.92 ms
[INFO] [1790670239.380437836] [ego_subscriber]: Received from TM_6 | Latency: 0.44 ms
[INFO] [1790670239.385181101] [ego_subscriber]: Received from TM_4 | Latency: 0.44 ms
[INFO] [1790670239.385621106] [ego_subscriber]: Received from TM_1 | Latency: 0.41 ms
[INFO] [1790670239.387953691] [ego_subscriber]: Received from TM_3 | Latency: 0.60 ms
[INFO] [1790670239.390338410] [ego_subscriber]: Received from TM_1 | Latency: 0.39 ms
[INFO] [1790670239.390434172] [ego_subscriber]: Received from TM_2 | Latency: 0.41 ms
[INFO] [1790670239.393663661] [ego_subscriber]: Received from TM_9 | Latency: 0.33 ms
[INFO] [1790670239.396806433] [ego_subscriber]: Received from TM_9 | Latency: 0.41 ms
[INFO] [1790670239.402831169] [ego_subscriber]: Received from TM_7 | Latency: 0.50 ms
[INFO] [1790670239.406344083] [ego_subscriber]: Received from TM_3 | Latency: 0.46 ms
[INFO] [1790670239.409703694] [ego_subscriber]: Received from TM_4 | Latency: 0.49 ms
[INFO] [1790670239.411192998] [ego_subscriber]: Received from TM_5 | Latency: 0.40 ms
[INFO] [1790670239.425261945] [ego_subscriber]: Received from TM_8 | Latency: 0.67 ms
[INFO] [1790670239.445771542] [ego_subscriber]: Received from TM_3 | Latency: 0.56 ms
[INFO] [1790670239.445964033] [ego_subscriber]: Received from TM_5 | Latency: 0.69 ms
[INFO] [1790670239.448193973] [ego_subscriber]: Received from TM_6 | Latency: 0.45 ms
[INFO] [1790670239.448276170] [ego_subscriber]: Received from TM_8 | Latency: 0.50 ms
[INFO] [1790670239.449340096] [ego_subscriber]: Received from TM_2 | Latency: 0.35 ms
[INFO] [1790670239.451791922] [ego_subscriber]: Received from TM_1 | Latency: 0.38 ms
[INFO] [1790670239.454650983] [ego_subscriber]: Received from TM_7 | Latency: 0.52 ms
[INFO] [1790670239.462970867] [ego_subscriber]: Received from TM_6 | Latency: 0.50 ms
[INFO] [1790670239.466252338] [ego_subscriber]: Received from TM_9 | Latency: 0.48 ms
[INFO] [1790670239.469348133] [ego_subscriber]: Received from TM_2 | Latency: 0.37 ms
[INFO] [1790670239.471025794] [ego_subscriber]: Received from TM_5 | Latency: 0.50 ms
[INFO] [1790670239.478715581] [ego_subscriber]: Received from TM_7 | Latency: 0.50 ms
[INFO] [1790670239.478986886] [ego_subscriber]: Received from TM_4 | Latency: 0.64 ms
[INFO] [1790670239.479052000] [ego_subscriber]: Received from TM_8 | Latency: 0.70 ms
[INFO] [1790670239.480383531] [ego_subscriber]: Received from TM_6 | Latency: 0.32 ms
[INFO] [1790670239.485072304] [ego_subscriber]: Received from TM_4 | Latency: 0.40 ms
[INFO] [1790670239.485697192] [ego_subscriber]: Received from TM_1 | Latency: 0.45 ms
[INFO] [1790670239.488115256] [ego_subscriber]: Received from TM_3 | Latency: 0.79 ms
[INFO] [1790670239.490451836] [ego_subscriber]: Received from TM_1 | Latency: 0.46 ms
[INFO] [1790670239.490717056] [ego_subscriber]: Received from TM_2 | Latency: 0.62 ms
[INFO] [1790670239.493759962] [ego_subscriber]: Received from TM_9 | Latency: 0.43 ms
[INFO] [1790670239.496853954] [ego_subscriber]: Received from TM_9 | Latency: 0.45 ms
[INFO] [1790670239.502838275] [ego_subscriber]: Received from TM_7 | Latency: 0.48 ms
[INFO] [1790670239.506383653] [ego_subscriber]: Received from TM_3 | Latency: 0.49 ms
[INFO] [1790670239.509616154] [ego_subscriber]: Received from TM_4 | Latency: 0.40 ms
[INFO] [1790670239.511265949] [ego_subscriber]: Received from TM_5 | Latency: 0.49 ms
[INFO] [1790670239.525351271] [ego_subscriber]: Received from TM_8 | Latency: 0.74 ms
[INFO] [1790670239.545966400] [ego_subscriber]: Received from TM_3 | Latency: 0.88 ms
[INFO] [1790670239.546049076] [ego_subscriber]: Received from TM_5 | Latency: 0.76 ms
[INFO] [1790670239.548378442] [ego_subscriber]: Received from TM_8 | Latency: 0.70 ms
[INFO] [1790670239.548442971] [ego_subscriber]: Received from TM_6 | Latency: 0.71 ms
[INFO] [1790670239.549805663] [ego_subscriber]: Received from TM_2 | Latency: 0.81 ms
[INFO] [1790670239.552167487] [ego_subscriber]: Received from TM_1 | Latency: 0.60 ms
[INFO] [1790670239.554644735] [ego_subscriber]: Received from TM_7 | Latency: 0.53 ms
[INFO] [1790670239.563125466] [ego_subscriber]: Received from TM_6 | Latency: 0.64 ms
[INFO] [1790670239.566443968] [ego_subscriber]: Received from TM_9 | Latency: 0.64 ms
[INFO] [1790670239.569681984] [ego_subscriber]: Received from TM_2 | Latency: 0.70 ms
[INFO] [1790670239.571000926] [ego_subscriber]: Received from TM_5 | Latency: 0.54 ms
[INFO] [1790670239.578775080] [ego_subscriber]: Received from TM_7 | Latency: 0.57 ms
[INFO] [1790670239.578964169] [ego_subscriber]: Received from TM_4 | Latency: 0.64 ms
[INFO] [1790670239.579030715] [ego_subscriber]: Received from TM_8 | Latency: 0.69 ms
[INFO] [1790670239.580367988] [ego_subscriber]: Received from TM_6 | Latency: 0.35 ms
[INFO] [1790670239.585208953] [ego_subscriber]: Received from TM_4 | Latency: 0.52 ms
[INFO] [1790670239.585613326] [ego_subscriber]: Received from TM_1 | Latency: 0.40 ms
[INFO] [1790670239.588001017] [ego_subscriber]: Received from TM_3 | Latency: 0.67 ms
[INFO] [1790670239.590409095] [ego_subscriber]: Received from TM_1 | Latency: 0.46 ms
[INFO] [1790670239.590475020] [ego_subscriber]: Received from TM_2 | Latency: 0.44 ms
[INFO] [1790670239.593811401] [ego_subscriber]: Received from TM_9 | Latency: 0.49 ms
[INFO] [1790670239.596876135] [ego_subscriber]: Received from TM_9 | Latency: 0.46 ms
[INFO] [1790670239.602936900] [ego_subscriber]: Received from TM_7 | Latency: 0.55 ms
[INFO] [1790670239.606435839] [ego_subscriber]: Received from TM_3 | Latency: 0.57 ms
[INFO] [1790670239.609788808] [ego_subscriber]: Received from TM_4 | Latency: 0.58 ms
[INFO] [1790670239.611239472] [ego_subscriber]: Received from TM_5 | Latency: 0.49 ms
[INFO] [1790670239.625388651] [ego_subscriber]: Received from TM_8 | Latency: 0.77 ms
[INFO] [1790670239.645683221] [ego_subscriber]: Received from TM_3 | Latency: 0.50 ms
[INFO] [1790670239.645817643] [ego_subscriber]: Received from TM_5 | Latency: 0.58 ms
[INFO] [1790670239.648435277] [ego_subscriber]: Received from TM_8 | Latency: 0.70 ms
[INFO] [1790670239.648505716] [ego_subscriber]: Received from TM_6 | Latency: 0.73 ms
[INFO] [1790670239.649526310] [ego_subscriber]: Received from TM_2 | Latency: 0.49 ms
[INFO] [1790670239.651933963] [ego_subscriber]: Received from TM_1 | Latency: 0.50 ms
[INFO] [1790670239.654437823] [ego_subscriber]: Received from TM_7 | Latency: 0.32 ms
[INFO] [1790670239.663121798] [ego_subscriber]: Received from TM_6 | Latency: 0.62 ms
[INFO] [1790670239.666191463] [ego_subscriber]: Received from TM_9 | Latency: 0.46 ms
[INFO] [1790670239.669731781] [ego_subscriber]: Received from TM_2 | Latency: 0.61 ms
[INFO] [1790670239.670998960] [ego_subscriber]: Received from TM_5 | Latency: 0.51 ms
[INFO] [1790670239.678784752] [ego_subscriber]: Received from TM_4 | Latency: 0.46 ms
[INFO] [1790670239.678962148] [ego_subscriber]: Received from TM_7 | Latency: 0.63 ms
[INFO] [1790670239.679009611] [ego_subscriber]: Received from TM_8 | Latency: 0.65 ms
[INFO] [1790670239.680502191] [ego_subscriber]: Received from TM_6 | Latency: 0.43 ms
[INFO] [1790670239.685206897] [ego_subscriber]: Received from TM_4 | Latency: 0.51 ms
[INFO] [1790670239.685633943] [ego_subscriber]: Received from TM_1 | Latency: 0.41 ms
[INFO] [1790670239.687974987] [ego_subscriber]: Received from TM_3 | Latency: 0.62 ms
[INFO] [1790670239.690403765] [ego_subscriber]: Received from TM_1 | Latency: 0.39 ms
[INFO] [1790670239.690503929] [ego_subscriber]: Received from TM_2 | Latency: 0.46 ms
[INFO] [1790670239.693886117] [ego_subscriber]: Received from TM_9 | Latency: 0.57 ms
[INFO] [1790670239.697052922] [ego_subscriber]: Received from TM_9 | Latency: 0.64 ms
[INFO] [1790670239.703138230] [ego_subscriber]: Received from TM_7 | Latency: 0.75 ms
[INFO] [1790670239.706513268] [ego_subscriber]: Received from TM_3 | Latency: 0.65 ms
[INFO] [1790670239.709657746] [ego_subscriber]: Received from TM_4 | Latency: 0.44 ms
[INFO] [1790670239.711158481] [ego_subscriber]: Received from TM_5 | Latency: 0.40 ms
[INFO] [1790670239.725191423] [ego_subscriber]: Received from TM_8 | Latency: 0.54 ms
[INFO] [1790670239.746056269] [ego_subscriber]: Received from TM_3 | Latency: 0.92 ms
[INFO] [1790670239.746122436] [ego_subscriber]: Received from TM_5 | Latency: 0.84 ms
[INFO] [1790670239.748199168] [ego_subscriber]: Received from TM_8 | Latency: 0.46 ms
[INFO] [1790670239.748298847] [ego_subscriber]: Received from TM_6 | Latency: 0.53 ms
[INFO] [1790670239.749511229] [ego_subscriber]: Received from TM_2 | Latency: 0.49 ms
[INFO] [1790670239.751873340] [ego_subscriber]: Received from TM_1 | Latency: 0.43 ms
[INFO] [1790670239.754587638] [ego_subscriber]: Received from TM_7 | Latency: 0.44 ms
[INFO] [1790670239.763201500] [ego_subscriber]: Received from TM_6 | Latency: 0.71 ms
[INFO] [1790670239.766206471] [ego_subscriber]: Received from TM_9 | Latency: 0.45 ms
[INFO] [1790670239.769584718] [ego_subscriber]: Received from TM_2 | Latency: 0.50 ms
[INFO] [1790670239.771055458] [ego_subscriber]: Received from TM_5 | Latency: 0.58 ms
[INFO] [1790670239.779211760] [ego_subscriber]: Received from TM_4 | Latency: 0.88 ms
[INFO] [1790670239.779298701] [ego_subscriber]: Received from TM_7 | Latency: 0.98 ms
[INFO] [1790670239.779344266] [ego_subscriber]: Received from TM_8 | Latency: 0.99 ms
[INFO] [1790670239.780548595] [ego_subscriber]: Received from TM_6 | Latency: 0.49 ms
[INFO] [1790670239.785344162] [ego_subscriber]: Received from TM_4 | Latency: 0.67 ms
[INFO] [1790670239.785505632] [ego_subscriber]: Received from TM_1 | Latency: 0.28 ms
[INFO] [1790670239.787787406] [ego_subscriber]: Received from TM_3 | Latency: 0.44 ms
[INFO] [1790670239.790586003] [ego_subscriber]: Received from TM_1 | Latency: 0.59 ms
[INFO] [1790670239.790674945] [ego_subscriber]: Received from TM_2 | Latency: 0.58 ms
[INFO] [1790670239.793768496] [ego_subscriber]: Received from TM_9 | Latency: 0.44 ms
[INFO] [1790670239.797052010] [ego_subscriber]: Received from TM_9 | Latency: 0.65 ms
[INFO] [1790670239.802966332] [ego_subscriber]: Received from TM_7 | Latency: 0.58 ms
[INFO] [1790670239.806513206] [ego_subscriber]: Received from TM_3 | Latency: 0.62 ms
[INFO] [1790670239.809741661] [ego_subscriber]: Received from TM_4 | Latency: 0.53 ms
[INFO] [1790670239.811166786] [ego_subscriber]: Received from TM_5 | Latency: 0.38 ms
[INFO] [1790670239.825126511] [ego_subscriber]: Received from TM_8 | Latency: 0.51 ms
[INFO] [1790670239.846138954] [ego_subscriber]: Received from TM_3 | Latency: 0.92 ms
[INFO] [1790670239.846208398] [ego_subscriber]: Received from TM_5 | Latency: 0.93 ms
[INFO] [1790670239.848456399] [ego_subscriber]: Received from TM_8 | Latency: 0.73 ms
[INFO] [1790670239.848522830] [ego_subscriber]: Received from TM_6 | Latency: 0.73 ms
[INFO] [1790670239.849606448] [ego_subscriber]: Received from TM_2 | Latency: 0.56 ms
[INFO] [1790670239.851997518] [ego_subscriber]: Received from TM_1 | Latency: 0.57 ms
[INFO] [1790670239.854585888] [ego_subscriber]: Received from TM_7 | Latency: 0.44 ms
[INFO] [1790670239.862999013] [ego_subscriber]: Received from TM_6 | Latency: 0.47 ms
[INFO] [1790670239.866300220] [ego_subscriber]: Received from TM_9 | Latency: 0.55 ms
[INFO] [1790670239.869496229] [ego_subscriber]: Received from TM_2 | Latency: 0.43 ms
[INFO] [1790670239.870853478] [ego_subscriber]: Received from TM_5 | Latency: 0.38 ms
[INFO] [1790670239.878972061] [ego_subscriber]: Received from TM_8 | Latency: 0.61 ms
[INFO] [1790670239.879114276] [ego_subscriber]: Received from TM_4 | Latency: 0.75 ms
[INFO] [1790670239.879160880] [ego_subscriber]: Received from TM_7 | Latency: 0.80 ms
[INFO] [1790670239.880552557] [ego_subscriber]: Received from TM_6 | Latency: 0.49 ms
[INFO] [1790670239.885281340] [ego_subscriber]: Received from TM_4 | Latency: 0.57 ms
[INFO] [1790670239.885554650] [ego_subscriber]: Received from TM_1 | Latency: 0.33 ms
[INFO] [1790670239.888019439] [ego_subscriber]: Received from TM_3 | Latency: 0.67 ms
[INFO] [1790670239.890350370] [ego_subscriber]: Received from TM_1 | Latency: 0.35 ms
[INFO] [1790670239.890518065] [ego_subscriber]: Received from TM_2 | Latency: 0.39 ms
[INFO] [1790670239.893676353] [ego_subscriber]: Received from TM_9 | Latency: 0.35 ms
[INFO] [1790670239.896813943] [ego_subscriber]: Received from TM_9 | Latency: 0.41 ms
[INFO] [1790670239.903011028] [ego_subscriber]: Received from TM_7 | Latency: 0.60 ms
[INFO] [1790670239.906387641] [ego_subscriber]: Received from TM_3 | Latency: 0.47 ms
[INFO] [1790670239.909625325] [ego_subscriber]: Received from TM_4 | Latency: 0.41 ms
[INFO] [1790670239.911155560] [ego_subscriber]: Received from TM_5 | Latency: 0.37 ms
[INFO] [1790670239.925284553] [ego_subscriber]: Received from TM_8 | Latency: 0.65 ms
[INFO] [1790670239.945735905] [ego_subscriber]: Received from TM_3 | Latency: 0.60 ms
[INFO] [1790670239.945897376] [ego_subscriber]: Received from TM_5 | Latency: 0.62 ms
[INFO] [1790670239.948211993] [ego_subscriber]: Received from TM_8 | Latency: 0.45 ms
[INFO] [1790670239.948280246] [ego_subscriber]: Received from TM_6 | Latency: 0.49 ms
[INFO] [1790670239.949459819] [ego_subscriber]: Received from TM_2 | Latency: 0.42 ms
[INFO] [1790670239.951952443] [ego_subscriber]: Received from TM_1 | Latency: 0.39 ms
[INFO] [1790670239.954619052] [ego_subscriber]: Received from TM_7 | Latency: 0.42 ms
[INFO] [1790670239.963009283] [ego_subscriber]: Received from TM_6 | Latency: 0.46 ms
[INFO] [1790670239.966295006] [ego_subscriber]: Received from TM_9 | Latency: 0.50 ms
[INFO] [1790670239.969559663] [ego_subscriber]: Received from TM_2 | Latency: 0.51 ms
[INFO] [1790670239.970898157] [ego_subscriber]: Received from TM_5 | Latency: 0.42 ms
[INFO] [1790670239.978907558] [ego_subscriber]: Received from TM_4 | Latency: 0.57 ms
[INFO] [1790670239.979032790] [ego_subscriber]: Received from TM_7 | Latency: 0.69 ms
[INFO] [1790670239.979081178] [ego_subscriber]: Received from TM_8 | Latency: 0.71 ms
[INFO] [1790670239.980455762] [ego_subscriber]: Received from TM_6 | Latency: 0.38 ms
[INFO] [1790670239.985212123] [ego_subscriber]: Received from TM_4 | Latency: 0.51 ms
[INFO] [1790670239.985526070] [ego_subscriber]: Received from TM_1 | Latency: 0.32 ms
[INFO] [1790670239.988117238] [ego_subscriber]: Received from TM_3 | Latency: 0.77 ms
[INFO] [1790670239.990275003] [ego_subscriber]: Received from TM_1 | Latency: 0.29 ms
[INFO] [1790670239.990519165] [ego_subscriber]: Received from TM_2 | Latency: 0.41 ms
[INFO] [1790670239.993735061] [ego_subscriber]: Received from TM_9 | Latency: 0.40 ms
[INFO] [1790670239.996877248] [ego_subscriber]: Received from TM_9 | Latency: 0.46 ms
[INFO] [1790670240.003060402] [ego_subscriber]: Received from TM_7 | Latency: 0.55 ms
[INFO] [1790670240.006386209] [ego_subscriber]: Received from TM_3 | Latency: 0.46 ms
[INFO] [1790670240.009685835] [ego_subscriber]: Received from TM_4 | Latency: 0.50 ms
[INFO] [1790670240.011213749] [ego_subscriber]: Received from TM_5 | Latency: 0.43 ms
[INFO] [1790670240.025280244] [ego_subscriber]: Received from TM_8 | Latency: 0.58 ms
[INFO] [1790670240.045767809] [ego_subscriber]: Received from TM_3 | Latency: 0.66 ms
[INFO] [1790670240.045893681] [ego_subscriber]: Received from TM_5 | Latency: 0.61 ms
[INFO] [1790670240.048211556] [ego_subscriber]: Received from TM_8 | Latency: 0.46 ms
[INFO] [1790670240.048287902] [ego_subscriber]: Received from TM_6 | Latency: 0.45 ms
[INFO] [1790670240.049631298] [ego_subscriber]: Received from TM_2 | Latency: 0.44 ms
[INFO] [1790670240.051844686] [ego_subscriber]: Received from TM_1 | Latency: 0.31 ms
[INFO] [1790670240.054680409] [ego_subscriber]: Received from TM_7 | Latency: 0.47 ms
[INFO] [1790670240.062982804] [ego_subscriber]: Received from TM_6 | Latency: 0.45 ms
[INFO] [1790670240.066224591] [ego_subscriber]: Received from TM_9 | Latency: 0.46 ms
[INFO] [1790670240.069485331] [ego_subscriber]: Received from TM_2 | Latency: 0.42 ms
[INFO] [1790670240.070855483] [ego_subscriber]: Received from TM_5 | Latency: 0.37 ms
[INFO] [1790670240.078849448] [ego_subscriber]: Received from TM_7 | Latency: 0.55 ms
[INFO] [1790670240.078961944] [ego_subscriber]: Received from TM_4 | Latency: 0.64 ms
[INFO] [1790670240.079012863] [ego_subscriber]: Received from TM_8 | Latency: 0.64 ms
[INFO] [1790670240.080447826] [ego_subscriber]: Received from TM_6 | Latency: 0.38 ms
[INFO] [1790670240.085200374] [ego_subscriber]: Received from TM_4 | Latency: 0.49 ms
[INFO] [1790670240.085629944] [ego_subscriber]: Received from TM_1 | Latency: 0.38 ms
[INFO] [1790670240.087979449] [ego_subscriber]: Received from TM_3 | Latency: 0.66 ms
[INFO] [1790670240.090710775] [ego_subscriber]: Received from TM_1 | Latency: 0.63 ms
[INFO] [1790670240.090784169] [ego_subscriber]: Received from TM_2 | Latency: 0.67 ms
[INFO] [1790670240.093711966] [ego_subscriber]: Received from TM_9 | Latency: 0.36 ms
[INFO] [1790670240.097053324] [ego_subscriber]: Received from TM_9 | Latency: 0.64 ms
[INFO] [1790670240.103182381] [ego_subscriber]: Received from TM_7 | Latency: 0.75 ms
[INFO] [1790670240.106669734] [ego_subscriber]: Received from TM_3 | Latency: 0.75 ms
[INFO] [1790670240.109738951] [ego_subscriber]: Received from TM_4 | Latency: 0.53 ms
[INFO] [1790670240.111248195] [ego_subscriber]: Received from TM_5 | Latency: 0.46 ms
[INFO] [1790670240.125381681] [ego_subscriber]: Received from TM_8 | Latency: 0.72 ms
[INFO] [1790670240.145852978] [ego_subscriber]: Received from TM_3 | Latency: 0.55 ms
[INFO] [1790670240.146007767] [ego_subscriber]: Received from TM_5 | Latency: 0.68 ms
[INFO] [1790670240.148458981] [ego_subscriber]: Received from TM_6 | Latency: 0.67 ms
[INFO] [1790670240.148526820] [ego_subscriber]: Received from TM_8 | Latency: 0.77 ms
[INFO] [1790670240.149649996] [ego_subscriber]: Received from TM_2 | Latency: 0.60 ms
[INFO] [1790670240.152106587] [ego_subscriber]: Received from TM_1 | Latency: 0.61 ms
[INFO] [1790670240.154716919] [ego_subscriber]: Received from TM_7 | Latency: 0.50 ms
[INFO] [1790670240.163213620] [ego_subscriber]: Received from TM_6 | Latency: 0.68 ms
[INFO] [1790670240.166502578] [ego_subscriber]: Received from TM_9 | Latency: 0.74 ms
[INFO] [1790670240.170023624] [ego_subscriber]: Received from TM_2 | Latency: 0.82 ms
[INFO] [1790670240.170950941] [ego_subscriber]: Received from TM_5 | Latency: 0.49 ms
[INFO] [1790670240.179177963] [ego_subscriber]: Received from TM_4 | Latency: 0.85 ms
[INFO] [1790670240.179246355] [ego_subscriber]: Received from TM_7 | Latency: 0.90 ms
[INFO] [1790670240.179361989] [ego_subscriber]: Received from TM_8 | Latency: 0.98 ms
[INFO] [1790670240.180507315] [ego_subscriber]: Received from TM_6 | Latency: 0.43 ms
[INFO] [1790670240.185252702] [ego_subscriber]: Received from TM_4 | Latency: 0.52 ms
[INFO] [1790670240.185696619] [ego_subscriber]: Received from TM_1 | Latency: 0.43 ms
[INFO] [1790670240.187976177] [ego_subscriber]: Received from TM_3 | Latency: 0.63 ms
[INFO] [1790670240.190859375] [ego_subscriber]: Received from TM_1 | Latency: 0.84 ms
[INFO] [1790670240.191004280] [ego_subscriber]: Received from TM_2 | Latency: 0.90 ms
[INFO] [1790670240.193764393] [ego_subscriber]: Received from TM_9 | Latency: 0.43 ms
[INFO] [1790670240.197099977] [ego_subscriber]: Received from TM_9 | Latency: 0.64 ms
[INFO] [1790670240.203240793] [ego_subscriber]: Received from TM_7 | Latency: 0.80 ms
[INFO] [1790670240.206719343] [ego_subscriber]: Received from TM_3 | Latency: 0.78 ms
[INFO] [1790670240.209716816] [ego_subscriber]: Received from TM_4 | Latency: 0.50 ms
[INFO] [1790670240.211225254] [ego_subscriber]: Received from TM_5 | Latency: 0.46 ms
[INFO] [1790670240.225459154] [ego_subscriber]: Received from TM_8 | Latency: 0.81 ms
[INFO] [1790670240.246125122] [ego_subscriber]: Received from TM_5 | Latency: 0.83 ms
[INFO] [1790670240.246194368] [ego_subscriber]: Received from TM_3 | Latency: 0.92 ms
[INFO] [1790670240.248452640] [ego_subscriber]: Received from TM_6 | Latency: 0.62 ms
[INFO] [1790670240.248517876] [ego_subscriber]: Received from TM_8 | Latency: 0.74 ms
[INFO] [1790670240.249661542] [ego_subscriber]: Received from TM_2 | Latency: 0.55 ms
[INFO] [1790670240.252023517] [ego_subscriber]: Received from TM_1 | Latency: 0.59 ms
[INFO] [1790670240.254664328] [ego_subscriber]: Received from TM_7 | Latency: 0.44 ms
[INFO] [1790670240.263207196] [ego_subscriber]: Received from TM_6 | Latency: 0.66 ms
[INFO] [1790670240.266288220] [ego_subscriber]: Received from TM_9 | Latency: 0.56 ms
[INFO] [1790670240.269636498] [ego_subscriber]: Received from TM_2 | Latency: 0.58 ms
[INFO] [1790670240.270816242] [ego_subscriber]: Received from TM_5 | Latency: 0.34 ms
[INFO] [1790670240.279041706] [ego_subscriber]: Received from TM_4 | Latency: 0.72 ms
[INFO] [1790670240.279164452] [ego_subscriber]: Received from TM_7 | Latency: 0.80 ms
[INFO] [1790670240.279210267] [ego_subscriber]: Received from TM_8 | Latency: 0.82 ms
[INFO] [1790670240.280577805] [ego_subscriber]: Received from TM_6 | Latency: 0.48 ms
[INFO] [1790670240.285202704] [ego_subscriber]: Received from TM_4 | Latency: 0.47 ms
[INFO] [1790670240.285723662] [ego_subscriber]: Received from TM_1 | Latency: 0.49 ms
[INFO] [1790670240.288220364] [ego_subscriber]: Received from TM_3 | Latency: 0.86 ms
[INFO] [1790670240.290460582] [ego_subscriber]: Received from TM_1 | Latency: 0.40 ms
[INFO] [1790670240.290579121] [ego_subscriber]: Received from TM_2 | Latency: 0.45 ms
[INFO] [1790670240.293982509] [ego_subscriber]: Received from TM_9 | Latency: 0.64 ms
[INFO] [1790670240.297091932] [ego_subscriber]: Received from TM_9 | Latency: 0.67 ms
[INFO] [1790670240.302839429] [ego_subscriber]: Received from TM_7 | Latency: 0.41 ms
[INFO] [1790670240.306453490] [ego_subscriber]: Received from TM_3 | Latency: 0.48 ms
[INFO] [1790670240.309734519] [ego_subscriber]: Received from TM_4 | Latency: 0.51 ms
[INFO] [1790670240.311191424] [ego_subscriber]: Received from TM_5 | Latency: 0.40 ms
[INFO] [1790670240.325447259] [ego_subscriber]: Received from TM_8 | Latency: 0.81 ms
[INFO] [1790670240.345690481] [ego_subscriber]: Received from TM_3 | Latency: 0.51 ms
[INFO] [1790670240.345813613] [ego_subscriber]: Received from TM_5 | Latency: 0.52 ms
[INFO] [1790670240.348281344] [ego_subscriber]: Received from TM_8 | Latency: 0.49 ms
[INFO] [1790670240.348349680] [ego_subscriber]: Received from TM_6 | Latency: 0.53 ms
[INFO] [1790670240.349342407] [ego_subscriber]: Received from TM_2 | Latency: 0.29 ms
[INFO] [1790670240.351729976] [ego_subscriber]: Received from TM_1 | Latency: 0.30 ms
[INFO] [1790670240.354641932] [ego_subscriber]: Received from TM_7 | Latency: 0.40 ms
[INFO] [1790670240.363042529] [ego_subscriber]: Received from TM_6 | Latency: 0.46 ms
[INFO] [1790670240.366214380] [ego_subscriber]: Received from TM_9 | Latency: 0.46 ms
[INFO] [1790670240.369881576] [ego_subscriber]: Received from TM_2 | Latency: 0.81 ms
[INFO] [1790670240.370956388] [ego_subscriber]: Received from TM_5 | Latency: 0.45 ms
[INFO] [1790670240.378856086] [ego_subscriber]: Received from TM_4 | Latency: 0.53 ms
[INFO] [1790670240.379020138] [ego_subscriber]: Received from TM_8 | Latency: 0.65 ms
[INFO] [1790670240.379067202] [ego_subscriber]: Received from TM_7 | Latency: 0.68 ms
[INFO] [1790670240.380464590] [ego_subscriber]: Received from TM_6 | Latency: 0.34 ms
[INFO] [1790670240.385135245] [ego_subscriber]: Received from TM_4 | Latency: 0.40 ms
[INFO] [1790670240.385585148] [ego_subscriber]: Received from TM_1 | Latency: 0.37 ms
[INFO] [1790670240.387889203] [ego_subscriber]: Received from TM_3 | Latency: 0.47 ms
[INFO] [1790670240.390574504] [ego_subscriber]: Received from TM_1 | Latency: 0.57 ms
[INFO] [1790670240.390646510] [ego_subscriber]: Received from TM_2 | Latency: 0.50 ms
[INFO] [1790670240.393751001] [ego_subscriber]: Received from TM_9 | Latency: 0.35 ms
[INFO] [1790670240.397157444] [ego_subscriber]: Received from TM_9 | Latency: 0.73 ms
[INFO] [1790670240.403126873] [ego_subscriber]: Received from TM_7 | Latency: 0.70 ms
[INFO] [1790670240.406605941] [ego_subscriber]: Received from TM_3 | Latency: 0.68 ms
[INFO] [1790670240.409770863] [ego_subscriber]: Received from TM_4 | Latency: 0.60 ms
[INFO] [1790670240.411274740] [ego_subscriber]: Received from TM_5 | Latency: 0.47 ms
[INFO] [1790670240.425479619] [ego_subscriber]: Received from TM_8 | Latency: 0.76 ms
[INFO] [1790670240.445838502] [ego_subscriber]: Received from TM_3 | Latency: 0.55 ms
[INFO] [1790670240.446017419] [ego_subscriber]: Received from TM_5 | Latency: 0.72 ms
[INFO] [1790670240.448420013] [ego_subscriber]: Received from TM_8 | Latency: 0.64 ms
[INFO] [1790670240.448507136] [ego_subscriber]: Received from TM_6 | Latency: 0.65 ms
[INFO] [1790670240.450065628] [ego_subscriber]: Received from TM_2 | Latency: 0.71 ms
[INFO] [1790670240.451976445] [ego_subscriber]: Received from TM_1 | Latency: 0.45 ms
[INFO] [1790670240.454883703] [ego_subscriber]: Received from TM_7 | Latency: 0.61 ms
[INFO] [1790670240.463249248] [ego_subscriber]: Received from TM_6 | Latency: 0.68 ms
[INFO] [1790670240.466404788] [ego_subscriber]: Received from TM_9 | Latency: 0.66 ms
[INFO] [1790670240.469878174] [ego_subscriber]: Received from TM_2 | Latency: 0.68 ms
[INFO] [1790670240.471054335] [ego_subscriber]: Received from TM_5 | Latency: 0.57 ms
[INFO] [1790670240.478877712] [ego_subscriber]: Received from TM_4 | Latency: 0.50 ms
[INFO] [1790670240.479029097] [ego_subscriber]: Received from TM_7 | Latency: 0.66 ms
[INFO] [1790670240.479081178] [ego_subscriber]: Received from TM_8 | Latency: 0.66 ms
[INFO] [1790670240.480656009] [ego_subscriber]: Received from TM_6 | Latency: 0.53 ms
[INFO] [1790670240.485357099] [ego_subscriber]: Received from TM_4 | Latency: 0.62 ms
[INFO] [1790670240.485553371] [ego_subscriber]: Received from TM_1 | Latency: 0.27 ms
[INFO] [1790670240.488060796] [ego_subscriber]: Received from TM_3 | Latency: 0.71 ms
[INFO] [1790670240.490386550] [ego_subscriber]: Received from TM_1 | Latency: 0.38 ms
[INFO] [1790670240.490521746] [ego_subscriber]: Received from TM_2 | Latency: 0.36 ms
[INFO] [1790670240.493772843] [ego_subscriber]: Received from TM_9 | Latency: 0.44 ms
[INFO] [1790670240.497017783] [ego_subscriber]: Received from TM_9 | Latency: 0.57 ms
[INFO] [1790670240.503078708] [ego_subscriber]: Received from TM_7 | Latency: 0.64 ms
[INFO] [1790670240.506658865] [ego_subscriber]: Received from TM_3 | Latency: 0.62 ms
[INFO] [1790670240.509825904] [ego_subscriber]: Received from TM_4 | Latency: 0.61 ms
[INFO] [1790670240.511250618] [ego_subscriber]: Received from TM_5 | Latency: 0.46 ms
[INFO] [1790670240.525441374] [ego_subscriber]: Received from TM_8 | Latency: 0.74 ms
[INFO] [1790670240.546212336] [ego_subscriber]: Received from TM_3 | Latency: 1.00 ms
[INFO] [1790670240.546283629] [ego_subscriber]: Received from TM_5 | Latency: 0.99 ms
[INFO] [1790670240.548194494] [ego_subscriber]: Received from TM_6 | Latency: 0.32 ms
[INFO] [1790670240.548304613] [ego_subscriber]: Received from TM_8 | Latency: 0.50 ms
[INFO] [1790670240.549815154] [ego_subscriber]: Received from TM_2 | Latency: 0.66 ms
[INFO] [1790670240.552076275] [ego_subscriber]: Received from TM_1 | Latency: 0.60 ms
[INFO] [1790670240.554982345] [ego_subscriber]: Received from TM_7 | Latency: 0.72 ms
[INFO] [1790670240.563221540] [ego_subscriber]: Received from TM_6 | Latency: 0.65 ms
[INFO] [1790670240.566372911] [ego_subscriber]: Received from TM_9 | Latency: 0.58 ms
[INFO] [1790670240.569618398] [ego_subscriber]: Received from TM_2 | Latency: 0.54 ms
[INFO] [1790670240.570909760] [ego_subscriber]: Received from TM_5 | Latency: 0.43 ms
[INFO] [1790670240.579248091] [ego_subscriber]: Received from TM_4 | Latency: 0.92 ms
[INFO] [1790670240.579315286] [ego_subscriber]: Received from TM_7 | Latency: 0.97 ms
[INFO] [1790670240.579342873] [ego_subscriber]: Received from TM_8 | Latency: 0.93 ms
[INFO] [1790670240.580482584] [ego_subscriber]: Received from TM_6 | Latency: 0.38 ms
[INFO] [1790670240.585312719] [ego_subscriber]: Received from TM_4 | Latency: 0.60 ms
[INFO] [1790670240.585687332] [ego_subscriber]: Received from TM_1 | Latency: 0.46 ms
[INFO] [1790670240.588082977] [ego_subscriber]: Received from TM_3 | Latency: 0.73 ms
[INFO] [1790670240.590345377] [ego_subscriber]: Received from TM_1 | Latency: 0.31 ms
[INFO] [1790670240.590765094] [ego_subscriber]: Received from TM_2 | Latency: 0.56 ms
[INFO] [1790670240.593811971] [ego_subscriber]: Received from TM_9 | Latency: 0.50 ms
[INFO] [1790670240.596794380] [ego_subscriber]: Received from TM_9 | Latency: 0.37 ms
[INFO] [1790670240.603134197] [ego_subscriber]: Received from TM_7 | Latency: 0.69 ms
[INFO] [1790670240.606529615] [ego_subscriber]: Received from TM_3 | Latency: 0.58 ms
[INFO] [1790670240.609759903] [ego_subscriber]: Received from TM_4 | Latency: 0.55 ms
[INFO] [1790670240.611317617] [ego_subscriber]: Received from TM_5 | Latency: 0.52 ms
[INFO] [1790670240.625400187] [ego_subscriber]: Received from TM_8 | Latency: 0.72 ms
[INFO] [1790670240.646118525] [ego_subscriber]: Received from TM_3 | Latency: 0.90 ms
[INFO] [1790670240.646187375] [ego_subscriber]: Received from TM_5 | Latency: 0.89 ms
[INFO] [1790670240.648500443] [ego_subscriber]: Received from TM_8 | Latency: 0.68 ms
[INFO] [1790670240.648568150] [ego_subscriber]: Received from TM_6 | Latency: 0.70 ms
[INFO] [1790670240.649684891] [ego_subscriber]: Received from TM_2 | Latency: 0.57 ms
[INFO] [1790670240.652190365] [ego_subscriber]: Received from TM_1 | Latency: 0.57 ms
[INFO] [1790670240.654902242] [ego_subscriber]: Received from TM_7 | Latency: 0.65 ms
[INFO] [1790670240.663123403] [ego_subscriber]: Received from TM_6 | Latency: 0.52 ms
[INFO] [1790670240.666323744] [ego_subscriber]: Received from TM_9 | Latency: 0.59 ms
[INFO] [1790670240.669895777] [ego_subscriber]: Received from TM_2 | Latency: 0.74 ms
[INFO] [1790670240.671100463] [ego_subscriber]: Received from TM_5 | Latency: 0.63 ms
[INFO] [1790670240.679203661] [ego_subscriber]: Received from TM_4 | Latency: 0.86 ms
[INFO] [1790670240.679269835] [ego_subscriber]: Received from TM_7 | Latency: 0.88 ms
[INFO] [1790670240.679296906] [ego_subscriber]: Received from TM_8 | Latency: 0.87 ms
[INFO] [1790670240.680494802] [ego_subscriber]: Received from TM_6 | Latency: 0.34 ms
[INFO] [1790670240.685330528] [ego_subscriber]: Received from TM_4 | Latency: 0.63 ms
[INFO] [1790670240.685496041] [ego_subscriber]: Received from TM_1 | Latency: 0.24 ms
[INFO] [1790670240.688105174] [ego_subscriber]: Received from TM_3 | Latency: 0.71 ms
[INFO] [1790670240.690505234] [ego_subscriber]: Received from TM_1 | Latency: 0.44 ms
[INFO] [1790670240.690614857] [ego_subscriber]: Received from TM_2 | Latency: 0.46 ms
[INFO] [1790670240.693935580] [ego_subscriber]: Received from TM_9 | Latency: 0.58 ms
[INFO] [1790670240.697018478] [ego_subscriber]: Received from TM_9 | Latency: 0.60 ms
[INFO] [1790670240.703119047] [ego_subscriber]: Received from TM_7 | Latency: 0.69 ms
[INFO] [1790670240.706577879] [ego_subscriber]: Received from TM_3 | Latency: 0.63 ms
[INFO] [1790670240.709668020] [ego_subscriber]: Received from TM_4 | Latency: 0.44 ms
[INFO] [1790670240.711144356] [ego_subscriber]: Received from TM_5 | Latency: 0.35 ms
[INFO] [1790670240.725308484] [ego_subscriber]: Received from TM_8 | Latency: 0.52 ms
[INFO] [1790670240.746038239] [ego_subscriber]: Received from TM_3 | Latency: 0.85 ms
[INFO] [1790670240.746122894] [ego_subscriber]: Received from TM_5 | Latency: 0.82 ms
[INFO] [1790670240.748288125] [ego_subscriber]: Received from TM_8 | Latency: 0.44 ms
[INFO] [1790670240.748388695] [ego_subscriber]: Received from TM_6 | Latency: 0.49 ms
[INFO] [1790670240.749484239] [ego_subscriber]: Received from TM_2 | Latency: 0.35 ms
[INFO] [1790670240.752097189] [ego_subscriber]: Received from TM_1 | Latency: 0.57 ms
[INFO] [1790670240.754946621] [ego_subscriber]: Received from TM_7 | Latency: 0.62 ms
[INFO] [1790670240.763261093] [ego_subscriber]: Received from TM_6 | Latency: 0.66 ms
[INFO] [1790670240.766449330] [ego_subscriber]: Received from TM_9 | Latency: 0.71 ms
[INFO] [1790670240.770077686] [ego_subscriber]: Received from TM_2 | Latency: 0.93 ms
[INFO] [1790670240.771031288] [ego_subscriber]: Received from TM_5 | Latency: 0.54 ms
[INFO] [1790670240.779247119] [ego_subscriber]: Received from TM_4 | Latency: 0.88 ms
[INFO] [1790670240.779313979] [ego_subscriber]: Received from TM_7 | Latency: 0.94 ms
[INFO] [1790670240.779340668] [ego_subscriber]: Received from TM_8 | Latency: 0.91 ms
[INFO] [1790670240.780670659] [ego_subscriber]: Received from TM_6 | Latency: 0.52 ms
[INFO] [1790670240.785319542] [ego_subscriber]: Received from TM_4 | Latency: 0.63 ms
[INFO] [1790670240.785535318] [ego_subscriber]: Received from TM_1 | Latency: 0.28 ms
[INFO] [1790670240.787792381] [ego_subscriber]: Received from TM_3 | Latency: 0.45 ms
[INFO] [1790670240.790670567] [ego_subscriber]: Received from TM_1 | Latency: 0.67 ms
[INFO] [1790670240.790740392] [ego_subscriber]: Received from TM_2 | Latency: 0.58 ms
[INFO] [1790670240.793844472] [ego_subscriber]: Received from TM_9 | Latency: 0.53 ms
[INFO] [1790670240.796734111] [ego_subscriber]: Received from TM_9 | Latency: 0.31 ms
[INFO] [1790670240.803000254] [ego_subscriber]: Received from TM_7 | Latency: 0.49 ms
[INFO] [1790670240.806610366] [ego_subscriber]: Received from TM_3 | Latency: 0.59 ms
[INFO] [1790670240.809936078] [ego_subscriber]: Received from TM_4 | Latency: 0.69 ms
[INFO] [1790670240.811330927] [ego_subscriber]: Received from TM_5 | Latency: 0.53 ms
[INFO] [1790670240.825395246] [ego_subscriber]: Received from TM_8 | Latency: 0.72 ms
[INFO] [1790670240.845731244] [ego_subscriber]: Received from TM_3 | Latency: 0.53 ms
[INFO] [1790670240.845864209] [ego_subscriber]: Received from TM_5 | Latency: 0.56 ms
[INFO] [1790670240.848531207] [ego_subscriber]: Received from TM_8 | Latency: 0.67 ms
[INFO] [1790670240.848594976] [ego_subscriber]: Received from TM_6 | Latency: 0.71 ms
[INFO] [1790670240.849774566] [ego_subscriber]: Received from TM_2 | Latency: 0.56 ms
[INFO] [1790670240.852084475] [ego_subscriber]: Received from TM_1 | Latency: 0.59 ms
[INFO] [1790670240.855038487] [ego_subscriber]: Received from TM_7 | Latency: 0.73 ms
[INFO] [1790670240.863055315] [ego_subscriber]: Received from TM_6 | Latency: 0.43 ms
[INFO] [1790670240.866338836] [ego_subscriber]: Received from TM_9 | Latency: 0.59 ms
[INFO] [1790670240.869725996] [ego_subscriber]: Received from TM_2 | Latency: 0.61 ms
[INFO] [1790670240.870976976] [ego_subscriber]: Received from TM_5 | Latency: 0.47 ms
[INFO] [1790670240.878985809] [ego_subscriber]: Received from TM_4 | Latency: 0.60 ms
[INFO] [1790670240.879105852] [ego_subscriber]: Received from TM_7 | Latency: 0.69 ms
[INFO] [1790670240.879152712] [ego_subscriber]: Received from TM_8 | Latency: 0.74 ms
[INFO] [1790670240.880530771] [ego_subscriber]: Received from TM_6 | Latency: 0.37 ms
[INFO] [1790670240.885078915] [ego_subscriber]: Received from TM_4 | Latency: 0.38 ms
[INFO] [1790670240.885804971] [ego_subscriber]: Received from TM_1 | Latency: 0.53 ms
[INFO] [1790670240.887800576] [ego_subscriber]: Received from TM_3 | Latency: 0.48 ms
[INFO] [1790670240.890286119] [ego_subscriber]: Received from TM_1 | Latency: 0.27 ms
[INFO] [1790670240.890559140] [ego_subscriber]: Received from TM_2 | Latency: 0.33 ms
[INFO] [1790670240.893706789] [ego_subscriber]: Received from TM_9 | Latency: 0.35 ms
[INFO] [1790670240.896799200] [ego_subscriber]: Received from TM_9 | Latency: 0.38 ms
[INFO] [1790670240.903060168] [ego_subscriber]: Received from TM_7 | Latency: 0.54 ms
[INFO] [1790670240.906389311] [ego_subscriber]: Received from TM_3 | Latency: 0.42 ms
[INFO] [1790670240.909810052] [ego_subscriber]: Received from TM_4 | Latency: 0.60 ms
[INFO] [1790670240.911131982] [ego_subscriber]: Received from TM_5 | Latency: 0.34 ms
[INFO] [1790670240.925439814] [ego_subscriber]: Received from TM_8 | Latency: 0.72 ms
[INFO] [1790670240.945850000] [ego_subscriber]: Received from TM_3 | Latency: 0.64 ms
[INFO] [1790670240.946030376] [ego_subscriber]: Received from TM_5 | Latency: 0.73 ms
[INFO] [1790670240.948439485] [ego_subscriber]: Received from TM_8 | Latency: 0.59 ms
[INFO] [1790670240.948500883] [ego_subscriber]: Received from TM_6 | Latency: 0.60 ms
[INFO] [1790670240.949632967] [ego_subscriber]: Received from TM_2 | Latency: 0.44 ms
[INFO] [1790670240.952074095] [ego_subscriber]: Received from TM_1 | Latency: 0.57 ms
[INFO] [1790670240.954764717] [ego_subscriber]: Received from TM_7 | Latency: 0.45 ms
[INFO] [1790670240.963366831] [ego_subscriber]: Received from TM_6 | Latency: 0.73 ms
[INFO] [1790670240.966264690] [ego_subscriber]: Received from TM_9 | Latency: 0.49 ms
[INFO] [1790670240.969764336] [ego_subscriber]: Received from TM_2 | Latency: 0.62 ms
[INFO] [1790670240.970969532] [ego_subscriber]: Received from TM_5 | Latency: 0.43 ms
[INFO] [1790670240.978900732] [ego_subscriber]: Received from TM_4 | Latency: 0.55 ms
[INFO] [1790670240.979048057] [ego_subscriber]: Received from TM_7 | Latency: 0.63 ms
[INFO] [1790670240.979149208] [ego_subscriber]: Received from TM_8 | Latency: 0.66 ms
[INFO] [1790670240.980600316] [ego_subscriber]: Received from TM_6 | Latency: 0.41 ms
[INFO] [1790670240.985137241] [ego_subscriber]: Received from TM_4 | Latency: 0.41 ms
[INFO] [1790670240.985606464] [ego_subscriber]: Received from TM_1 | Latency: 0.37 ms
[INFO] [1790670240.987789493] [ego_subscriber]: Received from TM_3 | Latency: 0.37 ms
[INFO] [1790670240.990413375] [ego_subscriber]: Received from TM_1 | Latency: 0.35 ms
[INFO] [1790670240.990750847] [ego_subscriber]: Received from TM_2 | Latency: 0.49 ms
[INFO] [1790670240.993699294] [ego_subscriber]: Received from TM_9 | Latency: 0.35 ms
[INFO] [1790670240.996815760] [ego_subscriber]: Received from TM_9 | Latency: 0.35 ms
[INFO] [1790670241.003021891] [ego_subscriber]: Received from TM_7 | Latency: 0.51 ms
[INFO] [1790670241.006756700] [ego_subscriber]: Received from TM_3 | Latency: 0.66 ms
[INFO] [1790670241.009665371] [ego_subscriber]: Received from TM_4 | Latency: 0.44 ms
[INFO] [1790670241.011156898] [ego_subscriber]: Received from TM_5 | Latency: 0.38 ms
[INFO] [1790670241.025279701] [ego_subscriber]: Received from TM_8 | Latency: 0.54 ms
[INFO] [1790670241.045584564] [ego_subscriber]: Received from TM_3 | Latency: 0.41 ms
[INFO] [1790670241.045769576] [ego_subscriber]: Received from TM_5 | Latency: 0.47 ms
[INFO] [1790670241.048271481] [ego_subscriber]: Received from TM_8 | Latency: 0.45 ms
[INFO] [1790670241.048350237] [ego_subscriber]: Received from TM_6 | Latency: 0.45 ms
[INFO] [1790670241.049739753] [ego_subscriber]: Received from TM_2 | Latency: 0.53 ms
[INFO] [1790670241.051976607] [ego_subscriber]: Received from TM_1 | Latency: 0.44 ms
[INFO] [1790670241.054720815] [ego_subscriber]: Received from TM_7 | Latency: 0.40 ms
[INFO] [1790670241.063125359] [ego_subscriber]: Received from TM_6 | Latency: 0.52 ms
[INFO] [1790670241.066163567] [ego_subscriber]: Received from TM_9 | Latency: 0.44 ms
[INFO] [1790670241.069813297] [ego_subscriber]: Received from TM_2 | Latency: 0.64 ms
[INFO] [1790670241.070985651] [ego_subscriber]: Received from TM_5 | Latency: 0.49 ms
[INFO] [1790670241.078903102] [ego_subscriber]: Received from TM_4 | Latency: 0.57 ms
[INFO] [1790670241.079042567] [ego_subscriber]: Received from TM_8 | Latency: 0.57 ms
[INFO] [1790670241.079090183] [ego_subscriber]: Received from TM_7 | Latency: 0.66 ms
[INFO] [1790670241.080525856] [ego_subscriber]: Received from TM_6 | Latency: 0.36 ms
[INFO] [1790670241.085216132] [ego_subscriber]: Received from TM_4 | Latency: 0.49 ms
[INFO] [1790670241.085693577] [ego_subscriber]: Received from TM_1 | Latency: 0.42 ms
[INFO] [1790670241.088061623] [ego_subscriber]: Received from TM_3 | Latency: 0.69 ms
[INFO] [1790670241.090620743] [ego_subscriber]: Received from TM_1 | Latency: 0.43 ms
[INFO] [1790670241.090739845] [ego_subscriber]: Received from TM_2 | Latency: 0.51 ms
[INFO] [1790670241.093728239] [ego_subscriber]: Received from TM_9 | Latency: 0.40 ms
[INFO] [1790670241.096903294] [ego_subscriber]: Received from TM_9 | Latency: 0.42 ms
[INFO] [1790670241.103093829] [ego_subscriber]: Received from TM_7 | Latency: 0.56 ms
[INFO] [1790670241.106428601] [ego_subscriber]: Received from TM_3 | Latency: 0.44 ms
[INFO] [1790670241.109780547] [ego_subscriber]: Received from TM_4 | Latency: 0.51 ms
[INFO] [1790670241.111189715] [ego_subscriber]: Received from TM_5 | Latency: 0.36 ms
[INFO] [1790670241.125313223] [ego_subscriber]: Received from TM_8 | Latency: 0.56 ms
[INFO] [1790670241.145812832] [ego_subscriber]: Received from TM_3 | Latency: 0.59 ms
[INFO] [1790670241.145975784] [ego_subscriber]: Received from TM_5 | Latency: 0.67 ms
[INFO] [1790670241.148211609] [ego_subscriber]: Received from TM_8 | Latency: 0.36 ms
[INFO] [1790670241.148307889] [ego_subscriber]: Received from TM_6 | Latency: 0.42 ms
[INFO] [1790670241.149599778] [ego_subscriber]: Received from TM_2 | Latency: 0.39 ms
[INFO] [1790670241.152056529] [ego_subscriber]: Received from TM_1 | Latency: 0.39 ms
[INFO] [1790670241.154674336] [ego_subscriber]: Received from TM_7 | Latency: 0.33 ms
[INFO] [1790670241.163112979] [ego_subscriber]: Received from TM_6 | Latency: 0.49 ms
[INFO] [1790670241.166321112] [ego_subscriber]: Received from TM_9 | Latency: 0.51 ms
[INFO] [1790670241.169629494] [ego_subscriber]: Received from TM_2 | Latency: 0.48 ms
[INFO] [1790670241.170958841] [ego_subscriber]: Received from TM_5 | Latency: 0.45 ms
[INFO] [1790670241.178914043] [ego_subscriber]: Received from TM_4 | Latency: 0.56 ms
[INFO] [1790670241.179057871] [ego_subscriber]: Received from TM_7 | Latency: 0.63 ms
[INFO] [1790670241.179105306] [ego_subscriber]: Received from TM_8 | Latency: 0.63 ms
[INFO] [1790670241.180497561] [ego_subscriber]: Received from TM_6 | Latency: 0.33 ms
[INFO] [1790670241.185178957] [ego_subscriber]: Received from TM_4 | Latency: 0.46 ms
[INFO] [1790670241.185646611] [ego_subscriber]: Received from TM_1 | Latency: 0.40 ms
[INFO] [1790670241.187885979] [ego_subscriber]: Received from TM_3 | Latency: 0.51 ms
[INFO] [1790670241.190405566] [ego_subscriber]: Received from TM_1 | Latency: 0.40 ms
[INFO] [1790670241.190772479] [ego_subscriber]: Received from TM_2 | Latency: 0.57 ms
[INFO] [1790670241.193642653] [ego_subscriber]: Received from TM_9 | Latency: 0.31 ms
[INFO] [1790670241.196939223] [ego_subscriber]: Received from TM_9 | Latency: 0.48 ms
[INFO] [1790670241.203161367] [ego_subscriber]: Received from TM_7 | Latency: 0.52 ms
[INFO] [1790670241.206647751] [ego_subscriber]: Received from TM_3 | Latency: 0.66 ms
[INFO] [1790670241.209617799] [ego_subscriber]: Received from TM_4 | Latency: 0.41 ms
[INFO] [1790670241.211375368] [ego_subscriber]: Received from TM_5 | Latency: 0.58 ms
[INFO] [1790670241.225349365] [ego_subscriber]: Received from TM_8 | Latency: 0.59 ms
[INFO] [1790670241.246065726] [ego_subscriber]: Received from TM_5 | Latency: 0.76 ms
[INFO] [1790670241.246134752] [ego_subscriber]: Received from TM_3 | Latency: 0.93 ms
[INFO] [1790670241.248259670] [ego_subscriber]: Received from TM_8 | Latency: 0.41 ms
[INFO] [1790670241.248345497] [ego_subscriber]: Received from TM_6 | Latency: 0.41 ms
[INFO] [1790670241.249483617] [ego_subscriber]: Received from TM_2 | Latency: 0.31 ms
[INFO] [1790670241.252485296] [ego_subscriber]: Received from TM_1 | Latency: 0.47 ms
[INFO] [1790670241.254756714] [ego_subscriber]: Received from TM_7 | Latency: 0.39 ms
[INFO] [1790670241.263279727] [ego_subscriber]: Received from TM_6 | Latency: 0.65 ms
[INFO] [1790670241.266220781] [ego_subscriber]: Received from TM_9 | Latency: 0.45 ms
[INFO] [1790670241.269776123] [ego_subscriber]: Received from TM_2 | Latency: 0.59 ms
[INFO] [1790670241.270895536] [ego_subscriber]: Received from TM_5 | Latency: 0.40 ms
[INFO] [1790670241.279297676] [ego_subscriber]: Received from TM_4 | Latency: 0.95 ms
[INFO] [1790670241.279369964] [ego_subscriber]: Received from TM_8 | Latency: 0.92 ms
[INFO] [1790670241.279427030] [ego_subscriber]: Received from TM_7 | Latency: 0.92 ms
[INFO] [1790670241.280641266] [ego_subscriber]: Received from TM_6 | Latency: 0.47 ms
[INFO] [1790670241.285144987] [ego_subscriber]: Received from TM_4 | Latency: 0.43 ms
[INFO] [1790670241.285758721] [ego_subscriber]: Received from TM_1 | Latency: 0.51 ms
[INFO] [1790670241.288321922] [ego_subscriber]: Received from TM_3 | Latency: 0.88 ms
[INFO] [1790670241.290475467] [ego_subscriber]: Received from TM_1 | Latency: 0.43 ms
[INFO] [1790670241.290641484] [ego_subscriber]: Received from TM_2 | Latency: 0.43 ms
[INFO] [1790670241.293973628] [ego_subscriber]: Received from TM_9 | Latency: 0.62 ms
[INFO] [1790670241.296855973] [ego_subscriber]: Received from TM_9 | Latency: 0.42 ms
[INFO] [1790670241.303073137] [ego_subscriber]: Received from TM_7 | Latency: 0.55 ms
[INFO] [1790670241.306464576] [ego_subscriber]: Received from TM_3 | Latency: 0.44 ms
[INFO] [1790670241.309839932] [ego_subscriber]: Received from TM_4 | Latency: 0.60 ms
[INFO] [1790670241.311406751] [ego_subscriber]: Received from TM_5 | Latency: 0.64 ms
[INFO] [1790670241.325598129] [ego_subscriber]: Received from TM_8 | Latency: 0.80 ms
[INFO] [1790670241.346104261] [ego_subscriber]: Received from TM_3 | Latency: 0.84 ms
[INFO] [1790670241.346187557] [ego_subscriber]: Received from TM_5 | Latency: 0.86 ms
[INFO] [1790670241.348546159] [ego_subscriber]: Received from TM_8 | Latency: 0.69 ms
[INFO] [1790670241.348611445] [ego_subscriber]: Received from TM_6 | Latency: 0.67 ms
[INFO] [1790670241.349553423] [ego_subscriber]: Received from TM_2 | Latency: 0.39 ms
[INFO] [1790670241.351767907] [ego_subscriber]: Received from TM_1 | Latency: 0.28 ms
[INFO] [1790670241.354726632] [ego_subscriber]: Received from TM_7 | Latency: 0.36 ms
[INFO] [1790670241.363080821] [ego_subscriber]: Received from TM_6 | Latency: 0.36 ms
[INFO] [1790670241.366110339] [ego_subscriber]: Received from TM_9 | Latency: 0.36 ms
[INFO] [1790670241.369975712] [ego_subscriber]: Received from TM_2 | Latency: 0.76 ms
[INFO] [1790670241.370814617] [ego_subscriber]: Received from TM_5 | Latency: 0.32 ms
[INFO] [1790670241.378810149] [ego_subscriber]: Received from TM_4 | Latency: 0.46 ms
[INFO] [1790670241.378969121] [ego_subscriber]: Received from TM_8 | Latency: 0.55 ms
[INFO] [1790670241.379027928] [ego_subscriber]: Received from TM_7 | Latency: 0.58 ms
[INFO] [1790670241.380538244] [ego_subscriber]: Received from TM_6 | Latency: 0.31 ms
[INFO] [1790670241.385301726] [ego_subscriber]: Received from TM_4 | Latency: 0.60 ms
[INFO] [1790670241.385756987] [ego_subscriber]: Received from TM_1 | Latency: 0.47 ms
[INFO] [1790670241.388149310] [ego_subscriber]: Received from TM_3 | Latency: 0.77 ms
[INFO] [1790670241.390318853] [ego_subscriber]: Received from TM_1 | Latency: 0.31 ms
[INFO] [1790670241.390704912] [ego_subscriber]: Received from TM_2 | Latency: 0.49 ms
[INFO] [1790670241.393807442] [ego_subscriber]: Received from TM_9 | Latency: 0.44 ms
[INFO] [1790670241.397005989] [ego_subscriber]: Received from TM_9 | Latency: 0.58 ms
[INFO] [1790670241.403244137] [ego_subscriber]: Received from TM_7 | Latency: 0.69 ms
[INFO] [1790670241.406654086] [ego_subscriber]: Received from TM_3 | Latency: 0.62 ms
[INFO] [1790670241.409664843] [ego_subscriber]: Received from TM_4 | Latency: 0.44 ms
[INFO] [1790670241.411154883] [ego_subscriber]: Received from TM_5 | Latency: 0.36 ms
[INFO] [1790670241.425497275] [ego_subscriber]: Received from TM_8 | Latency: 0.74 ms
[INFO] [1790670241.446123751] [ego_subscriber]: Received from TM_3 | Latency: 0.86 ms
[INFO] [1790670241.446194933] [ego_subscriber]: Received from TM_5 | Latency: 0.88 ms
[INFO] [1790670241.448388681] [ego_subscriber]: Received from TM_8 | Latency: 0.47 ms
[INFO] [1790670241.448517454] [ego_subscriber]: Received from TM_6 | Latency: 0.55 ms
[INFO] [1790670241.449870926] [ego_subscriber]: Received from TM_2 | Latency: 0.65 ms
[INFO] [1790670241.452123693] [ego_subscriber]: Received from TM_1 | Latency: 0.56 ms
[INFO] [1790670241.455006318] [ego_subscriber]: Received from TM_7 | Latency: 0.62 ms
[INFO] [1790670241.463171069] [ego_subscriber]: Received from TM_6 | Latency: 0.47 ms
[INFO] [1790670241.466378184] [ego_subscriber]: Received from TM_9 | Latency: 0.60 ms
[INFO] [1790670241.469884237] [ego_subscriber]: Received from TM_2 | Latency: 0.66 ms
[INFO] [1790670241.471119084] [ego_subscriber]: Received from TM_5 | Latency: 0.61 ms
[INFO] [1790670241.479253580] [ego_subscriber]: Received from TM_4 | Latency: 0.89 ms
[INFO] [1790670241.479319584] [ego_subscriber]: Received from TM_7 | Latency: 0.88 ms
[INFO] [1790670241.479360627] [ego_subscriber]: Received from TM_8 | Latency: 0.88 ms
[INFO] [1790670241.480540746] [ego_subscriber]: Received from TM_6 | Latency: 0.33 ms
[INFO] [1790670241.485233971] [ego_subscriber]: Received from TM_4 | Latency: 0.50 ms
[INFO] [1790670241.485808508] [ego_subscriber]: Received from TM_1 | Latency: 0.50 ms
[INFO] [1790670241.488158531] [ego_subscriber]: Received from TM_3 | Latency: 0.73 ms
[INFO] [1790670241.490376081] [ego_subscriber]: Received from TM_1 | Latency: 0.35 ms
[INFO] [1790670241.490628000] [ego_subscriber]: Received from TM_2 | Latency: 0.40 ms
[INFO] [1790670241.493733545] [ego_subscriber]: Received from TM_9 | Latency: 0.37 ms
[INFO] [1790670241.496815633] [ego_subscriber]: Received from TM_9 | Latency: 0.39 ms
[INFO] [1790670241.503112368] [ego_subscriber]: Received from TM_7 | Latency: 0.49 ms
[INFO] [1790670241.506445258] [ego_subscriber]: Received from TM_3 | Latency: 0.44 ms
[INFO] [1790670241.509682484] [ego_subscriber]: Received from TM_4 | Latency: 0.44 ms
[INFO] [1790670241.511175788] [ego_subscriber]: Received from TM_5 | Latency: 0.37 ms
[INFO] [1790670241.525313441] [ego_subscriber]: Received from TM_8 | Latency: 0.57 ms
[INFO] [1790670241.545807834] [ego_subscriber]: Received from TM_5 | Latency: 0.50 ms
[INFO] [1790670241.545959857] [ego_subscriber]: Received from TM_3 | Latency: 0.70 ms
[INFO] [1790670241.548313553] [ego_subscriber]: Received from TM_8 | Latency: 0.44 ms
[INFO] [1790670241.548386783] [ego_subscriber]: Received from TM_6 | Latency: 0.42 ms
[INFO] [1790670241.549621809] [ego_subscriber]: Received from TM_2 | Latency: 0.41 ms
[INFO] [1790670241.551902296] [ego_subscriber]: Received from TM_1 | Latency: 0.37 ms
[INFO] [1790670241.554868393] [ego_subscriber]: Received from TM_7 | Latency: 0.48 ms
[INFO] [1790670241.563109479] [ego_subscriber]: Received from TM_6 | Latency: 0.46 ms
[INFO] [1790670241.566207927] [ego_subscriber]: Received from TM_9 | Latency: 0.40 ms
[INFO] [1790670241.569730504] [ego_subscriber]: Received from TM_2 | Latency: 0.41 ms
[INFO] [1790670241.571015175] [ego_subscriber]: Received from TM_5 | Latency: 0.47 ms
[INFO] [1790670241.579056776] [ego_subscriber]: Received from TM_4 | Latency: 0.70 ms
[INFO] [1790670241.579143908] [ego_subscriber]: Received from TM_7 | Latency: 0.76 ms
[INFO] [1790670241.579189277] [ego_subscriber]: Received from TM_8 | Latency: 0.73 ms
[INFO] [1790670241.580588743] [ego_subscriber]: Received from TM_6 | Latency: 0.38 ms
[INFO] [1790670241.585173931] [ego_subscriber]: Received from TM_4 | Latency: 0.46 ms
[INFO] [1790670241.585596284] [ego_subscriber]: Received from TM_1 | Latency: 0.34 ms
[INFO] [1790670241.588201907] [ego_subscriber]: Received from TM_3 | Latency: 0.78 ms
[INFO] [1790670241.590529561] [ego_subscriber]: Received from TM_1 | Latency: 0.39 ms
[INFO] [1790670241.590630918] [ego_subscriber]: Received from TM_2 | Latency: 0.39 ms
[INFO] [1790670241.593865787] [ego_subscriber]: Received from TM_9 | Latency: 0.43 ms
[INFO] [1790670241.596852890] [ego_subscriber]: Received from TM_9 | Latency: 0.42 ms
[INFO] [1790670241.603052429] [ego_subscriber]: Received from TM_7 | Latency: 0.48 ms
[INFO] [1790670241.606413702] [ego_subscriber]: Received from TM_3 | Latency: 0.40 ms
[INFO] [1790670241.609676418] [ego_subscriber]: Received from TM_4 | Latency: 0.47 ms
[INFO] [1790670241.611245606] [ego_subscriber]: Received from TM_5 | Latency: 0.45 ms
[INFO] [1790670241.625425959] [ego_subscriber]: Received from TM_8 | Latency: 0.56 ms
[INFO] [1790670241.645808740] [ego_subscriber]: Received from TM_3 | Latency: 0.54 ms
[INFO] [1790670241.645988004] [ego_subscriber]: Received from TM_5 | Latency: 0.68 ms
[INFO] [1790670241.648315364] [ego_subscriber]: Received from TM_8 | Latency: 0.41 ms
[INFO] [1790670241.648407282] [ego_subscriber]: Received from TM_6 | Latency: 0.44 ms
[INFO] [1790670241.649752399] [ego_subscriber]: Received from TM_2 | Latency: 0.51 ms
[INFO] [1790670241.651950867] [ego_subscriber]: Received from TM_1 | Latency: 0.38 ms
[INFO] [1790670241.654821745] [ego_subscriber]: Received from TM_7 | Latency: 0.41 ms
[INFO] [1790670241.663088790] [ego_subscriber]: Received from TM_6 | Latency: 0.41 ms
[INFO] [1790670241.666138338] [ego_subscriber]: Received from TM_9 | Latency: 0.37 ms
[INFO] [1790670241.669602384] [ego_subscriber]: Received from TM_2 | Latency: 0.39 ms
[INFO] [1790670241.671058837] [ego_subscriber]: Received from TM_5 | Latency: 0.51 ms
[INFO] [1790670241.678846314] [ego_subscriber]: Received from TM_4 | Latency: 0.50 ms
[INFO] [1790670241.679117352] [ego_subscriber]: Received from TM_7 | Latency: 0.68 ms
[INFO] [1790670241.679169296] [ego_subscriber]: Received from TM_8 | Latency: 0.67 ms
[INFO] [1790670241.680561316] [ego_subscriber]: Received from TM_6 | Latency: 0.30 ms
[INFO] [1790670241.685222930] [ego_subscriber]: Received from TM_4 | Latency: 0.50 ms
[INFO] [1790670241.685661820] [ego_subscriber]: Received from TM_1 | Latency: 0.38 ms
[INFO] [1790670241.687847747] [ego_subscriber]: Received from TM_3 | Latency: 0.46 ms
[INFO] [1790670241.690505732] [ego_subscriber]: Received from TM_1 | Latency: 0.38 ms
[INFO] [1790670241.690663395] [ego_subscriber]: Received from TM_2 | Latency: 0.41 ms
[INFO] [1790670241.693640888] [ego_subscriber]: Received from TM_9 | Latency: 0.31 ms
[INFO] [1790670241.696866706] [ego_subscriber]: Received from TM_9 | Latency: 0.44 ms
[INFO] [1790670241.703146773] [ego_subscriber]: Received from TM_7 | Latency: 0.49 ms
[INFO] [1790670241.706606905] [ego_subscriber]: Received from TM_3 | Latency: 0.58 ms
[INFO] [1790670241.709704517] [ego_subscriber]: Received from TM_4 | Latency: 0.45 ms
[INFO] [1790670241.711300876] [ego_subscriber]: Received from TM_5 | Latency: 0.49 ms
[INFO] [1790670241.725584165] [ego_subscriber]: Received from TM_8 | Latency: 0.71 ms
[INFO] [1790670241.745792434] [ego_subscriber]: Received from TM_3 | Latency: 0.50 ms
[INFO] [1790670241.745955525] [ego_subscriber]: Received from TM_5 | Latency: 0.65 ms
[INFO] [1790670241.748496147] [ego_subscriber]: Received from TM_8 | Latency: 0.58 ms
[INFO] [1790670241.748567934] [ego_subscriber]: Received from TM_6 | Latency: 0.61 ms
[INFO] [1790670241.749623694] [ego_subscriber]: Received from TM_2 | Latency: 0.40 ms
[INFO] [1790670241.751980499] [ego_subscriber]: Received from TM_1 | Latency: 0.42 ms
[INFO] [1790670241.754745761] [ego_subscriber]: Received from TM_7 | Latency: 0.39 ms
[INFO] [1790670241.763221638] [ego_subscriber]: Received from TM_6 | Latency: 0.54 ms
[INFO] [1790670241.766319938] [ego_subscriber]: Received from TM_9 | Latency: 0.57 ms
[INFO] [1790670241.769763128] [ego_subscriber]: Received from TM_2 | Latency: 0.57 ms
[INFO] [1790670241.771080324] [ego_subscriber]: Received from TM_5 | Latency: 0.59 ms
[INFO] [1790670241.779390552] [ego_subscriber]: Received from TM_4 | Latency: 1.05 ms
[INFO] [1790670241.779465987] [ego_subscriber]: Received from TM_7 | Latency: 0.97 ms
[INFO] [1790670241.779494484] [ego_subscriber]: Received from TM_8 | Latency: 0.98 ms
[INFO] [1790670241.780932439] [ego_subscriber]: Received from TM_6 | Latency: 0.60 ms
[INFO] [1790670241.785397705] [ego_subscriber]: Received from TM_4 | Latency: 0.69 ms
[INFO] [1790670241.785735790] [ego_subscriber]: Received from TM_1 | Latency: 0.46 ms
[INFO] [1790670241.787688099] [ego_subscriber]: Received from TM_3 | Latency: 0.36 ms
[INFO] [1790670241.790468640] [ego_subscriber]: Received from TM_1 | Latency: 0.42 ms
[INFO] [1790670241.790618469] [ego_subscriber]: Received from TM_2 | Latency: 0.37 ms
[INFO] [1790670241.793761547] [ego_subscriber]: Received from TM_9 | Latency: 0.38 ms
[INFO] [1790670241.797076339] [ego_subscriber]: Received from TM_9 | Latency: 0.65 ms
[INFO] [1790670241.803143964] [ego_subscriber]: Received from TM_7 | Latency: 0.49 ms
[INFO] [1790670241.806472056] [ego_subscriber]: Received from TM_3 | Latency: 0.42 ms
[INFO] [1790670241.809655795] [ego_subscriber]: Received from TM_4 | Latency: 0.40 ms
[INFO] [1790670241.811165843] [ego_subscriber]: Received from TM_5 | Latency: 0.34 ms
[INFO] [1790670241.825339089] [ego_subscriber]: Received from TM_8 | Latency: 0.52 ms
[INFO] [1790670241.846133275] [ego_subscriber]: Received from TM_5 | Latency: 0.82 ms
[INFO] [1790670241.846206406] [ego_subscriber]: Received from TM_3 | Latency: 0.90 ms
[INFO] [1790670241.848384605] [ego_subscriber]: Received from TM_8 | Latency: 0.46 ms
[INFO] [1790670241.848508313] [ego_subscriber]: Received from TM_6 | Latency: 0.53 ms
[INFO] [1790670241.849691029] [ego_subscriber]: Received from TM_2 | Latency: 0.40 ms
[INFO] [1790670241.852161485] [ego_subscriber]: Received from TM_1 | Latency: 0.60 ms
[INFO] [1790670241.855173097] [ego_subscriber]: Received from TM_7 | Latency: 0.79 ms
[INFO] [1790670241.863349023] [ego_subscriber]: Received from TM_6 | Latency: 0.64 ms
[INFO] [1790670241.866208878] [ego_subscriber]: Received from TM_9 | Latency: 0.46 ms
[INFO] [1790670241.869796113] [ego_subscriber]: Received from TM_2 | Latency: 0.59 ms
[INFO] [1790670241.871016879] [ego_subscriber]: Received from TM_5 | Latency: 0.52 ms
[INFO] [1790670241.879262118] [ego_subscriber]: Received from TM_4 | Latency: 0.91 ms
[INFO] [1790670241.879337639] [ego_subscriber]: Received from TM_7 | Latency: 0.83 ms
[INFO] [1790670241.879364764] [ego_subscriber]: Received from TM_8 | Latency: 0.81 ms
[INFO] [1790670241.880905416] [ego_subscriber]: Received from TM_6 | Latency: 0.59 ms
[INFO] [1790670241.885391857] [ego_subscriber]: Received from TM_4 | Latency: 0.67 ms
[INFO] [1790670241.885822846] [ego_subscriber]: Received from TM_1 | Latency: 0.53 ms
[INFO] [1790670241.887894599] [ego_subscriber]: Received from TM_3 | Latency: 0.48 ms
[INFO] [1790670241.890538491] [ego_subscriber]: Received from TM_1 | Latency: 0.54 ms
[INFO] [1790670241.890633191] [ego_subscriber]: Received from TM_2 | Latency: 0.40 ms
[INFO] [1790670241.893889467] [ego_subscriber]: Received from TM_9 | Latency: 0.52 ms
[INFO] [1790670241.897093766] [ego_subscriber]: Received from TM_9 | Latency: 0.65 ms
[INFO] [1790670241.903369718] [ego_subscriber]: Received from TM_7 | Latency: 0.68 ms
[INFO] [1790670241.907026560] [ego_subscriber]: Received from TM_3 | Latency: 0.93 ms
[INFO] [1790670241.909986294] [ego_subscriber]: Received from TM_4 | Latency: 0.74 ms
[INFO] [1790670241.911315703] [ego_subscriber]: Received from TM_5 | Latency: 0.50 ms
[INFO] [1790670241.925654031] [ego_subscriber]: Received from TM_8 | Latency: 0.79 ms
[INFO] [1790670241.946164186] [ego_subscriber]: Received from TM_5 | Latency: 0.84 ms
[INFO] [1790670241.946231811] [ego_subscriber]: Received from TM_3 | Latency: 0.88 ms
[INFO] [1790670241.948360095] [ego_subscriber]: Received from TM_8 | Latency: 0.45 ms
[INFO] [1790670241.948501098] [ego_subscriber]: Received from TM_6 | Latency: 0.51 ms
[INFO] [1790670241.949808522] [ego_subscriber]: Received from TM_2 | Latency: 0.51 ms
[INFO] [1790670241.952108287] [ego_subscriber]: Received from TM_1 | Latency: 0.58 ms
[INFO] [1790670241.954901922] [ego_subscriber]: Received from TM_7 | Latency: 0.51 ms
[INFO] [1790670241.963362737] [ego_subscriber]: Received from TM_6 | Latency: 0.65 ms
[INFO] [1790670241.966407035] [ego_subscriber]: Received from TM_9 | Latency: 0.66 ms
[INFO] [1790670241.969619426] [ego_subscriber]: Received from TM_2 | Latency: 0.39 ms
[INFO] [1790670241.970888410] [ego_subscriber]: Received from TM_5 | Latency: 0.37 ms
[INFO] [1790670241.979260297] [ego_subscriber]: Received from TM_4 | Latency: 0.90 ms
[INFO] [1790670241.979326819] [ego_subscriber]: Received from TM_7 | Latency: 0.82 ms
[INFO] [1790670241.979357264] [ego_subscriber]: Received from TM_8 | Latency: 0.84 ms
[INFO] [1790670241.980657512] [ego_subscriber]: Received from TM_6 | Latency: 0.40 ms
[INFO] [1790670241.985313512] [ego_subscriber]: Received from TM_4 | Latency: 0.59 ms
[INFO] [1790670241.985778789] [ego_subscriber]: Received from TM_1 | Latency: 0.50 ms
[INFO] [1790670241.988186076] [ego_subscriber]: Received from TM_3 | Latency: 0.74 ms
[INFO] [1790670241.990363623] [ego_subscriber]: Received from TM_1 | Latency: 0.32 ms
[INFO] [1790670241.990702820] [ego_subscriber]: Received from TM_2 | Latency: 0.43 ms
[INFO] [1790670241.993623672] [ego_subscriber]: Received from TM_9 | Latency: 0.28 ms
[INFO] [1790670241.996833844] [ego_subscriber]: Received from TM_9 | Latency: 0.39 ms
[INFO] [1790670242.003089071] [ego_subscriber]: Received from TM_7 | Latency: 0.48 ms
[INFO] [1790670242.006485548] [ego_subscriber]: Received from TM_3 | Latency: 0.44 ms
[INFO] [1790670242.009628948] [ego_subscriber]: Received from TM_4 | Latency: 0.42 ms
[INFO] [1790670242.011246230] [ego_subscriber]: Received from TM_5 | Latency: 0.44 ms
[INFO] [1790670242.025332522] [ego_subscriber]: Received from TM_8 | Latency: 0.54 ms
[INFO] [1790670242.045846618] [ego_subscriber]: Received from TM_3 | Latency: 0.62 ms
[INFO] [1790670242.046017602] [ego_subscriber]: Received from TM_5 | Latency: 0.69 ms
[INFO] [1790670242.048380670] [ego_subscriber]: Received from TM_8 | Latency: 0.49 ms
[INFO] [1790670242.048459734] [ego_subscriber]: Received from TM_6 | Latency: 0.44 ms
[INFO] [1790670242.050006311] [ego_subscriber]: Received from TM_2 | Latency: 0.50 ms
[INFO] [1790670242.051899017] [ego_subscriber]: Received from TM_1 | Latency: 0.35 ms
[INFO] [1790670242.054737090] [ego_subscriber]: Received from TM_7 | Latency: 0.36 ms
[INFO] [1790670242.063143178] [ego_subscriber]: Received from TM_6 | Latency: 0.41 ms
[INFO] [1790670242.066239027] [ego_subscriber]: Received from TM_9 | Latency: 0.41 ms
[INFO] [1790670242.069599934] [ego_subscriber]: Received from TM_2 | Latency: 0.36 ms
[INFO] [1790670242.070965419] [ego_subscriber]: Received from TM_5 | Latency: 0.47 ms
[INFO] [1790670242.078868660] [ego_subscriber]: Received from TM_4 | Latency: 0.48 ms
[INFO] [1790670242.079179631] [ego_subscriber]: Received from TM_8 | Latency: 0.68 ms
[INFO] [1790670242.079236467] [ego_subscriber]: Received from TM_7 | Latency: 0.72 ms
[INFO] [1790670242.080699123] [ego_subscriber]: Received from TM_6 | Latency: 0.35 ms
[INFO] [1790670242.085183290] [ego_subscriber]: Received from TM_4 | Latency: 0.46 ms
[INFO] [1790670242.085628793] [ego_subscriber]: Received from TM_1 | Latency: 0.37 ms
[INFO] [1790670242.087890175] [ego_subscriber]: Received from TM_3 | Latency: 0.41 ms
[INFO] [1790670242.090490621] [ego_subscriber]: Received from TM_1 | Latency: 0.41 ms
[INFO] [1790670242.090759038] [ego_subscriber]: Received from TM_2 | Latency: 0.46 ms
[INFO] [1790670242.093689915] [ego_subscriber]: Received from TM_9 | Latency: 0.36 ms
[INFO] [1790670242.096887938] [ego_subscriber]: Received from TM_9 | Latency: 0.45 ms
[INFO] [1790670242.103031974] [ego_subscriber]: Received from TM_7 | Latency: 0.44 ms
[INFO] [1790670242.106495557] [ego_subscriber]: Received from TM_3 | Latency: 0.44 ms
[INFO] [1790670242.109734233] [ego_subscriber]: Received from TM_4 | Latency: 0.47 ms
[INFO] [1790670242.111231784] [ego_subscriber]: Received from TM_5 | Latency: 0.43 ms
[INFO] [1790670242.125467060] [ego_subscriber]: Received from TM_8 | Latency: 0.60 ms
[INFO] [1790670242.145820793] [ego_subscriber]: Received from TM_5 | Latency: 0.49 ms
[INFO] [1790670242.145967050] [ego_subscriber]: Received from TM_3 | Latency: 0.64 ms
[INFO] [1790670242.148469034] [ego_subscriber]: Received from TM_8 | Latency: 0.53 ms
[INFO] [1790670242.148571159] [ego_subscriber]: Received from TM_6 | Latency: 0.57 ms
[INFO] [1790670242.149656194] [ego_subscriber]: Received from TM_2 | Latency: 0.42 ms
[INFO] [1790670242.151975717] [ego_subscriber]: Received from TM_1 | Latency: 0.42 ms
[INFO] [1790670242.155001959] [ego_subscriber]: Received from TM_7 | Latency: 0.58 ms
[INFO] [1790670242.163210619] [ego_subscriber]: Received from TM_6 | Latency: 0.48 ms
[INFO] [1790670242.166278459] [ego_subscriber]: Received from TM_9 | Latency: 0.48 ms
[INFO] [1790670242.169944921] [ego_subscriber]: Received from TM_2 | Latency: 0.66 ms
[INFO] [1790670242.170962405] [ego_subscriber]: Received from TM_5 | Latency: 0.44 ms
[INFO] [1790670242.178970160] [ego_subscriber]: Received from TM_4 | Latency: 0.59 ms
[INFO] [1790670242.179101297] [ego_subscriber]: Received from TM_8 | Latency: 0.55 ms
[INFO] [1790670242.179147257] [ego_subscriber]: Received from TM_7 | Latency: 0.62 ms
[INFO] [1790670242.180680941] [ego_subscriber]: Received from TM_6 | Latency: 0.38 ms
[INFO] [1790670242.185206216] [ego_subscriber]: Received from TM_4 | Latency: 0.48 ms
[INFO] [1790670242.185786267] [ego_subscriber]: Received from TM_1 | Latency: 0.47 ms
[INFO] [1790670242.188047394] [ego_subscriber]: Received from TM_3 | Latency: 0.59 ms
[INFO] [1790670242.190512093] [ego_subscriber]: Received from TM_1 | Latency: 0.45 ms
[INFO] [1790670242.190828757] [ego_subscriber]: Received from TM_2 | Latency: 0.52 ms
[INFO] [1790670242.193734388] [ego_subscriber]: Received from TM_9 | Latency: 0.38 ms
[INFO] [1790670242.196797905] [ego_subscriber]: Received from TM_9 | Latency: 0.34 ms
[INFO] [1790670242.203182664] [ego_subscriber]: Received from TM_7 | Latency: 0.48 ms
[INFO] [1790670242.206492769] [ego_subscriber]: Received from TM_3 | Latency: 0.43 ms
[INFO] [1790670242.209638743] [ego_subscriber]: Received from TM_4 | Latency: 0.42 ms
[INFO] [1790670242.211146160] [ego_subscriber]: Received from TM_5 | Latency: 0.35 ms
[INFO] [1790670242.225471606] [ego_subscriber]: Received from TM_8 | Latency: 0.58 ms
[INFO] [1790670242.245883679] [ego_subscriber]: Received from TM_3 | Latency: 0.56 ms
[INFO] [1790670242.246041822] [ego_subscriber]: Received from TM_5 | Latency: 0.71 ms
[INFO] [1790670242.248518450] [ego_subscriber]: Received from TM_8 | Latency: 0.56 ms
[INFO] [1790670242.248639440] [ego_subscriber]: Received from TM_6 | Latency: 0.61 ms
[INFO] [1790670242.249898014] [ego_subscriber]: Received from TM_2 | Latency: 0.49 ms
[INFO] [1790670242.251955221] [ego_subscriber]: Received from TM_1 | Latency: 0.41 ms
[INFO] [1790670242.255011373] [ego_subscriber]: Received from TM_7 | Latency: 0.56 ms
[INFO] [1790670242.263146830] [ego_subscriber]: Received from TM_6 | Latency: 0.41 ms
[INFO] [1790670242.266192661] [ego_subscriber]: Received from TM_9 | Latency: 0.37 ms
[INFO] [1790670242.269692157] [ego_subscriber]: Received from TM_2 | Latency: 0.45 ms
[INFO] [1790670242.271086045] [ego_subscriber]: Received from TM_5 | Latency: 0.48 ms
[INFO] [1790670242.278875823] [ego_subscriber]: Received from TM_4 | Latency: 0.52 ms
[INFO] [1790670242.279186661] [ego_subscriber]: Received from TM_8 | Latency: 0.65 ms
[INFO] [1790670242.279242682] [ego_subscriber]: Received from TM_7 | Latency: 0.68 ms
[INFO] [1790670242.280684237] [ego_subscriber]: Received from TM_6 | Latency: 0.35 ms
[INFO] [1790670242.285191562] [ego_subscriber]: Received from TM_4 | Latency: 0.47 ms
[INFO] [1790670242.285700094] [ego_subscriber]: Received from TM_1 | Latency: 0.39 ms
[INFO] [1790670242.287905502] [ego_subscriber]: Received from TM_3 | Latency: 0.41 ms
[INFO] [1790670242.290507217] [ego_subscriber]: Received from TM_1 | Latency: 0.44 ms
[INFO] [1790670242.290662598] [ego_subscriber]: Received from TM_2 | Latency: 0.37 ms
[INFO] [1790670242.293776249] [ego_subscriber]: Received from TM_9 | Latency: 0.40 ms
[INFO] [1790670242.296893017] [ego_subscriber]: Received from TM_9 | Latency: 0.45 ms
[INFO] [1790670242.303165648] [ego_subscriber]: Received from TM_7 | Latency: 0.56 ms
[INFO] [1790670242.306559953] [ego_subscriber]: Received from TM_3 | Latency: 0.49 ms
[INFO] [1790670242.309673984] [ego_subscriber]: Received from TM_4 | Latency: 0.45 ms
[INFO] [1790670242.311245155] [ego_subscriber]: Received from TM_5 | Latency: 0.43 ms
[INFO] [1790670242.325464106] [ego_subscriber]: Received from TM_8 | Latency: 0.58 ms
[INFO] [1790670242.345869600] [ego_subscriber]: Received from TM_3 | Latency: 0.57 ms
[INFO] [1790670242.346015079] [ego_subscriber]: Received from TM_5 | Latency: 0.70 ms
[INFO] [1790670242.348471143] [ego_subscriber]: Received from TM_8 | Latency: 0.54 ms
[INFO] [1790670242.348570286] [ego_subscriber]: Received from TM_6 | Latency: 0.51 ms
[INFO] [1790670242.349584497] [ego_subscriber]: Received from TM_2 | Latency: 0.35 ms
[INFO] [1790670242.351853951] [ego_subscriber]: Received from TM_1 | Latency: 0.30 ms
[INFO] [1790670242.355019484] [ego_subscriber]: Received from TM_7 | Latency: 0.60 ms
[INFO] [1790670242.363261376] [ego_subscriber]: Received from TM_6 | Latency: 0.44 ms
[INFO] [1790670242.366246644] [ego_subscriber]: Received from TM_9 | Latency: 0.41 ms
[INFO] [1790670242.369662615] [ego_subscriber]: Received from TM_2 | Latency: 0.41 ms
[INFO] [1790670242.370897175] [ego_subscriber]: Received from TM_5 | Latency: 0.39 ms
[INFO] [1790670242.378868738] [ego_subscriber]: Received from TM_4 | Latency: 0.52 ms
[INFO] [1790670242.379214335] [ego_subscriber]: Received from TM_8 | Latency: 0.65 ms
[INFO] [1790670242.379270190] [ego_subscriber]: Received from TM_7 | Latency: 0.66 ms
[INFO] [1790670242.380651942] [ego_subscriber]: Received from TM_6 | Latency: 0.34 ms
[INFO] [1790670242.385164647] [ego_subscriber]: Received from TM_4 | Latency: 0.44 ms
[INFO] [1790670242.385758211] [ego_subscriber]: Received from TM_1 | Latency: 0.46 ms
[INFO] [1790670242.388069407] [ego_subscriber]: Received from TM_3 | Latency: 0.62 ms
[INFO] [1790670242.390512602] [ego_subscriber]: Received from TM_1 | Latency: 0.42 ms
[INFO] [1790670242.390702104] [ego_subscriber]: Received from TM_2 | Latency: 0.43 ms
[INFO] [1790670242.393773199] [ego_subscriber]: Received from TM_9 | Latency: 0.41 ms
[INFO] [1790670242.396836455] [ego_subscriber]: Received from TM_9 | Latency: 0.40 ms
[INFO] [1790670242.403112895] [ego_subscriber]: Received from TM_7 | Latency: 0.46 ms
[INFO] [1790670242.406449758] [ego_subscriber]: Received from TM_3 | Latency: 0.36 ms
[INFO] [1790670242.409672704] [ego_subscriber]: Received from TM_4 | Latency: 0.41 ms
[INFO] [1790670242.411347458] [ego_subscriber]: Received from TM_5 | Latency: 0.54 ms
[INFO] [1790670242.425621695] [ego_subscriber]: Received from TM_8 | Latency: 0.75 ms
[INFO] [1790670242.445878846] [ego_subscriber]: Received from TM_5 | Latency: 0.54 ms
[INFO] [1790670242.446053931] [ego_subscriber]: Received from TM_3 | Latency: 0.69 ms
[INFO] [1790670242.448739139] [ego_subscriber]: Received from TM_6 | Latency: 0.68 ms
[INFO] [1790670242.448808641] [ego_subscriber]: Received from TM_8 | Latency: 0.77 ms
[INFO] [1790670242.450188880] [ego_subscriber]: Received from TM_2 | Latency: 0.75 ms
[INFO] [1790670242.451908057] [ego_subscriber]: Received from TM_1 | Latency: 0.36 ms
[INFO] [1790670242.455035120] [ego_subscriber]: Received from TM_7 | Latency: 0.60 ms
[INFO] [1790670242.463287344] [ego_subscriber]: Received from TM_6 | Latency: 0.50 ms
[INFO] [1790670242.466360713] [ego_subscriber]: Received from TM_9 | Latency: 0.60 ms
[INFO] [1790670242.469982784] [ego_subscriber]: Received from TM_2 | Latency: 0.72 ms
[INFO] [1790670242.471035691] [ego_subscriber]: Received from TM_5 | Latency: 0.51 ms
[INFO] [1790670242.478995085] [ego_subscriber]: Received from TM_4 | Latency: 0.64 ms
[INFO] [1790670242.479088045] [ego_subscriber]: Received from TM_7 | Latency: 0.54 ms
[INFO] [1790670242.479136771] [ego_subscriber]: Received from TM_8 | Latency: 0.55 ms
[INFO] [1790670242.480774240] [ego_subscriber]: Received from TM_6 | Latency: 0.41 ms
[INFO] [1790670242.485388763] [ego_subscriber]: Received from TM_4 | Latency: 0.67 ms
[INFO] [1790670242.485745141] [ego_subscriber]: Received from TM_1 | Latency: 0.46 ms
[INFO] [1790670242.488114876] [ego_subscriber]: Received from TM_3 | Latency: 0.65 ms
[INFO] [1790670242.490615127] [ego_subscriber]: Received from TM_1 | Latency: 0.53 ms
[INFO] [1790670242.490692072] [ego_subscriber]: Received from TM_2 | Latency: 0.38 ms
[INFO] [1790670242.493843406] [ego_subscriber]: Received from TM_9 | Latency: 0.48 ms
[INFO] [1790670242.496890984] [ego_subscriber]: Received from TM_9 | Latency: 0.46 ms
[INFO] [1790670242.503286628] [ego_subscriber]: Received from TM_7 | Latency: 0.63 ms
[INFO] [1790670242.506669531] [ego_subscriber]: Received from TM_3 | Latency: 0.57 ms
[INFO] [1790670242.509811445] [ego_subscriber]: Received from TM_4 | Latency: 0.60 ms
[INFO] [1790670242.511421880] [ego_subscriber]: Received from TM_5 | Latency: 0.60 ms
[INFO] [1790670242.525644116] [ego_subscriber]: Received from TM_8 | Latency: 0.77 ms
[INFO] [1790670242.545888613] [ego_subscriber]: Received from TM_5 | Latency: 0.53 ms
[INFO] [1790670242.546053276] [ego_subscriber]: Received from TM_3 | Latency: 0.70 ms
[INFO] [1790670242.548634884] [ego_subscriber]: Received from TM_8 | Latency: 0.70 ms
[INFO] [1790670242.548708055] [ego_subscriber]: Received from TM_6 | Latency: 0.62 ms
[INFO] [1790670242.549904074] [ego_subscriber]: Received from TM_2 | Latency: 0.60 ms
[INFO] [1790670242.552228842] [ego_subscriber]: Received from TM_1 | Latency: 0.67 ms
[INFO] [1790670242.555027532] [ego_subscriber]: Received from TM_7 | Latency: 0.51 ms
[INFO] [1790670242.563438629] [ego_subscriber]: Received from TM_6 | Latency: 0.64 ms
[INFO] [1790670242.566398831] [ego_subscriber]: Received from TM_9 | Latency: 0.61 ms
[INFO] [1790670242.569802127] [ego_subscriber]: Received from TM_2 | Latency: 0.54 ms
[INFO] [1790670242.570838720] [ego_subscriber]: Received from TM_5 | Latency: 0.34 ms
[INFO] [1790670242.578850919] [ego_subscriber]: Received from TM_4 | Latency: 0.47 ms
[INFO] [1790670242.579233831] [ego_subscriber]: Received from TM_7 | Latency: 0.75 ms
[INFO] [1790670242.579281116] [ego_subscriber]: Received from TM_8 | Latency: 0.72 ms
[INFO] [1790670242.580671021] [ego_subscriber]: Received from TM_6 | Latency: 0.32 ms
[INFO] [1790670242.585303021] [ego_subscriber]: Received from TM_4 | Latency: 0.58 ms
[INFO] [1790670242.585618105] [ego_subscriber]: Received from TM_1 | Latency: 0.32 ms
[INFO] [1790670242.588303426] [ego_subscriber]: Received from TM_3 | Latency: 0.79 ms
[INFO] [1790670242.590419158] [ego_subscriber]: Received from TM_1 | Latency: 0.36 ms
[INFO] [1790670242.590758617] [ego_subscriber]: Received from TM_2 | Latency: 0.47 ms
[INFO] [1790670242.594044960] [ego_subscriber]: Received from TM_9 | Latency: 0.65 ms
[INFO] [1790670242.597181752] [ego_subscriber]: Received from TM_9 | Latency: 0.73 ms
[INFO] [1790670242.603434538] [ego_subscriber]: Received from TM_7 | Latency: 0.77 ms
[INFO] [1790670242.606738623] [ego_subscriber]: Received from TM_3 | Latency: 0.60 ms
[INFO] [1790670242.609689038] [ego_subscriber]: Received from TM_4 | Latency: 0.46 ms
[INFO] [1790670242.611350205] [ego_subscriber]: Received from TM_5 | Latency: 0.54 ms
[INFO] [1790670242.625616139] [ego_subscriber]: Received from TM_8 | Latency: 0.75 ms
[INFO] [1790670242.645775127] [ego_subscriber]: Received from TM_5 | Latency: 0.45 ms
[INFO] [1790670242.645950259] [ego_subscriber]: Received from TM_3 | Latency: 0.63 ms
[INFO] [1790670242.648628492] [ego_subscriber]: Received from TM_8 | Latency: 0.71 ms
[INFO] [1790670242.648695612] [ego_subscriber]: Received from TM_6 | Latency: 0.63 ms
[INFO] [1790670242.649819422] [ego_subscriber]: Received from TM_2 | Latency: 0.53 ms
[INFO] [1790670242.652106974] [ego_subscriber]: Received from TM_1 | Latency: 0.56 ms
[INFO] [1790670242.655063359] [ego_subscriber]: Received from TM_7 | Latency: 0.60 ms
[INFO] [1790670242.663321452] [ego_subscriber]: Received from TM_6 | Latency: 0.57 ms
[INFO] [1790670242.666322949] [ego_subscriber]: Received from TM_9 | Latency: 0.51 ms
[INFO] [1790670242.669725689] [ego_subscriber]: Received from TM_2 | Latency: 0.46 ms
[INFO] [1790670242.671070698] [ego_subscriber]: Received from TM_5 | Latency: 0.58 ms
[INFO] [1790670242.678994175] [ego_subscriber]: Received from TM_4 | Latency: 0.62 ms
[INFO] [1790670242.679086135] [ego_subscriber]: Received from TM_7 | Latency: 0.52 ms
[INFO] [1790670242.679127970] [ego_subscriber]: Received from TM_8 | Latency: 0.55 ms
[INFO] [1790670242.680762282] [ego_subscriber]: Received from TM_6 | Latency: 0.41 ms
[INFO] [1790670242.685266777] [ego_subscriber]: Received from TM_4 | Latency: 0.53 ms
[INFO] [1790670242.685860849] [ego_subscriber]: Received from TM_1 | Latency: 0.56 ms
[INFO] [1790670242.688018272] [ego_subscriber]: Received from TM_3 | Latency: 0.55 ms
[INFO] [1790670242.690547575] [ego_subscriber]: Received from TM_1 | Latency: 0.47 ms
[INFO] [1790670242.690740102] [ego_subscriber]: Received from TM_2 | Latency: 0.41 ms
[INFO] [1790670242.693683321] [ego_subscriber]: Received from TM_9 | Latency: 0.31 ms
[INFO] [1790670242.696911655] [ego_subscriber]: Received from TM_9 | Latency: 0.48 ms
[INFO] [1790670242.703437521] [ego_subscriber]: Received from TM_7 | Latency: 0.75 ms
[INFO] [1790670242.706720440] [ego_subscriber]: Received from TM_3 | Latency: 0.62 ms
[INFO] [1790670242.709627711] [ego_subscriber]: Received from TM_4 | Latency: 0.38 ms
[INFO] [1790670242.711340768] [ego_subscriber]: Received from TM_5 | Latency: 0.51 ms
[INFO] [1790670242.725666167] [ego_subscriber]: Received from TM_8 | Latency: 0.79 ms
[INFO] [1790670242.746145224] [ego_subscriber]: Received from TM_5 | Latency: 0.83 ms
[INFO] [1790670242.746217372] [ego_subscriber]: Received from TM_3 | Latency: 0.91 ms
[INFO] [1790670242.748741584] [ego_subscriber]: Received from TM_8 | Latency: 0.78 ms
[INFO] [1790670242.748807877] [ego_subscriber]: Received from TM_6 | Latency: 0.70 ms
[INFO] [1790670242.749903285] [ego_subscriber]: Received from TM_2 | Latency: 0.61 ms
[INFO] [1790670242.752158933] [ego_subscriber]: Received from TM_1 | Latency: 0.63 ms
[INFO] [1790670242.755433391] [ego_subscriber]: Received from TM_7 | Latency: 0.97 ms
[INFO] [1790670242.763610598] [ego_subscriber]: Received from TM_6 | Latency: 0.83 ms
[INFO] [1790670242.766526524] [ego_subscriber]: Received from TM_9 | Latency: 0.76 ms
[INFO] [1790670242.769987031] [ego_subscriber]: Received from TM_2 | Latency: 0.71 ms
[INFO] [1790670242.771142862] [ego_subscriber]: Received from TM_5 | Latency: 0.63 ms
[INFO] [1790670242.779281013] [ego_subscriber]: Received from TM_4 | Latency: 0.91 ms
[INFO] [1790670242.779365495] [ego_subscriber]: Received from TM_7 | Latency: 0.81 ms
[INFO] [1790670242.779396818] [ego_subscriber]: Received from TM_8 | Latency: 0.82 ms
[INFO] [1790670242.781027107] [ego_subscriber]: Received from TM_6 | Latency: 0.57 ms
[INFO] [1790670242.785372260] [ego_subscriber]: Received from TM_4 | Latency: 0.66 ms
[INFO] [1790670242.785985313] [ego_subscriber]: Received from TM_1 | Latency: 0.68 ms
[INFO] [1790670242.787958169] [ego_subscriber]: Received from TM_3 | Latency: 0.53 ms
[INFO] [1790670242.790549900] [ego_subscriber]: Received from TM_1 | Latency: 0.46 ms
[INFO] [1790670242.790669090] [ego_subscriber]: Received from TM_2 | Latency: 0.34 ms
[INFO] [1790670242.793792247] [ego_subscriber]: Received from TM_9 | Latency: 0.41 ms
[INFO] [1790670242.797009649] [ego_subscriber]: Received from TM_9 | Latency: 0.58 ms
[INFO] [1790670242.803157259] [ego_subscriber]: Received from TM_7 | Latency: 0.47 ms
[INFO] [1790670242.806548236] [ego_subscriber]: Received from TM_3 | Latency: 0.42 ms
[INFO] [1790670242.809766721] [ego_subscriber]: Received from TM_4 | Latency: 0.50 ms
[INFO] [1790670242.811380620] [ego_subscriber]: Received from TM_5 | Latency: 0.56 ms
[INFO] [1790670242.825637123] [ego_subscriber]: Received from TM_8 | Latency: 0.76 ms
[INFO] [1790670242.845960699] [ego_subscriber]: Received from TM_5 | Latency: 0.60 ms
[INFO] [1790670242.846101936] [ego_subscriber]: Received from TM_3 | Latency: 0.70 ms
[INFO] [1790670242.848700368] [ego_subscriber]: Received from TM_8 | Latency: 0.75 ms
[INFO] [1790670242.848773598] [ego_subscriber]: Received from TM_6 | Latency: 0.67 ms
[INFO] [1790670242.850026933] [ego_subscriber]: Received from TM_2 | Latency: 0.67 ms
[INFO] [1790670242.851856616] [ego_subscriber]: Received from TM_1 | Latency: 0.32 ms
[INFO] [1790670242.854823596] [ego_subscriber]: Received from TM_7 | Latency: 0.39 ms
[INFO] [1790670242.863264813] [ego_subscriber]: Received from TM_6 | Latency: 0.39 ms
[INFO] [1790670242.866365360] [ego_subscriber]: Received from TM_9 | Latency: 0.58 ms
[INFO] [1790670242.869874363] [ego_subscriber]: Received from TM_2 | Latency: 0.48 ms
[INFO] [1790670242.870941519] [ego_subscriber]: Received from TM_5 | Latency: 0.36 ms
[INFO] [1790670242.879278214] [ego_subscriber]: Received from TM_4 | Latency: 0.93 ms
[INFO] [1790670242.879348885] [ego_subscriber]: Received from TM_7 | Latency: 0.78 ms
[INFO] [1790670242.879374807] [ego_subscriber]: Received from TM_8 | Latency: 0.75 ms
[INFO] [1790670242.880684541] [ego_subscriber]: Received from TM_6 | Latency: 0.32 ms
[INFO] [1790670242.885222313] [ego_subscriber]: Received from TM_4 | Latency: 0.50 ms
[INFO] [1790670242.885774715] [ego_subscriber]: Received from TM_1 | Latency: 0.47 ms
[INFO] [1790670242.888156470] [ego_subscriber]: Received from TM_3 | Latency: 0.66 ms
[INFO] [1790670242.890682086] [ego_subscriber]: Received from TM_1 | Latency: 0.60 ms
[INFO] [1790670242.890763639] [ego_subscriber]: Received from TM_2 | Latency: 0.44 ms
[INFO] [1790670242.893981199] [ego_subscriber]: Received from TM_9 | Latency: 0.62 ms
[INFO] [1790670242.897115716] [ego_subscriber]: Received from TM_9 | Latency: 0.66 ms
[INFO] [1790670242.903445316] [ego_subscriber]: Received from TM_7 | Latency: 0.70 ms
[INFO] [1790670242.906845172] [ego_subscriber]: Received from TM_3 | Latency: 0.73 ms
[INFO] [1790670242.909850190] [ego_subscriber]: Received from TM_4 | Latency: 0.59 ms
[INFO] [1790670242.911253853] [ego_subscriber]: Received from TM_5 | Latency: 0.42 ms
[INFO] [1790670242.925750542] [ego_subscriber]: Received from TM_8 | Latency: 0.81 ms
[INFO] [1790670242.946150143] [ego_subscriber]: Received from TM_5 | Latency: 0.81 ms
[INFO] [1790670242.946217080] [ego_subscriber]: Received from TM_3 | Latency: 0.82 ms
[INFO] [1790670242.948624420] [ego_subscriber]: Received from TM_8 | Latency: 0.59 ms
[INFO] [1790670242.948688305] [ego_subscriber]: Received from TM_6 | Latency: 0.58 ms
[INFO] [1790670242.949733475] [ego_subscriber]: Received from TM_2 | Latency: 0.44 ms
[INFO] [1790670242.951841986] [ego_subscriber]: Received from TM_1 | Latency: 0.31 ms
[INFO] [1790670242.955056221] [ego_subscriber]: Received from TM_7 | Latency: 0.59 ms
[INFO] [1790670242.963365728] [ego_subscriber]: Received from TM_6 | Latency: 0.49 ms
[INFO] [1790670242.966577674] [ego_subscriber]: Received from TM_9 | Latency: 0.74 ms
[INFO] [1790670242.970151748] [ego_subscriber]: Received from TM_2 | Latency: 0.74 ms
[INFO] [1790670242.970908399] [ego_subscriber]: Received from TM_5 | Latency: 0.39 ms
[INFO] [1790670242.979283931] [ego_subscriber]: Received from TM_4 | Latency: 0.92 ms
[INFO] [1790670242.979355961] [ego_subscriber]: Received from TM_7 | Latency: 0.77 ms
[INFO] [1790670242.979382474] [ego_subscriber]: Received from TM_8 | Latency: 0.78 ms
[INFO] [1790670242.980865043] [ego_subscriber]: Received from TM_6 | Latency: 0.39 ms
[INFO] [1790670242.985414502] [ego_subscriber]: Received from TM_4 | Latency: 0.68 ms
[INFO] [1790670242.985816858] [ego_subscriber]: Received from TM_1 | Latency: 0.50 ms
[INFO] [1790670242.988003092] [ego_subscriber]: Received from TM_3 | Latency: 0.50 ms
[INFO] [1790670242.990466244] [ego_subscriber]: Received from TM_1 | Latency: 0.39 ms
[INFO] [1790670242.991171037] [ego_subscriber]: Received from TM_2 | Latency: 0.64 ms
[INFO] [1790670242.993867846] [ego_subscriber]: Received from TM_9 | Latency: 0.49 ms
[INFO] [1790670242.997064802] [ego_subscriber]: Received from TM_9 | Latency: 0.62 ms
[INFO] [1790670243.003465615] [ego_subscriber]: Received from TM_7 | Latency: 0.75 ms
[INFO] [1790670243.006811697] [ego_subscriber]: Received from TM_3 | Latency: 0.67 ms
[INFO] [1790670243.009953845] [ego_subscriber]: Received from TM_4 | Latency: 0.71 ms
[INFO] [1790670243.011294836] [ego_subscriber]: Received from TM_5 | Latency: 0.46 ms
[INFO] [1790670243.025619922] [ego_subscriber]: Received from TM_8 | Latency: 0.76 ms
[INFO] [1790670243.045894509] [ego_subscriber]: Received from TM_3 | Latency: 0.58 ms
[INFO] [1790670243.046060550] [ego_subscriber]: Received from TM_5 | Latency: 0.73 ms
[INFO] [1790670243.048715576] [ego_subscriber]: Received from TM_8 | Latency: 0.72 ms
[INFO] [1790670243.048809130] [ego_subscriber]: Received from TM_6 | Latency: 0.70 ms
[INFO] [1790670243.049753170] [ego_subscriber]: Received from TM_2 | Latency: 0.43 ms
[INFO] [1790670243.051991127] [ego_subscriber]: Received from TM_1 | Latency: 0.45 ms
[INFO] [1790670243.054969794] [ego_subscriber]: Received from TM_7 | Latency: 0.48 ms
[INFO] [1790670243.063506214] [ego_subscriber]: Received from TM_6 | Latency: 0.67 ms
[INFO] [1790670243.066399758] [ego_subscriber]: Received from TM_9 | Latency: 0.64 ms
[INFO] [1790670243.070280238] [ego_subscriber]: Received from TM_2 | Latency: 0.95 ms
[INFO] [1790670243.071094231] [ego_subscriber]: Received from TM_5 | Latency: 0.56 ms
[INFO] [1790670243.078864822] [ego_subscriber]: Received from TM_4 | Latency: 0.51 ms
[INFO] [1790670243.079367136] [ego_subscriber]: Received from TM_7 | Latency: 0.81 ms
[INFO] [1790670243.079429669] [ego_subscriber]: Received from TM_8 | Latency: 0.81 ms
[INFO] [1790670243.080749555] [ego_subscriber]: Received from TM_6 | Latency: 0.31 ms
[INFO] [1790670243.085219857] [ego_subscriber]: Received from TM_4 | Latency: 0.48 ms
[INFO] [1790670243.085808592] [ego_subscriber]: Received from TM_1 | Latency: 0.56 ms
[INFO] [1790670243.088171350] [ego_subscriber]: Received from TM_3 | Latency: 0.66 ms
[INFO] [1790670243.090629582] [ego_subscriber]: Received from TM_1 | Latency: 0.55 ms
[INFO] [1790670243.090826061] [ego_subscriber]: Received from TM_2 | Latency: 0.43 ms
[INFO] [1790670243.093704838] [ego_subscriber]: Received from TM_9 | Latency: 0.32 ms
[INFO] [1790670243.096831458] [ego_subscriber]: Received from TM_9 | Latency: 0.35 ms
[INFO] [1790670243.103204005] [ego_subscriber]: Received from TM_7 | Latency: 0.48 ms
[INFO] [1790670243.106658021] [ego_subscriber]: Received from TM_3 | Latency: 0.52 ms
[INFO] [1790670243.109761118] [ego_subscriber]: Received from TM_4 | Latency: 0.50 ms
[INFO] [1790670243.111350182] [ego_subscriber]: Received from TM_5 | Latency: 0.51 ms
[INFO] [1790670243.125488077] [ego_subscriber]: Received from TM_8 | Latency: 0.58 ms
[INFO] [1790670243.145954440] [ego_subscriber]: Received from TM_5 | Latency: 0.61 ms
[INFO] [1790670243.146090317] [ego_subscriber]: Received from TM_3 | Latency: 0.60 ms
[INFO] [1790670243.148564231] [ego_subscriber]: Received from TM_8 | Latency: 0.52 ms
[INFO] [1790670243.148649244] [ego_subscriber]: Received from TM_6 | Latency: 0.52 ms
[INFO] [1790670243.149771729] [ego_subscriber]: Received from TM_2 | Latency: 0.44 ms
[INFO] [1790670243.152007748] [ego_subscriber]: Received from TM_1 | Latency: 0.46 ms
[INFO] [1790670243.154982279] [ego_subscriber]: Received from TM_7 | Latency: 0.49 ms
[INFO] [1790670243.163296431] [ego_subscriber]: Received from TM_6 | Latency: 0.46 ms
[INFO] [1790670243.166375371] [ego_subscriber]: Received from TM_9 | Latency: 0.60 ms
[INFO] [1790670243.169834073] [ego_subscriber]: Received from TM_2 | Latency: 0.51 ms
[INFO] [1790670243.171160280] [ego_subscriber]: Received from TM_5 | Latency: 0.60 ms
[INFO] [1790670243.178874502] [ego_subscriber]: Received from TM_4 | Latency: 0.49 ms
[INFO] [1790670243.179447569] [ego_subscriber]: Received from TM_7 | Latency: 0.83 ms
[INFO] [1790670243.179515285] [ego_subscriber]: Received from TM_8 | Latency: 0.87 ms
[INFO] [1790670243.180756882] [ego_subscriber]: Received from TM_6 | Latency: 0.26 ms
[INFO] [1790670243.185302228] [ego_subscriber]: Received from TM_4 | Latency: 0.55 ms
[INFO] [1790670243.185800553] [ego_subscriber]: Received from TM_1 | Latency: 0.49 ms
[INFO] [1790670243.188186648] [ego_subscriber]: Received from TM_3 | Latency: 0.60 ms
[INFO] [1790670243.190438800] [ego_subscriber]: Received from TM_1 | Latency: 0.36 ms
[INFO] [1790670243.191001029] [ego_subscriber]: Received from TM_2 | Latency: 0.63 ms
[INFO] [1790670243.193793767] [ego_subscriber]: Received from TM_9 | Latency: 0.44 ms
[INFO] [1790670243.196847152] [ego_subscriber]: Received from TM_9 | Latency: 0.38 ms
[INFO] [1790670243.203387595] [ego_subscriber]: Received from TM_7 | Latency: 0.62 ms
[INFO] [1790670243.206769637] [ego_subscriber]: Received from TM_3 | Latency: 0.63 ms
[INFO] [1790670243.209877814] [ego_subscriber]: Received from TM_4 | Latency: 0.61 ms
[INFO] [1790670243.211382372] [ego_subscriber]: Received from TM_5 | Latency: 0.55 ms
[INFO] [1790670243.225700314] [ego_subscriber]: Received from TM_8 | Latency: 0.80 ms
[INFO] [1790670243.246171692] [ego_subscriber]: Received from TM_5 | Latency: 0.84 ms
[INFO] [1790670243.246239351] [ego_subscriber]: Received from TM_3 | Latency: 0.87 ms
[INFO] [1790670243.248658952] [ego_subscriber]: Received from TM_8 | Latency: 0.64 ms
[INFO] [1790670243.248740539] [ego_subscriber]: Received from TM_6 | Latency: 0.61 ms
[INFO] [1790670243.249861149] [ego_subscriber]: Received from TM_2 | Latency: 0.51 ms
[INFO] [1790670243.252107101] [ego_subscriber]: Received from TM_1 | Latency: 0.52 ms
[INFO] [1790670243.254943317] [ego_subscriber]: Received from TM_7 | Latency: 0.45 ms
[INFO] [1790670243.263506542] [ego_subscriber]: Received from TM_6 | Latency: 0.68 ms
[INFO] [1790670243.266554269] [ego_subscriber]: Received from TM_9 | Latency: 0.78 ms
[INFO] [1790670243.270026213] [ego_subscriber]: Received from TM_2 | Latency: 0.73 ms
[INFO] [1790670243.271334684] [ego_subscriber]: Received from TM_5 | Latency: 0.82 ms
[INFO] [1790670243.279135153] [ego_subscriber]: Received from TM_4 | Latency: 0.74 ms
[INFO] [1790670243.279269451] [ego_subscriber]: Received from TM_7 | Latency: 0.66 ms
[INFO] [1790670243.279317287] [ego_subscriber]: Received from TM_8 | Latency: 0.71 ms
[INFO] [1790670243.281171707] [ego_subscriber]: Received from TM_6 | Latency: 0.79 ms
[INFO] [1790670243.285247146] [ego_subscriber]: Received from TM_4 | Latency: 0.49 ms
[INFO] [1790670243.285732455] [ego_subscriber]: Received from TM_1 | Latency: 0.41 ms
[INFO] [1790670243.288356227] [ego_subscriber]: Received from TM_3 | Latency: 0.82 ms
[INFO] [1790670243.290670853] [ego_subscriber]: Received from TM_1 | Latency: 0.58 ms
[INFO] [1790670243.290768159] [ego_subscriber]: Received from TM_2 | Latency: 0.40 ms
[INFO] [1790670243.293737717] [ego_subscriber]: Received from TM_9 | Latency: 0.36 ms
[INFO] [1790670243.296850808] [ego_subscriber]: Received from TM_9 | Latency: 0.39 ms
[INFO] [1790670243.303195527] [ego_subscriber]: Received from TM_7 | Latency: 0.45 ms
[INFO] [1790670243.306624731] [ego_subscriber]: Received from TM_3 | Latency: 0.46 ms
[INFO] [1790670243.309701644] [ego_subscriber]: Received from TM_4 | Latency: 0.43 ms
[INFO] [1790670243.311299359] [ego_subscriber]: Received from TM_5 | Latency: 0.48 ms
[INFO] [1790670243.325654647] [ego_subscriber]: Received from TM_8 | Latency: 0.76 ms
[INFO] [1790670243.346242717] [ego_subscriber]: Received from TM_5 | Latency: 0.90 ms
[INFO] [1790670243.346311260] [ego_subscriber]: Received from TM_3 | Latency: 0.87 ms
[INFO] [1790670243.348457078] [ego_subscriber]: Received from TM_8 | Latency: 0.38 ms
[INFO] [1790670243.348576572] [ego_subscriber]: Received from TM_6 | Latency: 0.43 ms
[INFO] [1790670243.349803693] [ego_subscriber]: Received from TM_2 | Latency: 0.48 ms
[INFO] [1790670243.352013526] [ego_subscriber]: Received from TM_1 | Latency: 0.45 ms
[INFO] [1790670243.354947786] [ego_subscriber]: Received from TM_7 | Latency: 0.44 ms
[INFO] [1790670243.363291440] [ego_subscriber]: Received from TM_6 | Latency: 0.42 ms
[INFO] [1790670243.366431167] [ego_subscriber]: Received from TM_9 | Latency: 0.63 ms
[INFO] [1790670243.370035873] [ego_subscriber]: Received from TM_2 | Latency: 0.67 ms
[INFO] [1790670243.370913293] [ego_subscriber]: Received from TM_5 | Latency: 0.38 ms
[INFO] [1790670243.378976064] [ego_subscriber]: Received from TM_4 | Latency: 0.49 ms
[INFO] [1790670243.379452399] [ego_subscriber]: Received from TM_7 | Latency: 0.81 ms
[INFO] [1790670243.379513823] [ego_subscriber]: Received from TM_8 | Latency: 0.87 ms
[INFO] [1790670243.380863262] [ego_subscriber]: Received from TM_6 | Latency: 0.34 ms
[INFO] [1790670243.385342866] [ego_subscriber]: Received from TM_4 | Latency: 0.63 ms
[INFO] [1790670243.385757707] [ego_subscriber]: Received from TM_1 | Latency: 0.44 ms
[INFO] [1790670243.388233383] [ego_subscriber]: Received from TM_3 | Latency: 0.70 ms
[INFO] [1790670243.390569231] [ego_subscriber]: Received from TM_1 | Latency: 0.50 ms
[INFO] [1790670243.390841845] [ego_subscriber]: Received from TM_2 | Latency: 0.45 ms
[INFO] [1790670243.393810657] [ego_subscriber]: Received from TM_9 | Latency: 0.45 ms
[INFO] [1790670243.396979926] [ego_subscriber]: Received from TM_9 | Latency: 0.55 ms
[INFO] [1790670243.403227973] [ego_subscriber]: Received from TM_7 | Latency: 0.48 ms
[INFO] [1790670243.406793828] [ego_subscriber]: Received from TM_3 | Latency: 0.63 ms
[INFO] [1790670243.409750015] [ego_subscriber]: Received from TM_4 | Latency: 0.50 ms
[INFO] [1790670243.411240355] [ego_subscriber]: Received from TM_5 | Latency: 0.39 ms
[INFO] [1790670243.425477553] [ego_subscriber]: Received from TM_8 | Latency: 0.53 ms
[INFO] [1790670243.445884408] [ego_subscriber]: Received from TM_5 | Latency: 0.54 ms
[INFO] [1790670243.446045668] [ego_subscriber]: Received from TM_3 | Latency: 0.69 ms
[INFO] [1790670243.448591719] [ego_subscriber]: Received from TM_8 | Latency: 0.50 ms
[INFO] [1790670243.448669089] [ego_subscriber]: Received from TM_6 | Latency: 0.50 ms
[INFO] [1790670243.449717671] [ego_subscriber]: Received from TM_2 | Latency: 0.36 ms
[INFO] [1790670243.451964921] [ego_subscriber]: Received from TM_1 | Latency: 0.45 ms
[INFO] [1790670243.454973340] [ego_subscriber]: Received from TM_7 | Latency: 0.42 ms
[INFO] [1790670243.463303089] [ego_subscriber]: Received from TM_6 | Latency: 0.43 ms
[INFO] [1790670243.466267491] [ego_subscriber]: Received from TM_9 | Latency: 0.46 ms
[INFO] [1790670243.469859482] [ego_subscriber]: Received from TM_2 | Latency: 0.45 ms
[INFO] [1790670243.471011074] [ego_subscriber]: Received from TM_5 | Latency: 0.48 ms
[INFO] [1790670243.479097889] [ego_subscriber]: Received from TM_4 | Latency: 0.73 ms
[INFO] [1790670243.479185348] [ego_subscriber]: Received from TM_7 | Latency: 0.57 ms
[INFO] [1790670243.479228977] [ego_subscriber]: Received from TM_8 | Latency: 0.59 ms
[INFO] [1790670243.480814504] [ego_subscriber]: Received from TM_6 | Latency: 0.31 ms
[INFO] [1790670243.485344008] [ego_subscriber]: Received from TM_4 | Latency: 0.56 ms
[INFO] [1790670243.485725529] [ego_subscriber]: Received from TM_1 | Latency: 0.46 ms
[INFO] [1790670243.488285231] [ego_subscriber]: Received from TM_3 | Latency: 0.74 ms
[INFO] [1790670243.490638882] [ego_subscriber]: Received from TM_1 | Latency: 0.55 ms
[INFO] [1790670243.490726427] [ego_subscriber]: Received from TM_2 | Latency: 0.32 ms
[INFO] [1790670243.493792052] [ego_subscriber]: Received from TM_9 | Latency: 0.40 ms
[INFO] [1790670243.496836638] [ego_subscriber]: Received from TM_9 | Latency: 0.39 ms
[INFO] [1790670243.503485131] [ego_subscriber]: Received from TM_7 | Latency: 0.73 ms
[INFO] [1790670243.506728026] [ego_subscriber]: Received from TM_3 | Latency: 0.54 ms
[INFO] [1790670243.509696836] [ego_subscriber]: Received from TM_4 | Latency: 0.44 ms
[INFO] [1790670243.511401713] [ego_subscriber]: Received from TM_5 | Latency: 0.55 ms
[INFO] [1790670243.525689445] [ego_subscriber]: Received from TM_8 | Latency: 0.77 ms
[INFO] [1790670243.546169131] [ego_subscriber]: Received from TM_5 | Latency: 0.82 ms
[INFO] [1790670243.546238879] [ego_subscriber]: Received from TM_3 | Latency: 0.85 ms
[INFO] [1790670243.548811696] [ego_subscriber]: Received from TM_8 | Latency: 0.73 ms
[INFO] [1790670243.548878293] [ego_subscriber]: Received from TM_6 | Latency: 0.71 ms
[INFO] [1790670243.549791913] [ego_subscriber]: Received from TM_2 | Latency: 0.44 ms
[INFO] [1790670243.551967902] [ego_subscriber]: Received from TM_1 | Latency: 0.43 ms
[INFO] [1790670243.554899728] [ego_subscriber]: Received from TM_7 | Latency: 0.37 ms
[INFO] [1790670243.563230093] [ego_subscriber]: Received from TM_6 | Latency: 0.33 ms
[INFO] [1790670243.566214595] [ego_subscriber]: Received from TM_9 | Latency: 0.45 ms
[INFO] [1790670243.569705943] [ego_subscriber]: Received from TM_2 | Latency: 0.38 ms
[INFO] [1790670243.571036542] [ego_subscriber]: Received from TM_5 | Latency: 0.47 ms
[INFO] [1790670243.579223105] [ego_subscriber]: Received from TM_4 | Latency: 0.85 ms
[INFO] [1790670243.579288677] [ego_subscriber]: Received from TM_7 | Latency: 0.70 ms
[INFO] [1790670243.579316192] [ego_subscriber]: Received from TM_8 | Latency: 0.66 ms
[INFO] [1790670243.580786020] [ego_subscriber]: Received from TM_6 | Latency: 0.39 ms
[INFO] [1790670243.585256703] [ego_subscriber]: Received from TM_4 | Latency: 0.52 ms
[INFO] [1790670243.585542517] [ego_subscriber]: Received from TM_1 | Latency: 0.26 ms
[INFO] [1790670243.588169576] [ego_subscriber]: Received from TM_3 | Latency: 0.62 ms
[INFO] [1790670243.590499784] [ego_subscriber]: Received from TM_1 | Latency: 0.44 ms
[INFO] [1790670243.590738484] [ego_subscriber]: Received from TM_2 | Latency: 0.34 ms
[INFO] [1790670243.593877051] [ego_subscriber]: Received from TM_9 | Latency: 0.51 ms
[INFO] [1790670243.596817923] [ego_subscriber]: Received from TM_9 | Latency: 0.37 ms
[INFO] [1790670243.603296156] [ego_subscriber]: Received from TM_7 | Latency: 0.52 ms
[INFO] [1790670243.606794270] [ego_subscriber]: Received from TM_3 | Latency: 0.61 ms
[INFO] [1790670243.609752699] [ego_subscriber]: Received from TM_4 | Latency: 0.48 ms
[INFO] [1790670243.611205229] [ego_subscriber]: Received from TM_5 | Latency: 0.37 ms
[INFO] [1790670243.625471550] [ego_subscriber]: Received from TM_8 | Latency: 0.58 ms
[INFO] [1790670243.645886328] [ego_subscriber]: Received from TM_5 | Latency: 0.53 ms
[INFO] [1790670243.646038359] [ego_subscriber]: Received from TM_3 | Latency: 0.63 ms
[INFO] [1790670243.648509447] [ego_subscriber]: Received from TM_8 | Latency: 0.46 ms
[INFO] [1790670243.648605656] [ego_subscriber]: Received from TM_6 | Latency: 0.45 ms
[INFO] [1790670243.649726437] [ego_subscriber]: Received from TM_2 | Latency: 0.36 ms
[INFO] [1790670243.651891787] [ego_subscriber]: Received from TM_1 | Latency: 0.37 ms
[INFO] [1790670243.654900403] [ego_subscriber]: Received from TM_7 | Latency: 0.36 ms
[INFO] [1790670243.663304903] [ego_subscriber]: Received from TM_6 | Latency: 0.42 ms
[INFO] [1790670243.666198512] [ego_subscriber]: Received from TM_9 | Latency: 0.42 ms
[INFO] [1790670243.669828206] [ego_subscriber]: Received from TM_2 | Latency: 0.46 ms
[INFO] [1790670243.670955353] [ego_subscriber]: Received from TM_5 | Latency: 0.39 ms
[INFO] [1790670243.679115668] [ego_subscriber]: Received from TM_4 | Latency: 0.76 ms
[INFO] [1790670243.679273672] [ego_subscriber]: Received from TM_7 | Latency: 0.63 ms
[INFO] [1790670243.679333650] [ego_subscriber]: Received from TM_8 | Latency: 0.62 ms
[INFO] [1790670243.680781036] [ego_subscriber]: Received from TM_6 | Latency: 0.29 ms
[INFO] [1790670243.685202574] [ego_subscriber]: Received from TM_4 | Latency: 0.46 ms
[INFO] [1790670243.685666790] [ego_subscriber]: Received from TM_1 | Latency: 0.41 ms
[INFO] [1790670243.688302958] [ego_subscriber]: Received from TM_3 | Latency: 0.70 ms
[INFO] [1790670243.690454293] [ego_subscriber]: Received from TM_1 | Latency: 0.38 ms
[INFO] [1790670243.690952497] [ego_subscriber]: Received from TM_2 | Latency: 0.54 ms
[INFO] [1790670243.693904257] [ego_subscriber]: Received from TM_9 | Latency: 0.54 ms
[INFO] [1790670243.696814617] [ego_subscriber]: Received from TM_9 | Latency: 0.35 ms
[INFO] [1790670243.703209780] [ego_subscriber]: Received from TM_7 | Latency: 0.46 ms
[INFO] [1790670243.706840224] [ego_subscriber]: Received from TM_3 | Latency: 0.66 ms
[INFO] [1790670243.709714322] [ego_subscriber]: Received from TM_4 | Latency: 0.46 ms
[INFO] [1790670243.711223969] [ego_subscriber]: Received from TM_5 | Latency: 0.36 ms
[INFO] [1790670243.725576600] [ego_subscriber]: Received from TM_8 | Latency: 0.62 ms
[INFO] [1790670243.746193959] [ego_subscriber]: Received from TM_5 | Latency: 0.82 ms
[INFO] [1790670243.746284942] [ego_subscriber]: Received from TM_3 | Latency: 0.90 ms
[INFO] [1790670243.748786830] [ego_subscriber]: Received from TM_8 | Latency: 0.73 ms
[INFO] [1790670243.748851050] [ego_subscriber]: Received from TM_6 | Latency: 0.68 ms
[INFO] [1790670243.749935852] [ego_subscriber]: Received from TM_2 | Latency: 0.55 ms
[INFO] [1790670243.752118176] [ego_subscriber]: Received from TM_1 | Latency: 0.60 ms
[INFO] [1790670243.755135951] [ego_subscriber]: Received from TM_7 | Latency: 0.62 ms
[INFO] [1790670243.763529048] [ego_subscriber]: Received from TM_6 | Latency: 0.63 ms
[INFO] [1790670243.766356758] [ego_subscriber]: Received from TM_9 | Latency: 0.54 ms
[INFO] [1790670243.769976458] [ego_subscriber]: Received from TM_2 | Latency: 0.60 ms
[INFO] [1790670243.771053962] [ego_subscriber]: Received from TM_5 | Latency: 0.54 ms
[INFO] [1790670243.779232797] [ego_subscriber]: Received from TM_4 | Latency: 0.85 ms
[INFO] [1790670243.779309128] [ego_subscriber]: Received from TM_8 | Latency: 0.64 ms
[INFO] [1790670243.779337443] [ego_subscriber]: Received from TM_7 | Latency: 0.64 ms
[INFO] [1790670243.781009007] [ego_subscriber]: Received from TM_6 | Latency: 0.52 ms
[INFO] [1790670243.785386619] [ego_subscriber]: Received from TM_4 | Latency: 0.65 ms
[INFO] [1790670243.785687105] [ego_subscriber]: Received from TM_1 | Latency: 0.40 ms
[INFO] [1790670243.788184293] [ego_subscriber]: Received from TM_3 | Latency: 0.65 ms
[INFO] [1790670243.790542515] [ego_subscriber]: Received from TM_1 | Latency: 0.46 ms
[INFO] [1790670243.790894305] [ego_subscriber]: Received from TM_2 | Latency: 0.46 ms
[INFO] [1790670243.793838876] [ego_subscriber]: Received from TM_9 | Latency: 0.46 ms
[INFO] [1790670243.796906948] [ego_subscriber]: Received from TM_9 | Latency: 0.44 ms
[INFO] [1790670243.803256585] [ego_subscriber]: Received from TM_7 | Latency: 0.50 ms
[INFO] [1790670243.807097688] [ego_subscriber]: Received from TM_3 | Latency: 0.69 ms
[INFO] [1790670243.809969334] [ego_subscriber]: Received from TM_4 | Latency: 0.70 ms
[INFO] [1790670243.811351380] [ego_subscriber]: Received from TM_5 | Latency: 0.51 ms
[INFO] [1790670243.825523214] [ego_subscriber]: Received from TM_8 | Latency: 0.57 ms
[INFO] [1790670243.846186832] [ego_subscriber]: Received from TM_5 | Latency: 0.84 ms
[INFO] [1790670243.846257428] [ego_subscriber]: Received from TM_3 | Latency: 0.84 ms
[INFO] [1790670243.848800718] [ego_subscriber]: Received from TM_8 | Latency: 0.74 ms
[INFO] [1790670243.848863063] [ego_subscriber]: Received from TM_6 | Latency: 0.67 ms
[INFO] [1790670243.849878430] [ego_subscriber]: Received from TM_2 | Latency: 0.49 ms
[INFO] [1790670243.852017786] [ego_subscriber]: Received from TM_1 | Latency: 0.50 ms
[INFO] [1790670243.855289457] [ego_subscriber]: Received from TM_7 | Latency: 0.65 ms
[INFO] [1790670243.863348019] [ego_subscriber]: Received from TM_6 | Latency: 0.43 ms
[INFO] [1790670243.866415145] [ego_subscriber]: Received from TM_9 | Latency: 0.61 ms
[INFO] [1790670243.870000847] [ego_subscriber]: Received from TM_2 | Latency: 0.61 ms
[INFO] [1790670243.871054570] [ego_subscriber]: Received from TM_5 | Latency: 0.48 ms
[INFO] [1790670243.879084420] [ego_subscriber]: Received from TM_4 | Latency: 0.70 ms
[INFO] [1790670243.879175484] [ego_subscriber]: Received from TM_8 | Latency: 0.57 ms
[INFO] [1790670243.879218915] [ego_subscriber]: Received from TM_7 | Latency: 0.47 ms
[INFO] [1790670243.881021396] [ego_subscriber]: Received from TM_6 | Latency: 0.52 ms
[INFO] [1790670243.885283392] [ego_subscriber]: Received from TM_4 | Latency: 0.57 ms
[INFO] [1790670243.885534683] [ego_subscriber]: Received from TM_1 | Latency: 0.25 ms
[INFO] [1790670243.888387887] [ego_subscriber]: Received from TM_3 | Latency: 0.82 ms
[INFO] [1790670243.890368469] [ego_subscriber]: Received from TM_1 | Latency: 0.31 ms
[INFO] [1790670243.890718676] [ego_subscriber]: Received from TM_2 | Latency: 0.32 ms
[INFO] [1790670243.893728533] [ego_subscriber]: Received from TM_9 | Latency: 0.36 ms
[INFO] [1790670243.896818074] [ego_subscriber]: Received from TM_9 | Latency: 0.35 ms
[INFO] [1790670243.903300675] [ego_subscriber]: Received from TM_7 | Latency: 0.50 ms
[INFO] [1790670243.906705872] [ego_subscriber]: Received from TM_3 | Latency: 0.50 ms
[INFO] [1790670243.909631992] [ego_subscriber]: Received from TM_4 | Latency: 0.36 ms
[INFO] [1790670243.911305936] [ego_subscriber]: Received from TM_5 | Latency: 0.46 ms
[INFO] [1790670243.925616544] [ego_subscriber]: Received from TM_8 | Latency: 0.67 ms
[INFO] [1790670243.945947884] [ego_subscriber]: Received from TM_5 | Latency: 0.57 ms
[INFO] [1790670243.946062022] [ego_subscriber]: Received from TM_3 | Latency: 0.63 ms
[INFO] [1790670243.948554499] [ego_subscriber]: Received from TM_8 | Latency: 0.49 ms
[INFO] [1790670243.948651062] [ego_subscriber]: Received from TM_6 | Latency: 0.47 ms
[INFO] [1790670243.949791316] [ego_subscriber]: Received from TM_2 | Latency: 0.37 ms
[INFO] [1790670243.952119527] [ego_subscriber]: Received from TM_1 | Latency: 0.61 ms
[INFO] [1790670243.955115717] [ego_subscriber]: Received from TM_7 | Latency: 0.46 ms
[INFO] [1790670243.963363407] [ego_subscriber]: Received from TM_6 | Latency: 0.42 ms
[INFO] [1790670243.966200530] [ego_subscriber]: Received from TM_9 | Latency: 0.43 ms
[INFO] [1790670243.969831247] [ego_subscriber]: Received from TM_2 | Latency: 0.45 ms
[INFO] [1790670243.970976459] [ego_subscriber]: Received from TM_5 | Latency: 0.41 ms
[INFO] [1790670243.978879676] [ego_subscriber]: Received from TM_4 | Latency: 0.50 ms
[INFO] [1790670243.979267897] [ego_subscriber]: Received from TM_8 | Latency: 0.57 ms
[INFO] [1790670243.979314707] [ego_subscriber]: Received from TM_7 | Latency: 0.56 ms
[INFO] [1790670243.980958210] [ego_subscriber]: Received from TM_6 | Latency: 0.48 ms
[INFO] [1790670243.985211818] [ego_subscriber]: Received from TM_4 | Latency: 0.47 ms
[INFO] [1790670243.985756792] [ego_subscriber]: Received from TM_1 | Latency: 0.46 ms
[INFO] [1790670243.988374484] [ego_subscriber]: Received from TM_3 | Latency: 0.79 ms
[INFO] [1790670243.990516620] [ego_subscriber]: Received from TM_1 | Latency: 0.44 ms
[INFO] [1790670243.990774745] [ego_subscriber]: Received from TM_2 | Latency: 0.31 ms
[INFO] [1790670243.993833855] [ego_subscriber]: Received from TM_9 | Latency: 0.44 ms
[INFO] [1790670243.996826984] [ego_subscriber]: Received from TM_9 | Latency: 0.34 ms
[INFO] [1790670244.003606332] [ego_subscriber]: Received from TM_7 | Latency: 0.77 ms
[INFO] [1790670244.006960350] [ego_subscriber]: Received from TM_3 | Latency: 0.74 ms
[INFO] [1790670244.010053034] [ego_subscriber]: Received from TM_4 | Latency: 0.83 ms
[INFO] [1790670244.011256766] [ego_subscriber]: Received from TM_5 | Latency: 0.42 ms
[INFO] [1790670244.025615422] [ego_subscriber]: Received from TM_8 | Latency: 0.65 ms
[INFO] [1790670244.046112070] [ego_subscriber]: Received from TM_5 | Latency: 0.77 ms
[INFO] [1790670244.046179084] [ego_subscriber]: Received from TM_3 | Latency: 0.81 ms
[INFO] [1790670244.048766284] [ego_subscriber]: Received from TM_8 | Latency: 0.74 ms
[INFO] [1790670244.048840326] [ego_subscriber]: Received from TM_6 | Latency: 0.65 ms
[INFO] [1790670244.050147139] [ego_subscriber]: Received from TM_2 | Latency: 0.59 ms
[INFO] [1790670244.051880268] [ego_subscriber]: Received from TM_1 | Latency: 0.37 ms
[INFO] [1790670244.055017603] [ego_subscriber]: Received from TM_7 | Latency: 0.44 ms
[INFO] [1790670244.063328952] [ego_subscriber]: Received from TM_6 | Latency: 0.39 ms
[INFO] [1790670244.066326156] [ego_subscriber]: Received from TM_9 | Latency: 0.57 ms
[INFO] [1790670244.069992423] [ego_subscriber]: Received from TM_2 | Latency: 0.60 ms
[INFO] [1790670244.070950289] [ego_subscriber]: Received from TM_5 | Latency: 0.42 ms
[INFO] [1790670244.078844233] [ego_subscriber]: Received from TM_4 | Latency: 0.47 ms
[INFO] [1790670244.079376060] [ego_subscriber]: Received from TM_8 | Latency: 0.70 ms
[INFO] [1790670244.079441027] [ego_subscriber]: Received from TM_7 | Latency: 0.68 ms
[INFO] [1790670244.081002604] [ego_subscriber]: Received from TM_6 | Latency: 0.53 ms
[INFO] [1790670244.085259604] [ego_subscriber]: Received from TM_4 | Latency: 0.52 ms
[INFO] [1790670244.085682560] [ego_subscriber]: Received from TM_1 | Latency: 0.39 ms
[INFO] [1790670244.088054591] [ego_subscriber]: Received from TM_3 | Latency: 0.46 ms
[INFO] [1790670244.090613739] [ego_subscriber]: Received from TM_1 | Latency: 0.53 ms
[INFO] [1790670244.091036571] [ego_subscriber]: Received from TM_2 | Latency: 0.45 ms
[INFO] [1790670244.093841936] [ego_subscriber]: Received from TM_9 | Latency: 0.47 ms
[INFO] [1790670244.096814515] [ego_subscriber]: Received from TM_9 | Latency: 0.34 ms
[INFO] [1790670244.103458517] [ego_subscriber]: Received from TM_7 | Latency: 0.64 ms
[INFO] [1790670244.106877163] [ego_subscriber]: Received from TM_3 | Latency: 0.46 ms
[INFO] [1790670244.109862810] [ego_subscriber]: Received from TM_4 | Latency: 0.61 ms
[INFO] [1790670244.111251018] [ego_subscriber]: Received from TM_5 | Latency: 0.41 ms
[INFO] [1790670244.125793346] [ego_subscriber]: Received from TM_8 | Latency: 0.72 ms
[INFO] [1790670244.146212730] [ego_subscriber]: Received from TM_5 | Latency: 0.87 ms
[INFO] [1790670244.146309152] [ego_subscriber]: Received from TM_3 | Latency: 0.75 ms
[INFO] [1790670244.148555068] [ego_subscriber]: Received from TM_8 | Latency: 0.48 ms
[INFO] [1790670244.148629909] [ego_subscriber]: Received from TM_6 | Latency: 0.43 ms
[INFO] [1790670244.150020390] [ego_subscriber]: Received from TM_2 | Latency: 0.52 ms
[INFO] [1790670244.151981430] [ego_subscriber]: Received from TM_1 | Latency: 0.45 ms
[INFO] [1790670244.155098910] [ego_subscriber]: Received from TM_7 | Latency: 0.49 ms
[INFO] [1790670244.163414004] [ego_subscriber]: Received from TM_6 | Latency: 0.46 ms
[INFO] [1790670244.166271726] [ego_subscriber]: Received from TM_9 | Latency: 0.47 ms
[INFO] [1790670244.169800283] [ego_subscriber]: Received from TM_2 | Latency: 0.40 ms
[INFO] [1790670244.170975183] [ego_subscriber]: Received from TM_5 | Latency: 0.42 ms
[INFO] [1790670244.178814932] [ego_subscriber]: Received from TM_4 | Latency: 0.44 ms
[INFO] [1790670244.179431547] [ego_subscriber]: Received from TM_8 | Latency: 0.72 ms
[INFO] [1790670244.179479474] [ego_subscriber]: Received from TM_7 | Latency: 0.75 ms
[INFO] [1790670244.180948893] [ego_subscriber]: Received from TM_6 | Latency: 0.41 ms
[INFO] [1790670244.185191422] [ego_subscriber]: Received from TM_4 | Latency: 0.43 ms
[INFO] [1790670244.185725154] [ego_subscriber]: Received from TM_1 | Latency: 0.45 ms
[INFO] [1790670244.188309330] [ego_subscriber]: Received from TM_3 | Latency: 0.71 ms
[INFO] [1790670244.190651251] [ego_subscriber]: Received from TM_1 | Latency: 0.55 ms
[INFO] [1790670244.190975308] [ego_subscriber]: Received from TM_2 | Latency: 0.52 ms
[INFO] [1790670244.193812526] [ego_subscriber]: Received from TM_9 | Latency: 0.40 ms
[INFO] [1790670244.197144769] [ego_subscriber]: Received from TM_9 | Latency: 0.69 ms
[INFO] [1790670244.203376002] [ego_subscriber]: Received from TM_7 | Latency: 0.52 ms
[INFO] [1790670244.206852108] [ego_subscriber]: Received from TM_3 | Latency: 0.42 ms
[INFO] [1790670244.209636964] [ego_subscriber]: Received from TM_4 | Latency: 0.42 ms
[INFO] [1790670244.211224726] [ego_subscriber]: Received from TM_5 | Latency: 0.39 ms
[INFO] [1790670244.225593187] [ego_subscriber]: Received from TM_8 | Latency: 0.56 ms
[INFO] [1790670244.245942228] [ego_subscriber]: Received from TM_5 | Latency: 0.55 ms
[INFO] [1790670244.246081940] [ego_subscriber]: Received from TM_3 | Latency: 0.63 ms
[INFO] [1790670244.248822560] [ego_subscriber]: Received from TM_8 | Latency: 0.75 ms
[INFO] [1790670244.248904298] [ego_subscriber]: Received from TM_6 | Latency: 0.68 ms
[INFO] [1790670244.249958492] [ego_subscriber]: Received from TM_2 | Latency: 0.52 ms
[INFO] [1790670244.251847008] [ego_subscriber]: Received from TM_1 | Latency: 0.34 ms
[INFO] [1790670244.255042638] [ego_subscriber]: Received from TM_7 | Latency: 0.42 ms
[INFO] [1790670244.263428711] [ego_subscriber]: Received from TM_6 | Latency: 0.47 ms
[INFO] [1790670244.266447814] [ego_subscriber]: Received from TM_9 | Latency: 0.61 ms
[INFO] [1790670244.270194713] [ego_subscriber]: Received from TM_2 | Latency: 0.77 ms
[INFO] [1790670244.271102183] [ego_subscriber]: Received from TM_5 | Latency: 0.53 ms
[INFO] [1790670244.279196010] [ego_subscriber]: Received from TM_4 | Latency: 0.83 ms
[INFO] [1790670244.279291208] [ego_subscriber]: Received from TM_8 | Latency: 0.60 ms
[INFO] [1790670244.279339173] [ego_subscriber]: Received from TM_7 | Latency: 0.62 ms
[INFO] [1790670244.280932313] [ego_subscriber]: Received from TM_6 | Latency: 0.38 ms
[INFO] [1790670244.285143195] [ego_subscriber]: Received from TM_4 | Latency: 0.43 ms
[INFO] [1790670244.285680904] [ego_subscriber]: Received from TM_1 | Latency: 0.37 ms
[INFO] [1790670244.288327679] [ego_subscriber]: Received from TM_3 | Latency: 0.70 ms
[INFO] [1790670244.290417070] [ego_subscriber]: Received from TM_1 | Latency: 0.38 ms
[INFO] [1790670244.290882691] [ego_subscriber]: Received from TM_2 | Latency: 0.41 ms
[INFO] [1790670244.293821394] [ego_subscriber]: Received from TM_9 | Latency: 0.43 ms
[INFO] [1790670244.297184736] [ego_subscriber]: Received from TM_9 | Latency: 0.73 ms
[INFO] [1790670244.303454158] [ego_subscriber]: Received from TM_7 | Latency: 0.63 ms
[INFO] [1790670244.306758125] [ego_subscriber]: Received from TM_3 | Latency: 0.43 ms
[INFO] [1790670244.309884425] [ego_subscriber]: Received from TM_4 | Latency: 0.63 ms
[INFO] [1790670244.311528251] [ego_subscriber]: Received from TM_5 | Latency: 0.66 ms
[INFO] [1790670244.325667786] [ego_subscriber]: Received from TM_8 | Latency: 0.62 ms
[INFO] [1790670244.346082819] [ego_subscriber]: Received from TM_5 | Latency: 0.61 ms
[INFO] [1790670244.346214895] [ego_subscriber]: Received from TM_3 | Latency: 0.72 ms
[INFO] [1790670244.348657482] [ego_subscriber]: Received from TM_8 | Latency: 0.55 ms
[INFO] [1790670244.348761150] [ego_subscriber]: Received from TM_6 | Latency: 0.52 ms
[INFO] [1790670244.349857789] [ego_subscriber]: Received from TM_2 | Latency: 0.41 ms
[INFO] [1790670244.352115620] [ego_subscriber]: Received from TM_1 | Latency: 0.60 ms
[INFO] [1790670244.355234407] [ego_subscriber]: Received from TM_7 | Latency: 0.60 ms
[INFO] [1790670244.363612350] [ego_subscriber]: Received from TM_6 | Latency: 0.65 ms
[INFO] [1790670244.366262348] [ego_subscriber]: Received from TM_9 | Latency: 0.48 ms
[INFO] [1790670244.369813449] [ego_subscriber]: Received from TM_2 | Latency: 0.38 ms
[INFO] [1790670244.371111484] [ego_subscriber]: Received from TM_5 | Latency: 0.55 ms
[INFO] [1790670244.379295792] [ego_subscriber]: Received from TM_4 | Latency: 0.91 ms
[INFO] [1790670244.379371376] [ego_subscriber]: Received from TM_8 | Latency: 0.69 ms
[INFO] [1790670244.379400043] [ego_subscriber]: Received from TM_7 | Latency: 0.62 ms
[INFO] [1790670244.381069786] [ego_subscriber]: Received from TM_6 | Latency: 0.54 ms
[INFO] [1790670244.385214028] [ego_subscriber]: Received from TM_4 | Latency: 0.47 ms
[INFO] [1790670244.385536003] [ego_subscriber]: Received from TM_1 | Latency: 0.24 ms
[INFO] [1790670244.387957229] [ego_subscriber]: Received from TM_3 | Latency: 0.33 ms
[INFO] [1790670244.390383929] [ego_subscriber]: Received from TM_1 | Latency: 0.32 ms
[INFO] [1790670244.390815195] [ego_subscriber]: Received from TM_2 | Latency: 0.33 ms
[INFO] [1790670244.393754660] [ego_subscriber]: Received from TM_9 | Latency: 0.32 ms
[INFO] [1790670244.396853608] [ego_subscriber]: Received from TM_9 | Latency: 0.37 ms
[INFO] [1790670244.403327070] [ego_subscriber]: Received from TM_7 | Latency: 0.47 ms
[INFO] [1790670244.406746180] [ego_subscriber]: Received from TM_3 | Latency: 0.47 ms
[INFO] [1790670244.409677146] [ego_subscriber]: Received from TM_4 | Latency: 0.40 ms
[INFO] [1790670244.411353029] [ego_subscriber]: Received from TM_5 | Latency: 0.42 ms
[INFO] [1790670244.425568733] [ego_subscriber]: Received from TM_8 | Latency: 0.51 ms
[INFO] [1790670244.446194886] [ego_subscriber]: Received from TM_5 | Latency: 0.81 ms
[INFO] [1790670244.446273213] [ego_subscriber]: Received from TM_3 | Latency: 0.72 ms
[INFO] [1790670244.448846691] [ego_subscriber]: Received from TM_8 | Latency: 0.71 ms
[INFO] [1790670244.448910672] [ego_subscriber]: Received from TM_6 | Latency: 0.65 ms
[INFO] [1790670244.450180455] [ego_subscriber]: Received from TM_2 | Latency: 0.73 ms
[INFO] [1790670244.452083494] [ego_subscriber]: Received from TM_1 | Latency: 0.57 ms
[INFO] [1790670244.455069498] [ego_subscriber]: Received from TM_7 | Latency: 0.47 ms
[INFO] [1790670244.463454022] [ego_subscriber]: Received from TM_6 | Latency: 0.50 ms
[INFO] [1790670244.466478784] [ego_subscriber]: Received from TM_9 | Latency: 0.64 ms
[INFO] [1790670244.470074914] [ego_subscriber]: Received from TM_2 | Latency: 0.62 ms
[INFO] [1790670244.471159658] [ego_subscriber]: Received from TM_5 | Latency: 0.59 ms
[INFO] [1790670244.479084950] [ego_subscriber]: Received from TM_4 | Latency: 0.70 ms
[INFO] [1790670244.479176264] [ego_subscriber]: Received from TM_8 | Latency: 0.45 ms
[INFO] [1790670244.479209556] [ego_subscriber]: Received from TM_7 | Latency: 0.47 ms
[INFO] [1790670244.480974548] [ego_subscriber]: Received from TM_6 | Latency: 0.47 ms
[INFO] [1790670244.485422448] [ego_subscriber]: Received from TM_4 | Latency: 0.67 ms
[INFO] [1790670244.485877949] [ego_subscriber]: Received from TM_1 | Latency: 0.52 ms
[INFO] [1790670244.488034304] [ego_subscriber]: Received from TM_3 | Latency: 0.41 ms
[INFO] [1790670244.490432361] [ego_subscriber]: Received from TM_1 | Latency: 0.35 ms
[INFO] [1790670244.490783402] [ego_subscriber]: Received from TM_2 | Latency: 0.30 ms
[INFO] [1790670244.493746234] [ego_subscriber]: Received from TM_9 | Latency: 0.34 ms
[INFO] [1790670244.496870999] [ego_subscriber]: Received from TM_9 | Latency: 0.40 ms
[INFO] [1790670244.503373658] [ego_subscriber]: Received from TM_7 | Latency: 0.51 ms
[INFO] [1790670244.506778137] [ego_subscriber]: Received from TM_3 | Latency: 0.49 ms
[INFO] [1790670244.509768840] [ego_subscriber]: Received from TM_4 | Latency: 0.48 ms
[INFO] [1790670244.511329150] [ego_subscriber]: Received from TM_5 | Latency: 0.44 ms
[INFO] [1790670244.525630368] [ego_subscriber]: Received from TM_8 | Latency: 0.57 ms
[INFO] [1790670244.545941610] [ego_subscriber]: Received from TM_5 | Latency: 0.50 ms
[INFO] [1790670244.546140542] [ego_subscriber]: Received from TM_3 | Latency: 0.66 ms
[INFO] [1790670244.548589699] [ego_subscriber]: Received from TM_8 | Latency: 0.44 ms
[INFO] [1790670244.548689825] [ego_subscriber]: Received from TM_6 | Latency: 0.44 ms
[INFO] [1790670244.549951957] [ego_subscriber]: Received from TM_2 | Latency: 0.50 ms
[INFO] [1790670244.551884953] [ego_subscriber]: Received from TM_1 | Latency: 0.33 ms
[INFO] [1790670244.555254087] [ego_subscriber]: Received from TM_7 | Latency: 0.60 ms
[INFO] [1790670244.563388926] [ego_subscriber]: Received from TM_6 | Latency: 0.42 ms
[INFO] [1790670244.566367006] [ego_subscriber]: Received from TM_9 | Latency: 0.57 ms
[INFO] [1790670244.569875240] [ego_subscriber]: Received from TM_2 | Latency: 0.48 ms
[INFO] [1790670244.570943788] [ego_subscriber]: Received from TM_5 | Latency: 0.36 ms
[INFO] [1790670244.578837956] [ego_subscriber]: Received from TM_4 | Latency: 0.45 ms
[INFO] [1790670244.579330865] [ego_subscriber]: Received from TM_7 | Latency: 0.59 ms
[INFO] [1790670244.579393909] [ego_subscriber]: Received from TM_8 | Latency: 0.66 ms
[INFO] [1790670244.580903887] [ego_subscriber]: Received from TM_6 | Latency: 0.36 ms
[INFO] [1790670244.585515342] [ego_subscriber]: Received from TM_4 | Latency: 0.75 ms
[INFO] [1790670244.585834644] [ego_subscriber]: Received from TM_1 | Latency: 0.52 ms
[INFO] [1790670244.588255515] [ego_subscriber]: Received from TM_3 | Latency: 0.62 ms
[INFO] [1790670244.590484918] [ego_subscriber]: Received from TM_1 | Latency: 0.40 ms
[INFO] [1790670244.590970559] [ego_subscriber]: Received from TM_2 | Latency: 0.47 ms
[INFO] [1790670244.594036459] [ego_subscriber]: Received from TM_9 | Latency: 0.65 ms
[INFO] [1790670244.596902896] [ego_subscriber]: Received from TM_9 | Latency: 0.42 ms
[INFO] [1790670244.603595420] [ego_subscriber]: Received from TM_7 | Latency: 0.72 ms
[INFO] [1790670244.606993244] [ego_subscriber]: Received from TM_3 | Latency: 0.72 ms
[INFO] [1790670244.609909524] [ego_subscriber]: Received from TM_4 | Latency: 0.63 ms
[INFO] [1790670244.611474079] [ego_subscriber]: Received from TM_5 | Latency: 0.58 ms
[INFO] [1790670244.625790433] [ego_subscriber]: Received from TM_8 | Latency: 0.74 ms
[INFO] [1790670244.646231851] [ego_subscriber]: Received from TM_5 | Latency: 0.84 ms
[INFO] [1790670244.646308252] [ego_subscriber]: Received from TM_3 | Latency: 0.83 ms
[INFO] [1790670244.648799587] [ego_subscriber]: Received from TM_8 | Latency: 0.63 ms
[INFO] [1790670244.648957816] [ego_subscriber]: Received from TM_6 | Latency: 0.68 ms
[INFO] [1790670244.649963430] [ego_subscriber]: Received from TM_2 | Latency: 0.49 ms
[INFO] [1790670244.651960537] [ego_subscriber]: Received from TM_1 | Latency: 0.41 ms
[INFO] [1790670244.655298547] [ego_subscriber]: Received from TM_7 | Latency: 0.69 ms
[INFO] [1790670244.663435201] [ego_subscriber]: Received from TM_6 | Latency: 0.43 ms
[INFO] [1790670244.666435563] [ego_subscriber]: Received from TM_9 | Latency: 0.63 ms
[INFO] [1790670244.670124650] [ego_subscriber]: Received from TM_2 | Latency: 0.65 ms
[INFO] [1790670244.670994654] [ego_subscriber]: Received from TM_5 | Latency: 0.43 ms
[INFO] [1790670244.679217990] [ego_subscriber]: Received from TM_4 | Latency: 0.81 ms
[INFO] [1790670244.679309151] [ego_subscriber]: Received from TM_8 | Latency: 0.56 ms
[INFO] [1790670244.679354510] [ego_subscriber]: Received from TM_7 | Latency: 0.56 ms
[INFO] [1790670244.680957789] [ego_subscriber]: Received from TM_6 | Latency: 0.40 ms
[INFO] [1790670244.685175066] [ego_subscriber]: Received from TM_4 | Latency: 0.42 ms
[INFO] [1790670244.686001470] [ego_subscriber]: Received from TM_1 | Latency: 0.48 ms
[INFO] [1790670244.688249554] [ego_subscriber]: Received from TM_3 | Latency: 0.64 ms
[INFO] [1790670244.690561349] [ego_subscriber]: Received from TM_1 | Latency: 0.46 ms
[INFO] [1790670244.690963449] [ego_subscriber]: Received from TM_2 | Latency: 0.45 ms
[INFO] [1790670244.693815188] [ego_subscriber]: Received from TM_9 | Latency: 0.49 ms
[INFO] [1790670244.697055004] [ego_subscriber]: Received from TM_9 | Latency: 0.57 ms
[INFO] [1790670244.703627431] [ego_subscriber]: Received from TM_7 | Latency: 0.74 ms
[INFO] [1790670244.706973145] [ego_subscriber]: Received from TM_3 | Latency: 0.63 ms
[INFO] [1790670244.709703285] [ego_subscriber]: Received from TM_4 | Latency: 0.41 ms
[INFO] [1790670244.711405075] [ego_subscriber]: Received from TM_5 | Latency: 0.54 ms
[INFO] [1790670244.725750471] [ego_subscriber]: Received from TM_8 | Latency: 0.69 ms
[INFO] [1790670244.745961560] [ego_subscriber]: Received from TM_5 | Latency: 0.53 ms
[INFO] [1790670244.746076314] [ego_subscriber]: Received from TM_3 | Latency: 0.61 ms
[INFO] [1790670244.748705350] [ego_subscriber]: Received from TM_8 | Latency: 0.57 ms
[INFO] [1790670244.748772235] [ego_subscriber]: Received from TM_6 | Latency: 0.51 ms
[INFO] [1790670244.749929389] [ego_subscriber]: Received from TM_2 | Latency: 0.32 ms
[INFO] [1790670244.751866337] [ego_subscriber]: Received from TM_1 | Latency: 0.32 ms
[INFO] [1790670244.754993165] [ego_subscriber]: Received from TM_7 | Latency: 0.35 ms
[INFO] [1790670244.763325830] [ego_subscriber]: Received from TM_6 | Latency: 0.32 ms
[INFO] [1790670244.766313969] [ego_subscriber]: Received from TM_9 | Latency: 0.42 ms
[INFO] [1790670244.769871440] [ego_subscriber]: Received from TM_2 | Latency: 0.44 ms
[INFO] [1790670244.770971128] [ego_subscriber]: Received from TM_5 | Latency: 0.40 ms
[INFO] [1790670244.778942355] [ego_subscriber]: Received from TM_4 | Latency: 0.52 ms
[INFO] [1790670244.779204037] [ego_subscriber]: Received from TM_7 | Latency: 0.41 ms
[INFO] [1790670244.779255002] [ego_subscriber]: Received from TM_8 | Latency: 0.46 ms
[INFO] [1790670244.780937124] [ego_subscriber]: Received from TM_6 | Latency: 0.31 ms
[INFO] [1790670244.785269545] [ego_subscriber]: Received from TM_4 | Latency: 0.56 ms
[INFO] [1790670244.785711688] [ego_subscriber]: Received from TM_1 | Latency: 0.36 ms
[INFO] [1790670244.788299126] [ego_subscriber]: Received from TM_3 | Latency: 0.68 ms
[INFO] [1790670244.790556985] [ego_subscriber]: Received from TM_1 | Latency: 0.44 ms
[INFO] [1790670244.790870261] [ego_subscriber]: Received from TM_2 | Latency: 0.35 ms
[INFO] [1790670244.793874740] [ego_subscriber]: Received from TM_9 | Latency: 0.47 ms
[INFO] [1790670244.797174913] [ego_subscriber]: Received from TM_9 | Latency: 0.70 ms
[INFO] [1790670244.803419931] [ego_subscriber]: Received from TM_7 | Latency: 0.50 ms
[INFO] [1790670244.807142577] [ego_subscriber]: Received from TM_3 | Latency: 0.83 ms
[INFO] [1790670244.809742718] [ego_subscriber]: Received from TM_4 | Latency: 0.46 ms
[INFO] [1790670244.811426039] [ego_subscriber]: Received from TM_5 | Latency: 0.57 ms
[INFO] [1790670244.825594681] [ego_subscriber]: Received from TM_8 | Latency: 0.57 ms
[INFO] [1790670244.846031004] [ego_subscriber]: Received from TM_5 | Latency: 0.64 ms
[INFO] [1790670244.846124757] [ego_subscriber]: Received from TM_3 | Latency: 0.64 ms
[INFO] [1790670244.848942621] [ego_subscriber]: Received from TM_8 | Latency: 0.80 ms
[INFO] [1790670244.849027572] [ego_subscriber]: Received from TM_6 | Latency: 0.73 ms
[INFO] [1790670244.850178161] [ego_subscriber]: Received from TM_2 | Latency: 0.71 ms
[INFO] [1790670244.852178532] [ego_subscriber]: Received from TM_1 | Latency: 0.61 ms
[INFO] [1790670244.855296146] [ego_subscriber]: Received from TM_7 | Latency: 0.67 ms
[INFO] [1790670244.863659536] [ego_subscriber]: Received from TM_6 | Latency: 0.67 ms
[INFO] [1790670244.866270580] [ego_subscriber]: Received from TM_9 | Latency: 0.44 ms
[INFO] [1790670244.870125974] [ego_subscriber]: Received from TM_2 | Latency: 0.66 ms
[INFO] [1790670244.871214398] [ego_subscriber]: Received from TM_5 | Latency: 0.64 ms
[INFO] [1790670244.879134582] [ego_subscriber]: Received from TM_4 | Latency: 0.75 ms
[INFO] [1790670244.879225199] [ego_subscriber]: Received from TM_8 | Latency: 0.45 ms
[INFO] [1790670244.879275845] [ego_subscriber]: Received from TM_7 | Latency: 0.48 ms
[INFO] [1790670244.881073647] [ego_subscriber]: Received from TM_6 | Latency: 0.49 ms
[INFO] [1790670244.885363670] [ego_subscriber]: Received from TM_4 | Latency: 0.65 ms
[INFO] [1790670244.885788849] [ego_subscriber]: Received from TM_1 | Latency: 0.45 ms
[INFO] [1790670244.888386895] [ego_subscriber]: Received from TM_3 | Latency: 0.73 ms
[INFO] [1790670244.890424303] [ego_subscriber]: Received from TM_1 | Latency: 0.32 ms
[INFO] [1790670244.891082514] [ego_subscriber]: Received from TM_2 | Latency: 0.52 ms
[INFO] [1790670244.894001462] [ego_subscriber]: Received from TM_9 | Latency: 0.60 ms
[INFO] [1790670244.897011004] [ego_subscriber]: Received from TM_9 | Latency: 0.57 ms
[INFO] [1790670244.903648376] [ego_subscriber]: Received from TM_7 | Latency: 0.73 ms
[INFO] [1790670244.906694544] [ego_subscriber]: Received from TM_3 | Latency: 0.39 ms
[INFO] [1790670244.909873313] [ego_subscriber]: Received from TM_4 | Latency: 0.59 ms
[INFO] [1790670244.911388372] [ego_subscriber]: Received from TM_5 | Latency: 0.51 ms
[INFO] [1790670244.925849919] [ego_subscriber]: Received from TM_8 | Latency: 0.78 ms
[INFO] [1790670244.946028274] [ego_subscriber]: Received from TM_5 | Latency: 0.63 ms
[INFO] [1790670244.946161436] [ego_subscriber]: Received from TM_3 | Latency: 0.61 ms
[INFO] [1790670244.948989510] [ego_subscriber]: Received from TM_8 | Latency: 0.85 ms
[INFO] [1790670244.949061997] [ego_subscriber]: Received from TM_6 | Latency: 0.75 ms
[INFO] [1790670244.949988167] [ego_subscriber]: Received from TM_2 | Latency: 0.49 ms
[INFO] [1790670244.951957354] [ego_subscriber]: Received from TM_1 | Latency: 0.40 ms
[INFO] [1790670244.955142805] [ego_subscriber]: Received from TM_7 | Latency: 0.48 ms
[INFO] [1790670244.963445504] [ego_subscriber]: Received from TM_6 | Latency: 0.44 ms
[INFO] [1790670244.966324338] [ego_subscriber]: Received from TM_9 | Latency: 0.53 ms
[INFO] [1790670244.969901217] [ego_subscriber]: Received from TM_2 | Latency: 0.43 ms
[INFO] [1790670244.971020260] [ego_subscriber]: Received from TM_5 | Latency: 0.45 ms
[INFO] [1790670244.979142459] [ego_subscriber]: Received from TM_4 | Latency: 0.57 ms
[INFO] [1790670244.979268679] [ego_subscriber]: Received from TM_7 | Latency: 0.49 ms
[INFO] [1790670244.979313752] [ego_subscriber]: Received from TM_8 | Latency: 0.52 ms
[INFO] [1790670244.980974645] [ego_subscriber]: Received from TM_6 | Latency: 0.40 ms
[INFO] [1790670244.985151482] [ego_subscriber]: Received from TM_4 | Latency: 0.40 ms
[INFO] [1790670244.985746726] [ego_subscriber]: Received from TM_1 | Latency: 0.39 ms
[INFO] [1790670244.988529418] [ego_subscriber]: Received from TM_3 | Latency: 0.91 ms
[INFO] [1790670244.990451366] [ego_subscriber]: Received from TM_1 | Latency: 0.39 ms
[INFO] [1790670244.990937703] [ego_subscriber]: Received from TM_2 | Latency: 0.37 ms
[INFO] [1790670244.993840207] [ego_subscriber]: Received from TM_9 | Latency: 0.43 ms
[INFO] [1790670244.996962552] [ego_subscriber]: Received from TM_9 | Latency: 0.45 ms
[INFO] [1790670245.003364271] [ego_subscriber]: Received from TM_7 | Latency: 0.45 ms
[INFO] [1790670245.006859845] [ego_subscriber]: Received from TM_3 | Latency: 0.49 ms
[INFO] [1790670245.009768407] [ego_subscriber]: Received from TM_4 | Latency: 0.51 ms
[INFO] [1790670245.011432671] [ego_subscriber]: Received from TM_5 | Latency: 0.51 ms
[INFO] [1790670245.025651650] [ego_subscriber]: Received from TM_8 | Latency: 0.58 ms
[INFO] [1790670245.046112142] [ego_subscriber]: Received from TM_5 | Latency: 0.71 ms
[INFO] [1790670245.046207974] [ego_subscriber]: Received from TM_3 | Latency: 0.64 ms
[INFO] [1790670245.048524400] [ego_subscriber]: Received from TM_8 | Latency: 0.39 ms
[INFO] [1790670245.048683690] [ego_subscriber]: Received from TM_6 | Latency: 0.33 ms
[INFO] [1790670245.049990367] [ego_subscriber]: Received from TM_2 | Latency: 0.48 ms
[INFO] [1790670245.051982190] [ego_subscriber]: Received from TM_1 | Latency: 0.40 ms
[INFO] [1790670245.055137093] [ego_subscriber]: Received from TM_7 | Latency: 0.47 ms
[INFO] [1790670245.063480433] [ego_subscriber]: Received from TM_6 | Latency: 0.46 ms
[INFO] [1790670245.066274918] [ego_subscriber]: Received from TM_9 | Latency: 0.48 ms
[INFO] [1790670245.070107959] [ego_subscriber]: Received from TM_2 | Latency: 0.60 ms
[INFO] [1790670245.071156168] [ego_subscriber]: Received from TM_5 | Latency: 0.58 ms
[INFO] [1790670245.079053933] [ego_subscriber]: Received from TM_4 | Latency: 0.66 ms
[INFO] [1790670245.079300448] [ego_subscriber]: Received from TM_8 | Latency: 0.55 ms
[INFO] [1790670245.079360152] [ego_subscriber]: Received from TM_7 | Latency: 0.54 ms
[INFO] [1790670245.081012294] [ego_subscriber]: Received from TM_6 | Latency: 0.44 ms
[INFO] [1790670245.085185962] [ego_subscriber]: Received from TM_4 | Latency: 0.44 ms
[INFO] [1790670245.085895917] [ego_subscriber]: Received from TM_1 | Latency: 0.54 ms
[INFO] [1790670245.088051106] [ego_subscriber]: Received from TM_3 | Latency: 0.41 ms
[INFO] [1790670245.090483969] [ego_subscriber]: Received from TM_1 | Latency: 0.36 ms
[INFO] [1790670245.091015513] [ego_subscriber]: Received from TM_2 | Latency: 0.45 ms
[INFO] [1790670245.093845926] [ego_subscriber]: Received from TM_9 | Latency: 0.45 ms
[INFO] [1790670245.097004190] [ego_subscriber]: Received from TM_9 | Latency: 0.52 ms
[INFO] [1790670245.103261611] [ego_subscriber]: Received from TM_7 | Latency: 0.34 ms
[INFO] [1790670245.106903873] [ego_subscriber]: Received from TM_3 | Latency: 0.49 ms
[INFO] [1790670245.109676336] [ego_subscriber]: Received from TM_4 | Latency: 0.40 ms
[INFO] [1790670245.111499534] [ego_subscriber]: Received from TM_5 | Latency: 0.63 ms
[INFO] [1790670245.125853588] [ego_subscriber]: Received from TM_8 | Latency: 0.75 ms
[INFO] [1790670245.146071712] [ego_subscriber]: Received from TM_5 | Latency: 0.65 ms
[INFO] [1790670245.146203697] [ego_subscriber]: Received from TM_3 | Latency: 0.71 ms
[INFO] [1790670245.148953548] [ego_subscriber]: Received from TM_8 | Latency: 0.76 ms
[INFO] [1790670245.149039217] [ego_subscriber]: Received from TM_6 | Latency: 0.69 ms
[INFO] [1790670245.149958026] [ego_subscriber]: Received from TM_2 | Latency: 0.45 ms
[INFO] [1790670245.152064574] [ego_subscriber]: Received from TM_1 | Latency: 0.48 ms
[INFO] [1790670245.155164207] [ego_subscriber]: Received from TM_7 | Latency: 0.48 ms
[INFO] [1790670245.163483615] [ego_subscriber]: Received from TM_6 | Latency: 0.46 ms
[INFO] [1790670245.166233326] [ego_subscriber]: Received from TM_9 | Latency: 0.41 ms
[INFO] [1790670245.170112619] [ego_subscriber]: Received from TM_2 | Latency: 0.60 ms
[INFO] [1790670245.171382052] [ego_subscriber]: Received from TM_5 | Latency: 0.74 ms
[INFO] [1790670245.179286996] [ego_subscriber]: Received from TM_4 | Latency: 0.89 ms
[INFO] [1790670245.179385090] [ego_subscriber]: Received from TM_7 | Latency: 0.57 ms
[INFO] [1790670245.179414867] [ego_subscriber]: Received from TM_8 | Latency: 0.57 ms
[INFO] [1790670245.181019605] [ego_subscriber]: Received from TM_6 | Latency: 0.42 ms
[INFO] [1790670245.185526050] [ego_subscriber]: Received from TM_4 | Latency: 0.75 ms
[INFO] [1790670245.185792445] [ego_subscriber]: Received from TM_1 | Latency: 0.44 ms
[INFO] [1790670245.188174209] [ego_subscriber]: Received from TM_3 | Latency: 0.51 ms
[INFO] [1790670245.190685319] [ego_subscriber]: Received from TM_1 | Latency: 0.57 ms
[INFO] [1790670245.191195133] [ego_subscriber]: Received from TM_2 | Latency: 0.57 ms
[INFO] [1790670245.193998452] [ego_subscriber]: Received from TM_9 | Latency: 0.63 ms
[INFO] [1790670245.197053009] [ego_subscriber]: Received from TM_9 | Latency: 0.59 ms
[INFO] [1790670245.203423627] [ego_subscriber]: Received from TM_7 | Latency: 0.50 ms
[INFO] [1790670245.207000685] [ego_subscriber]: Received from TM_3 | Latency: 0.63 ms
[INFO] [1790670245.209801326] [ego_subscriber]: Received from TM_4 | Latency: 0.53 ms
[INFO] [1790670245.211473930] [ego_subscriber]: Received from TM_5 | Latency: 0.62 ms
[INFO] [1790670245.225816460] [ego_subscriber]: Received from TM_8 | Latency: 0.75 ms
[INFO] [1790670245.246308909] [ego_subscriber]: Received from TM_5 | Latency: 0.90 ms
[INFO] [1790670245.246401292] [ego_subscriber]: Received from TM_3 | Latency: 0.84 ms
[INFO] [1790670245.249015800] [ego_subscriber]: Received from TM_8 | Latency: 0.85 ms
[INFO] [1790670245.249084586] [ego_subscriber]: Received from TM_6 | Latency: 0.73 ms
[INFO] [1790670245.250181575] [ego_subscriber]: Received from TM_2 | Latency: 0.64 ms
[INFO] [1790670245.252024459] [ego_subscriber]: Received from TM_1 | Latency: 0.45 ms
[INFO] [1790670245.255315731] [ego_subscriber]: Received from TM_7 | Latency: 0.60 ms
[INFO] [1790670245.263464984] [ego_subscriber]: Received from TM_6 | Latency: 0.43 ms
[INFO] [1790670245.266432370] [ego_subscriber]: Received from TM_9 | Latency: 0.58 ms
[INFO] [1790670245.270016519] [ego_subscriber]: Received from TM_2 | Latency: 0.50 ms
[INFO] [1790670245.271202677] [ego_subscriber]: Received from TM_5 | Latency: 0.61 ms
[INFO] [1790670245.278838702] [ego_subscriber]: Received from TM_4 | Latency: 0.44 ms
[INFO] [1790670245.279287621] [ego_subscriber]: Received from TM_8 | Latency: 0.48 ms
[INFO] [1790670245.279345996] [ego_subscriber]: Received from TM_7 | Latency: 0.49 ms
[INFO] [1790670245.280908325] [ego_subscriber]: Received from TM_6 | Latency: 0.30 ms
[INFO] [1790670245.285135284] [ego_subscriber]: Received from TM_4 | Latency: 0.38 ms
[INFO] [1790670245.285706153] [ego_subscriber]: Received from TM_1 | Latency: 0.35 ms
[INFO] [1790670245.288326013] [ego_subscriber]: Received from TM_3 | Latency: 0.66 ms
[INFO] [1790670245.290520259] [ego_subscriber]: Received from TM_1 | Latency: 0.38 ms
[INFO] [1790670245.291025359] [ego_subscriber]: Received from TM_2 | Latency: 0.40 ms
[INFO] [1790670245.293704957] [ego_subscriber]: Received from TM_9 | Latency: 0.32 ms
[INFO] [1790670245.296837540] [ego_subscriber]: Received from TM_9 | Latency: 0.34 ms
[INFO] [1790670245.303298044] [ego_subscriber]: Received from TM_7 | Latency: 0.38 ms
[INFO] [1790670245.306779765] [ego_subscriber]: Received from TM_3 | Latency: 0.45 ms
[INFO] [1790670245.309728874] [ego_subscriber]: Received from TM_4 | Latency: 0.46 ms
[INFO] [1790670245.311236030] [ego_subscriber]: Received from TM_5 | Latency: 0.36 ms
[INFO] [1790670245.325693694] [ego_subscriber]: Received from TM_8 | Latency: 0.59 ms
[INFO] [1790670245.345991301] [ego_subscriber]: Received from TM_5 | Latency: 0.63 ms
[INFO] [1790670245.346114597] [ego_subscriber]: Received from TM_3 | Latency: 0.54 ms
[INFO] [1790670245.348703889] [ego_subscriber]: Received from TM_8 | Latency: 0.52 ms
[INFO] [1790670245.348807176] [ego_subscriber]: Received from TM_6 | Latency: 0.43 ms
[INFO] [1790670245.350180175] [ego_subscriber]: Received from TM_2 | Latency: 0.64 ms
[INFO] [1790670245.351944513] [ego_subscriber]: Received from TM_1 | Latency: 0.34 ms
[INFO] [1790670245.355347323] [ego_subscriber]: Received from TM_7 | Latency: 0.62 ms
[INFO] [1790670245.363505539] [ego_subscriber]: Received from TM_6 | Latency: 0.43 ms
[INFO] [1790670245.366232400] [ego_subscriber]: Received from TM_9 | Latency: 0.37 ms
[INFO] [1790670245.370007677] [ego_subscriber]: Received from TM_2 | Latency: 0.50 ms
[INFO] [1790670245.370966480] [ego_subscriber]: Received from TM_5 | Latency: 0.42 ms
[INFO] [1790670245.379004203] [ego_subscriber]: Received from TM_4 | Latency: 0.64 ms
[INFO] [1790670245.379251236] [ego_subscriber]: Received from TM_8 | Latency: 0.39 ms
[INFO] [1790670245.379309715] [ego_subscriber]: Received from TM_7 | Latency: 0.40 ms
[INFO] [1790670245.380936487] [ego_subscriber]: Received from TM_6 | Latency: 0.30 ms
[INFO] [1790670245.385166583] [ego_subscriber]: Received from TM_4 | Latency: 0.40 ms
[INFO] [1790670245.385696203] [ego_subscriber]: Received from TM_1 | Latency: 0.36 ms
[INFO] [1790670245.388372756] [ego_subscriber]: Received from TM_3 | Latency: 0.68 ms
[INFO] [1790670245.390476912] [ego_subscriber]: Received from TM_1 | Latency: 0.39 ms
[INFO] [1790670245.390952679] [ego_subscriber]: Received from TM_2 | Latency: 0.39 ms
[INFO] [1790670245.393987568] [ego_subscriber]: Received from TM_9 | Latency: 0.58 ms
[INFO] [1790670245.396881126] [ego_subscriber]: Received from TM_9 | Latency: 0.40 ms
[INFO] [1790670245.403643315] [ego_subscriber]: Received from TM_7 | Latency: 0.65 ms
[INFO] [1790670245.406971134] [ego_subscriber]: Received from TM_3 | Latency: 0.61 ms
[INFO] [1790670245.409953614] [ego_subscriber]: Received from TM_4 | Latency: 0.68 ms
[INFO] [1790670245.411523319] [ego_subscriber]: Received from TM_5 | Latency: 0.66 ms
[INFO] [1790670245.425804474] [ego_subscriber]: Received from TM_8 | Latency: 0.72 ms
[INFO] [1790670245.445971225] [ego_subscriber]: Received from TM_5 | Latency: 0.59 ms
[INFO] [1790670245.446446404] [ego_subscriber]: Received from TM_3 | Latency: 0.81 ms
[INFO] [1790670245.448703517] [ego_subscriber]: Received from TM_8 | Latency: 0.50 ms
[INFO] [1790670245.448800526] [ego_subscriber]: Received from TM_6 | Latency: 0.42 ms
[INFO] [1790670245.449977730] [ego_subscriber]: Received from TM_2 | Latency: 0.44 ms
[INFO] [1790670245.452047635] [ego_subscriber]: Received from TM_1 | Latency: 0.42 ms
[INFO] [1790670245.455246597] [ego_subscriber]: Received from TM_7 | Latency: 0.53 ms
[INFO] [1790670245.463575898] [ego_subscriber]: Received from TM_6 | Latency: 0.48 ms
[INFO] [1790670245.466259319] [ego_subscriber]: Received from TM_9 | Latency: 0.41 ms
[INFO] [1790670245.470347060] [ego_subscriber]: Received from TM_2 | Latency: 0.75 ms
[INFO] [1790670245.471090283] [ego_subscriber]: Received from TM_5 | Latency: 0.54 ms
[INFO] [1790670245.478959609] [ego_subscriber]: Received from TM_4 | Latency: 0.56 ms
[INFO] [1790670245.479355211] [ego_subscriber]: Received from TM_8 | Latency: 0.55 ms
[INFO] [1790670245.479416551] [ego_subscriber]: Received from TM_7 | Latency: 0.55 ms
[INFO] [1790670245.480934784] [ego_subscriber]: Received from TM_6 | Latency: 0.31 ms
[INFO] [1790670245.485206144] [ego_subscriber]: Received from TM_4 | Latency: 0.44 ms
[INFO] [1790670245.485696705] [ego_subscriber]: Received from TM_1 | Latency: 0.34 ms
[INFO] [1790670245.488368975] [ego_subscriber]: Received from TM_3 | Latency: 0.69 ms
[INFO] [1790670245.490535552] [ego_subscriber]: Received from TM_1 | Latency: 0.40 ms
[INFO] [1790670245.491184184] [ego_subscriber]: Received from TM_2 | Latency: 0.54 ms
[INFO] [1790670245.493785498] [ego_subscriber]: Received from TM_9 | Latency: 0.36 ms
[INFO] [1790670245.497031587] [ego_subscriber]: Received from TM_9 | Latency: 0.54 ms
[INFO] [1790670245.503631424] [ego_subscriber]: Received from TM_7 | Latency: 0.66 ms
[INFO] [1790670245.507099505] [ego_subscriber]: Received from TM_3 | Latency: 0.74 ms
[INFO] [1790670245.509726175] [ego_subscriber]: Received from TM_4 | Latency: 0.46 ms
[INFO] [1790670245.511517107] [ego_subscriber]: Received from TM_5 | Latency: 0.67 ms
[INFO] [1790670245.525658313] [ego_subscriber]: Received from TM_8 | Latency: 0.57 ms
[INFO] [1790670245.546230122] [ego_subscriber]: Received from TM_5 | Latency: 0.87 ms
[INFO] [1790670245.546296855] [ego_subscriber]: Received from TM_3 | Latency: 0.72 ms
[INFO] [1790670245.548762073] [ego_subscriber]: Received from TM_8 | Latency: 0.56 ms
[INFO] [1790670245.548866262] [ego_subscriber]: Received from TM_6 | Latency: 0.46 ms
[INFO] [1790670245.550257689] [ego_subscriber]: Received from TM_2 | Latency: 0.66 ms
[INFO] [1790670245.551905700] [ego_subscriber]: Received from TM_1 | Latency: 0.33 ms
[INFO] [1790670245.555447470] [ego_subscriber]: Received from TM_7 | Latency: 0.68 ms
[INFO] [1790670245.563738405] [ego_subscriber]: Received from TM_6 | Latency: 0.63 ms
[INFO] [1790670245.566480750] [ego_subscriber]: Received from TM_9 | Latency: 0.64 ms
[INFO] [1790670245.570201406] [ego_subscriber]: Received from TM_2 | Latency: 0.65 ms
[INFO] [1790670245.571083021] [ego_subscriber]: Received from TM_5 | Latency: 0.50 ms
[INFO] [1790670245.578853909] [ego_subscriber]: Received from TM_4 | Latency: 0.45 ms
[INFO] [1790670245.579464174] [ego_subscriber]: Received from TM_8 | Latency: 0.64 ms
[INFO] [1790670245.579530981] [ego_subscriber]: Received from TM_7 | Latency: 0.68 ms
[INFO] [1790670245.580891414] [ego_subscriber]: Received from TM_6 | Latency: 0.28 ms
[INFO] [1790670245.585231001] [ego_subscriber]: Received from TM_4 | Latency: 0.47 ms
[INFO] [1790670245.585766010] [ego_subscriber]: Received from TM_1 | Latency: 0.39 ms
[INFO] [1790670245.588186913] [ego_subscriber]: Received from TM_3 | Latency: 0.48 ms
[INFO] [1790670245.590480774] [ego_subscriber]: Received from TM_1 | Latency: 0.36 ms
[INFO] [1790670245.590964101] [ego_subscriber]: Received from TM_2 | Latency: 0.38 ms
[INFO] [1790670245.593842018] [ego_subscriber]: Received from TM_9 | Latency: 0.42 ms
[INFO] [1790670245.596884977] [ego_subscriber]: Received from TM_9 | Latency: 0.40 ms
[INFO] [1790670245.603447819] [ego_subscriber]: Received from TM_7 | Latency: 0.47 ms
[INFO] [1790670245.606846308] [ego_subscriber]: Received from TM_3 | Latency: 0.45 ms
[INFO] [1790670245.609693349] [ego_subscriber]: Received from TM_4 | Latency: 0.41 ms
[INFO] [1790670245.611228791] [ego_subscriber]: Received from TM_5 | Latency: 0.37 ms
[INFO] [1790670245.625632282] [ego_subscriber]: Received from TM_8 | Latency: 0.52 ms
[INFO] [1790670245.646107254] [ego_subscriber]: Received from TM_5 | Latency: 0.42 ms
[INFO] [1790670245.646193992] [ego_subscriber]: Received from TM_3 | Latency: 0.61 ms
[INFO] [1790670245.648743527] [ego_subscriber]: Received from TM_8 | Latency: 0.53 ms
[INFO] [1790670245.648905516] [ego_subscriber]: Received from TM_6 | Latency: 0.46 ms
[INFO] [1790670245.650149581] [ego_subscriber]: Received from TM_2 | Latency: 0.59 ms
[INFO] [1790670245.651979010] [ego_subscriber]: Received from TM_1 | Latency: 0.40 ms
[INFO] [1790670245.655122405] [ego_subscriber]: Received from TM_7 | Latency: 0.41 ms
[INFO] [1790670245.663480422] [ego_subscriber]: Received from TM_6 | Latency: 0.39 ms
[INFO] [1790670245.666222653] [ego_subscriber]: Received from TM_9 | Latency: 0.38 ms
[INFO] [1790670245.670022389] [ego_subscriber]: Received from TM_2 | Latency: 0.48 ms
[INFO] [1790670245.671090698] [ego_subscriber]: Received from TM_5 | Latency: 0.53 ms
[INFO] [1790670245.678885107] [ego_subscriber]: Received from TM_4 | Latency: 0.48 ms
[INFO] [1790670245.679426112] [ego_subscriber]: Received from TM_8 | Latency: 0.60 ms
[INFO] [1790670245.679483543] [ego_subscriber]: Received from TM_7 | Latency: 0.62 ms
[INFO] [1790670245.681118534] [ego_subscriber]: Received from TM_6 | Latency: 0.47 ms
[INFO] [1790670245.685457762] [ego_subscriber]: Received from TM_4 | Latency: 0.69 ms
[INFO] [1790670245.685844690] [ego_subscriber]: Received from TM_1 | Latency: 0.47 ms
[INFO] [1790670245.688448206] [ego_subscriber]: Received from TM_3 | Latency: 0.75 ms
[INFO] [1790670245.690536080] [ego_subscriber]: Received from TM_1 | Latency: 0.39 ms
[INFO] [1790670245.691024122] [ego_subscriber]: Received from TM_2 | Latency: 0.40 ms
[INFO] [1790670245.693968048] [ego_subscriber]: Received from TM_9 | Latency: 0.55 ms
[INFO] [1790670245.696993690] [ego_subscriber]: Received from TM_9 | Latency: 0.49 ms
[INFO] [1790670245.703383588] [ego_subscriber]: Received from TM_7 | Latency: 0.43 ms
[INFO] [1790670245.707000148] [ego_subscriber]: Received from TM_3 | Latency: 0.69 ms
[INFO] [1790670245.709696569] [ego_subscriber]: Received from TM_4 | Latency: 0.41 ms
[INFO] [1790670245.711231465] [ego_subscriber]: Received from TM_5 | Latency: 0.36 ms
[INFO] [1790670245.725659762] [ego_subscriber]: Received from TM_8 | Latency: 0.53 ms
[INFO] [1790670245.745948758] [ego_subscriber]: Received from TM_5 | Latency: 0.55 ms
[INFO] [1790670245.746086442] [ego_subscriber]: Received from TM_3 | Latency: 0.56 ms
[INFO] [1790670245.748705939] [ego_subscriber]: Received from TM_8 | Latency: 0.48 ms
[INFO] [1790670245.748801009] [ego_subscriber]: Received from TM_6 | Latency: 0.40 ms
[INFO] [1790670245.750115140] [ego_subscriber]: Received from TM_2 | Latency: 0.52 ms
[INFO] [1790670245.751946438] [ego_subscriber]: Received from TM_1 | Latency: 0.37 ms
[INFO] [1790670245.755330040] [ego_subscriber]: Received from TM_7 | Latency: 0.53 ms
[INFO] [1790670245.763556665] [ego_subscriber]: Received from TM_6 | Latency: 0.44 ms
[INFO] [1790670245.766506508] [ego_subscriber]: Received from TM_9 | Latency: 0.63 ms
[INFO] [1790670245.770358555] [ego_subscriber]: Received from TM_2 | Latency: 0.76 ms
[INFO] [1790670245.771002441] [ego_subscriber]: Received from TM_5 | Latency: 0.44 ms
[INFO] [1790670245.779338123] [ego_subscriber]: Received from TM_4 | Latency: 0.91 ms
[INFO] [1790670245.779430162] [ego_subscriber]: Received from TM_7 | Latency: 0.54 ms
[INFO] [1790670245.779474678] [ego_subscriber]: Received from TM_8 | Latency: 0.59 ms
[INFO] [1790670245.781032374] [ego_subscriber]: Received from TM_6 | Latency: 0.40 ms
[INFO] [1790670245.785381219] [ego_subscriber]: Received from TM_4 | Latency: 0.63 ms
[INFO] [1790670245.785982957] [ego_subscriber]: Received from TM_1 | Latency: 0.56 ms
[INFO] [1790670245.788640602] [ego_subscriber]: Received from TM_3 | Latency: 0.95 ms
[INFO] [1790670245.790490657] [ego_subscriber]: Received from TM_1 | Latency: 0.36 ms
[INFO] [1790670245.791048658] [ego_subscriber]: Received from TM_2 | Latency: 0.43 ms
[INFO] [1790670245.793875544] [ego_subscriber]: Received from TM_9 | Latency: 0.46 ms
[INFO] [1790670245.797075316] [ego_subscriber]: Received from TM_9 | Latency: 0.44 ms
[INFO] [1790670245.803381400] [ego_subscriber]: Received from TM_7 | Latency: 0.39 ms
[INFO] [1790670245.806717128] [ego_subscriber]: Received from TM_3 | Latency: 0.38 ms
[INFO] [1790670245.809645673] [ego_subscriber]: Received from TM_4 | Latency: 0.42 ms
[INFO] [1790670245.811339451] [ego_subscriber]: Received from TM_5 | Latency: 0.47 ms
[INFO] [1790670245.825715055] [ego_subscriber]: Received from TM_8 | Latency: 0.58 ms
[INFO] [1790670245.846147998] [ego_subscriber]: Received from TM_5 | Latency: 0.81 ms
[INFO] [1790670245.846225797] [ego_subscriber]: Received from TM_3 | Latency: 0.59 ms
[INFO] [1790670245.848561558] [ego_subscriber]: Received from TM_8 | Latency: 0.37 ms
[INFO] [1790670245.848654276] [ego_subscriber]: Received from TM_6 | Latency: 0.28 ms
[INFO] [1790670245.849979153] [ego_subscriber]: Received from TM_2 | Latency: 0.41 ms
[INFO] [1790670245.851906493] [ego_subscriber]: Received from TM_1 | Latency: 0.34 ms
[INFO] [1790670245.855146710] [ego_subscriber]: Received from TM_7 | Latency: 0.42 ms
[INFO] [1790670245.863693071] [ego_subscriber]: Received from TM_6 | Latency: 0.59 ms
[INFO] [1790670245.866340985] [ego_subscriber]: Received from TM_9 | Latency: 0.52 ms
[INFO] [1790670245.870094788] [ego_subscriber]: Received from TM_2 | Latency: 0.51 ms
[INFO] [1790670245.870973798] [ego_subscriber]: Received from TM_5 | Latency: 0.42 ms
[INFO] [1790670245.878956146] [ego_subscriber]: Received from TM_4 | Latency: 0.52 ms
[INFO] [1790670245.879501155] [ego_subscriber]: Received from TM_8 | Latency: 0.66 ms
[INFO] [1790670245.879545621] [ego_subscriber]: Received from TM_7 | Latency: 0.66 ms
[INFO] [1790670245.881229926] [ego_subscriber]: Received from TM_6 | Latency: 0.54 ms
[INFO] [1790670245.885332911] [ego_subscriber]: Received from TM_4 | Latency: 0.60 ms
[INFO] [1790670245.886047247] [ego_subscriber]: Received from TM_1 | Latency: 0.68 ms
[INFO] [1790670245.888536740] [ego_subscriber]: Received from TM_3 | Latency: 0.76 ms
[INFO] [1790670245.890543195] [ego_subscriber]: Received from TM_1 | Latency: 0.41 ms
[INFO] [1790670245.891279731] [ego_subscriber]: Received from TM_2 | Latency: 0.64 ms
[INFO] [1790670245.893884899] [ego_subscriber]: Received from TM_9 | Latency: 0.47 ms
[INFO] [1790670245.896904155] [ego_subscriber]: Received from TM_9 | Latency: 0.42 ms
[INFO] [1790670245.903513517] [ego_subscriber]: Received from TM_7 | Latency: 0.50 ms
[INFO] [1790670245.906850194] [ego_subscriber]: Received from TM_3 | Latency: 0.47 ms
[INFO] [1790670245.909668258] [ego_subscriber]: Received from TM_4 | Latency: 0.38 ms
[INFO] [1790670245.911191187] [ego_subscriber]: Received from TM_5 | Latency: 0.36 ms
[INFO] [1790670245.925714951] [ego_subscriber]: Received from TM_8 | Latency: 0.61 ms
[INFO] [1790670245.945996833] [ego_subscriber]: Received from TM_5 | Latency: 0.59 ms
[INFO] [1790670245.946235733] [ego_subscriber]: Received from TM_3 | Latency: 0.63 ms
[INFO] [1790670245.948805742] [ego_subscriber]: Received from TM_8 | Latency: 0.57 ms
[INFO] [1790670245.948873151] [ego_subscriber]: Received from TM_6 | Latency: 0.49 ms
[INFO] [1790670245.950073831] [ego_subscriber]: Received from TM_2 | Latency: 0.47 ms
[INFO] [1790670245.951873821] [ego_subscriber]: Received from TM_1 | Latency: 0.30 ms
[INFO] [1790670245.955096100] [ego_subscriber]: Received from TM_7 | Latency: 0.33 ms
[INFO] [1790670245.963705902] [ego_subscriber]: Received from TM_6 | Latency: 0.59 ms
[INFO] [1790670245.966388686] [ego_subscriber]: Received from TM_9 | Latency: 0.56 ms
[INFO] [1790670245.970207789] [ego_subscriber]: Received from TM_2 | Latency: 0.66 ms
[INFO] [1790670245.970937840] [ego_subscriber]: Received from TM_5 | Latency: 0.34 ms
[INFO] [1790670245.978937538] [ego_subscriber]: Received from TM_4 | Latency: 0.53 ms
[INFO] [1790670245.979464105] [ego_subscriber]: Received from TM_7 | Latency: 0.57 ms
[INFO] [1790670245.979529590] [ego_subscriber]: Received from TM_8 | Latency: 0.65 ms
[INFO] [1790670245.981167672] [ego_subscriber]: Received from TM_6 | Latency: 0.49 ms
[INFO] [1790670245.985356578] [ego_subscriber]: Received from TM_4 | Latency: 0.58 ms
[INFO] [1790670245.985855411] [ego_subscriber]: Received from TM_1 | Latency: 0.49 ms
[INFO] [1790670245.988707000] [ego_subscriber]: Received from TM_3 | Latency: 0.94 ms
[INFO] [1790670245.990507955] [ego_subscriber]: Received from TM_1 | Latency: 0.38 ms
[INFO] [1790670245.991087750] [ego_subscriber]: Received from TM_2 | Latency: 0.46 ms
[INFO] [1790670245.993935125] [ego_subscriber]: Received from TM_9 | Latency: 0.50 ms
[INFO] [1790670245.997159852] [ego_subscriber]: Received from TM_9 | Latency: 0.67 ms
[INFO] [1790670246.003508001] [ego_subscriber]: Received from TM_7 | Latency: 0.49 ms
[INFO] [1790670246.007072535] [ego_subscriber]: Received from TM_3 | Latency: 0.71 ms
[INFO] [1790670246.009881672] [ego_subscriber]: Received from TM_4 | Latency: 0.63 ms
[INFO] [1790670246.011449265] [ego_subscriber]: Received from TM_5 | Latency: 0.54 ms
[INFO] [1790670246.025857906] [ego_subscriber]: Received from TM_8 | Latency: 0.73 ms
[INFO] [1790670246.046362878] [ego_subscriber]: Received from TM_5 | Latency: 1.00 ms
[INFO] [1790670246.046432719] [ego_subscriber]: Received from TM_3 | Latency: 0.79 ms
[INFO] [1790670246.048746367] [ego_subscriber]: Received from TM_8 | Latency: 0.51 ms
[INFO] [1790670246.048862255] [ego_subscriber]: Received from TM_6 | Latency: 0.40 ms
[INFO] [1790670246.050354963] [ego_subscriber]: Received from TM_2 | Latency: 0.76 ms
[INFO] [1790670246.052047784] [ego_subscriber]: Received from TM_1 | Latency: 0.46 ms
[INFO] [1790670246.055442020] [ego_subscriber]: Received from TM_7 | Latency: 0.65 ms
[INFO] [1790670246.063809419] [ego_subscriber]: Received from TM_6 | Latency: 0.67 ms
[INFO] [1790670246.066625963] [ego_subscriber]: Received from TM_9 | Latency: 0.79 ms
[INFO] [1790670246.070347476] [ego_subscriber]: Received from TM_2 | Latency: 0.77 ms
[INFO] [1790670246.071495344] [ego_subscriber]: Received from TM_5 | Latency: 0.93 ms
[INFO] [1790670246.079288852] [ego_subscriber]: Received from TM_4 | Latency: 0.87 ms
[INFO] [1790670246.079632935] [ego_subscriber]: Received from TM_7 | Latency: 0.72 ms
[INFO] [1790670246.079680262] [ego_subscriber]: Received from TM_8 | Latency: 0.76 ms
[INFO] [1790670246.081551494] [ego_subscriber]: Received from TM_6 | Latency: 0.85 ms
[INFO] [1790670246.085554155] [ego_subscriber]: Received from TM_4 | Latency: 0.79 ms
[INFO] [1790670246.085863189] [ego_subscriber]: Received from TM_1 | Latency: 0.46 ms
[INFO] [1790670246.088459845] [ego_subscriber]: Received from TM_3 | Latency: 0.68 ms
[INFO] [1790670246.090588333] [ego_subscriber]: Received from TM_1 | Latency: 0.43 ms
[INFO] [1790670246.091224673] [ego_subscriber]: Received from TM_2 | Latency: 0.58 ms
[INFO] [1790670246.094377575] [ego_subscriber]: Received from TM_9 | Latency: 0.94 ms
[INFO] [1790670246.097019534] [ego_subscriber]: Received from TM_9 | Latency: 0.52 ms
[INFO] [1790670246.103757114] [ego_subscriber]: Received from TM_7 | Latency: 0.74 ms
[INFO] [1790670246.107318417] [ego_subscriber]: Received from TM_3 | Latency: 0.96 ms
[INFO] [1790670246.110072218] [ego_subscriber]: Received from TM_4 | Latency: 0.78 ms
[INFO] [1790670246.111453898] [ego_subscriber]: Received from TM_5 | Latency: 0.59 ms
[INFO] [1790670246.125904984] [ego_subscriber]: Received from TM_8 | Latency: 0.75 ms
[INFO] [1790670246.146038944] [ego_subscriber]: Received from TM_5 | Latency: 0.66 ms
[INFO] [1790670246.146331117] [ego_subscriber]: Received from TM_3 | Latency: 0.72 ms
[INFO] [1790670246.148727542] [ego_subscriber]: Received from TM_8 | Latency: 0.49 ms
[INFO] [1790670246.148827607] [ego_subscriber]: Received from TM_6 | Latency: 0.34 ms
[INFO] [1790670246.150264076] [ego_subscriber]: Received from TM_2 | Latency: 0.68 ms
[INFO] [1790670246.151952355] [ego_subscriber]: Received from TM_1 | Latency: 0.38 ms
[INFO] [1790670246.155357332] [ego_subscriber]: Received from TM_7 | Latency: 0.54 ms
[INFO] [1790670246.163838180] [ego_subscriber]: Received from TM_6 | Latency: 0.70 ms
[INFO] [1790670246.166527225] [ego_subscriber]: Received from TM_9 | Latency: 0.68 ms
[INFO] [1790670246.170578165] [ego_subscriber]: Received from TM_2 | Latency: 0.98 ms
[INFO] [1790670246.170907073] [ego_subscriber]: Received from TM_5 | Latency: 0.35 ms
[INFO] [1790670246.179115954] [ego_subscriber]: Received from TM_4 | Latency: 0.73 ms
[INFO] [1790670246.179248536] [ego_subscriber]: Received from TM_7 | Latency: 0.33 ms
[INFO] [1790670246.179301744] [ego_subscriber]: Received from TM_8 | Latency: 0.42 ms
[INFO] [1790670246.181086463] [ego_subscriber]: Received from TM_6 | Latency: 0.35 ms
[INFO] [1790670246.185455314] [ego_subscriber]: Received from TM_4 | Latency: 0.68 ms
[INFO] [1790670246.185835459] [ego_subscriber]: Received from TM_1 | Latency: 0.43 ms
[INFO] [1790670246.188275517] [ego_subscriber]: Received from TM_3 | Latency: 0.49 ms
[INFO] [1790670246.190999090] [ego_subscriber]: Received from TM_1 | Latency: 0.84 ms
[INFO] [1790670246.191140912] [ego_subscriber]: Received from TM_2 | Latency: 0.48 ms
[INFO] [1790670246.194035407] [ego_subscriber]: Received from TM_9 | Latency: 0.63 ms
[INFO] [1790670246.196906674] [ego_subscriber]: Received from TM_9 | Latency: 0.40 ms
[INFO] [1790670246.203640456] [ego_subscriber]: Received from TM_7 | Latency: 0.61 ms
[INFO] [1790670246.207184882] [ego_subscriber]: Received from TM_3 | Latency: 0.81 ms
[INFO] [1790670246.209909765] [ego_subscriber]: Received from TM_4 | Latency: 0.63 ms
[INFO] [1790670246.211211407] [ego_subscriber]: Received from TM_5 | Latency: 0.34 ms
[INFO] [1790670246.225702506] [ego_subscriber]: Received from TM_8 | Latency: 0.55 ms
[INFO] [1790670246.246028594] [ego_subscriber]: Received from TM_5 | Latency: 0.64 ms
[INFO] [1790670246.246391049] [ego_subscriber]: Received from TM_3 | Latency: 0.75 ms
[INFO] [1790670246.248948384] [ego_subscriber]: Received from TM_8 | Latency: 0.70 ms
[INFO] [1790670246.249021287] [ego_subscriber]: Received from TM_6 | Latency: 0.57 ms
[INFO] [1790670246.250211883] [ego_subscriber]: Received from TM_2 | Latency: 0.62 ms
[INFO] [1790670246.252186924] [ego_subscriber]: Received from TM_1 | Latency: 0.61 ms
[INFO] [1790670246.255415710] [ego_subscriber]: Received from TM_7 | Latency: 0.57 ms
[INFO] [1790670246.263594005] [ego_subscriber]: Received from TM_6 | Latency: 0.42 ms
[INFO] [1790670246.266478551] [ego_subscriber]: Received from TM_9 | Latency: 0.60 ms
[INFO] [1790670246.270178101] [ego_subscriber]: Received from TM_2 | Latency: 0.57 ms
[INFO] [1790670246.270980515] [ego_subscriber]: Received from TM_5 | Latency: 0.40 ms
[INFO] [1790670246.278963971] [ego_subscriber]: Received from TM_4 | Latency: 0.56 ms
[INFO] [1790670246.279485940] [ego_subscriber]: Received from TM_8 | Latency: 0.58 ms
[INFO] [1790670246.279556279] [ego_subscriber]: Received from TM_7 | Latency: 0.63 ms
[INFO] [1790670246.281120897] [ego_subscriber]: Received from TM_6 | Latency: 0.41 ms
[INFO] [1790670246.285190772] [ego_subscriber]: Received from TM_4 | Latency: 0.41 ms
[INFO] [1790670246.285862141] [ego_subscriber]: Received from TM_1 | Latency: 0.49 ms
[INFO] [1790670246.288485104] [ego_subscriber]: Received from TM_3 | Latency: 0.69 ms
[INFO] [1790670246.290786692] [ego_subscriber]: Received from TM_1 | Latency: 0.64 ms
[INFO] [1790670246.291190598] [ego_subscriber]: Received from TM_2 | Latency: 0.53 ms
[INFO] [1790670246.294025877] [ego_subscriber]: Received from TM_9 | Latency: 0.61 ms
[INFO] [1790670246.297032303] [ego_subscriber]: Received from TM_9 | Latency: 0.45 ms
[INFO] [1790670246.303486021] [ego_subscriber]: Received from TM_7 | Latency: 0.44 ms
[INFO] [1790670246.306904815] [ego_subscriber]: Received from TM_3 | Latency: 0.50 ms
[INFO] [1790670246.309966214] [ego_subscriber]: Received from TM_4 | Latency: 0.68 ms
[INFO] [1790670246.311422370] [ego_subscriber]: Received from TM_5 | Latency: 0.56 ms
[INFO] [1790670246.325862206] [ego_subscriber]: Received from TM_8 | Latency: 0.73 ms
[INFO] [1790670246.346015315] [ego_subscriber]: Received from TM_5 | Latency: 0.64 ms
[INFO] [1790670246.346341134] [ego_subscriber]: Received from TM_3 | Latency: 0.73 ms
[INFO] [1790670246.349012346] [ego_subscriber]: Received from TM_8 | Latency: 0.75 ms
[INFO] [1790670246.349097628] [ego_subscriber]: Received from TM_6 | Latency: 0.60 ms
[INFO] [1790670246.350051096] [ego_subscriber]: Received from TM_2 | Latency: 0.43 ms
[INFO] [1790670246.351871648] [ego_subscriber]: Received from TM_1 | Latency: 0.29 ms
[INFO] [1790670246.355159436] [ego_subscriber]: Received from TM_7 | Latency: 0.33 ms
[INFO] [1790670246.363638690] [ego_subscriber]: Received from TM_6 | Latency: 0.49 ms
[INFO] [1790670246.366238737] [ego_subscriber]: Received from TM_9 | Latency: 0.39 ms
[INFO] [1790670246.370133594] [ego_subscriber]: Received from TM_2 | Latency: 0.52 ms
[INFO] [1790670246.371009910] [ego_subscriber]: Received from TM_5 | Latency: 0.46 ms
[INFO] [1790670246.378908885] [ego_subscriber]: Received from TM_4 | Latency: 0.47 ms
[INFO] [1790670246.379301199] [ego_subscriber]: Received from TM_8 | Latency: 0.42 ms
[INFO] [1790670246.379399969] [ego_subscriber]: Received from TM_7 | Latency: 0.48 ms
[INFO] [1790670246.381021801] [ego_subscriber]: Received from TM_6 | Latency: 0.29 ms
[INFO] [1790670246.385190503] [ego_subscriber]: Received from TM_4 | Latency: 0.42 ms
[INFO] [1790670246.386040406] [ego_subscriber]: Received from TM_1 | Latency: 0.66 ms
[INFO] [1790670246.388212982] [ego_subscriber]: Received from TM_3 | Latency: 0.39 ms
[INFO] [1790670246.390584233] [ego_subscriber]: Received from TM_1 | Latency: 0.49 ms
[INFO] [1790670246.391053622] [ego_subscriber]: Received from TM_2 | Latency: 0.40 ms
[INFO] [1790670246.394073848] [ego_subscriber]: Received from TM_9 | Latency: 0.65 ms
[INFO] [1790670246.396954471] [ego_subscriber]: Received from TM_9 | Latency: 0.44 ms
[INFO] [1790670246.403562335] [ego_subscriber]: Received from TM_7 | Latency: 0.49 ms
[INFO] [1790670246.406994088] [ego_subscriber]: Received from TM_3 | Latency: 0.56 ms
[INFO] [1790670246.409834455] [ego_subscriber]: Received from TM_4 | Latency: 0.55 ms
[INFO] [1790670246.411282057] [ego_subscriber]: Received from TM_5 | Latency: 0.41 ms
[INFO] [1790670246.425732376] [ego_subscriber]: Received from TM_8 | Latency: 0.57 ms
[INFO] [1790670246.446162074] [ego_subscriber]: Received from TM_5 | Latency: 0.52 ms
[INFO] [1790670246.446301490] [ego_subscriber]: Received from TM_3 | Latency: 0.66 ms
[INFO] [1790670246.448772427] [ego_subscriber]: Received from TM_8 | Latency: 0.49 ms
[INFO] [1790670246.448854863] [ego_subscriber]: Received from TM_6 | Latency: 0.37 ms
[INFO] [1790670246.450131498] [ego_subscriber]: Received from TM_2 | Latency: 0.45 ms
[INFO] [1790670246.451965841] [ego_subscriber]: Received from TM_1 | Latency: 0.36 ms
[INFO] [1790670246.455154756] [ego_subscriber]: Received from TM_7 | Latency: 0.37 ms
[INFO] [1790670246.463593580] [ego_subscriber]: Received from TM_6 | Latency: 0.40 ms
[INFO] [1790670246.466265965] [ego_subscriber]: Received from TM_9 | Latency: 0.43 ms
[INFO] [1790670246.470175419] [ego_subscriber]: Received from TM_2 | Latency: 0.49 ms
[INFO] [1790670246.471056750] [ego_subscriber]: Received from TM_5 | Latency: 0.48 ms
[INFO] [1790670246.479139008] [ego_subscriber]: Received from TM_4 | Latency: 0.75 ms
[INFO] [1790670246.479305763] [ego_subscriber]: Received from TM_8 | Latency: 0.41 ms
[INFO] [1790670246.479364112] [ego_subscriber]: Received from TM_7 | Latency: 0.43 ms
[INFO] [1790670246.481163865] [ego_subscriber]: Received from TM_6 | Latency: 0.44 ms
[INFO] [1790670246.485165998] [ego_subscriber]: Received from TM_4 | Latency: 0.40 ms
[INFO] [1790670246.485801819] [ego_subscriber]: Received from TM_1 | Latency: 0.38 ms
[INFO] [1790670246.488406514] [ego_subscriber]: Received from TM_3 | Latency: 0.61 ms
[INFO] [1790670246.490638295] [ego_subscriber]: Received from TM_1 | Latency: 0.50 ms
[INFO] [1790670246.491087750] [ego_subscriber]: Received from TM_2 | Latency: 0.39 ms
[INFO] [1790670246.493803910] [ego_subscriber]: Received from TM_9 | Latency: 0.37 ms
[INFO] [1790670246.496964065] [ego_subscriber]: Received from TM_9 | Latency: 0.46 ms
[INFO] [1790670246.503560802] [ego_subscriber]: Received from TM_7 | Latency: 0.51 ms
[INFO] [1790670246.506872679] [ego_subscriber]: Received from TM_3 | Latency: 0.53 ms
[INFO] [1790670246.509724944] [ego_subscriber]: Received from TM_4 | Latency: 0.44 ms
[INFO] [1790670246.511257466] [ego_subscriber]: Received from TM_5 | Latency: 0.43 ms
[INFO] [1790670246.525705163] [ego_subscriber]: Received from TM_8 | Latency: 0.54 ms
[INFO] [1790670246.545954341] [ego_subscriber]: Received from TM_5 | Latency: 0.54 ms
[INFO] [1790670246.546181382] [ego_subscriber]: Received from TM_3 | Latency: 0.55 ms
[INFO] [1790670246.548778648] [ego_subscriber]: Received from TM_8 | Latency: 0.43 ms
[INFO] [1790670246.548901318] [ego_subscriber]: Received from TM_6 | Latency: 0.38 ms
[INFO] [1790670246.550232715] [ego_subscriber]: Received from TM_2 | Latency: 0.54 ms
[INFO] [1790670246.552004109] [ego_subscriber]: Received from TM_1 | Latency: 0.43 ms
[INFO] [1790670246.555197282] [ego_subscriber]: Received from TM_7 | Latency: 0.29 ms
[INFO] [1790670246.563543944] [ego_subscriber]: Received from TM_6 | Latency: 0.37 ms
[INFO] [1790670246.566347552] [ego_subscriber]: Received from TM_9 | Latency: 0.47 ms
[INFO] [1790670246.570140563] [ego_subscriber]: Received from TM_2 | Latency: 0.54 ms
[INFO] [1790670246.571147158] [ego_subscriber]: Received from TM_5 | Latency: 0.56 ms
[INFO] [1790670246.579401086] [ego_subscriber]: Received from TM_4 | Latency: 0.92 ms
[INFO] [1790670246.579508547] [ego_subscriber]: Received from TM_7 | Latency: 0.63 ms
[INFO] [1790670246.579543963] [ego_subscriber]: Received from TM_8 | Latency: 0.61 ms
[INFO] [1790670246.581027091] [ego_subscriber]: Received from TM_6 | Latency: 0.29 ms
[INFO] [1790670246.585209449] [ego_subscriber]: Received from TM_4 | Latency: 0.45 ms
[INFO] [1790670246.585742128] [ego_subscriber]: Received from TM_1 | Latency: 0.37 ms
[INFO] [1790670246.588512999] [ego_subscriber]: Received from TM_3 | Latency: 0.73 ms
[INFO] [1790670246.590669456] [ego_subscriber]: Received from TM_1 | Latency: 0.45 ms
[INFO] [1790670246.591169408] [ego_subscriber]: Received from TM_2 | Latency: 0.39 ms
[INFO] [1790670246.593951446] [ego_subscriber]: Received from TM_9 | Latency: 0.53 ms
[INFO] [1790670246.596809642] [ego_subscriber]: Received from TM_9 | Latency: 0.29 ms
[INFO] [1790670246.603728232] [ego_subscriber]: Received from TM_7 | Latency: 0.66 ms
[INFO] [1790670246.606767435] [ego_subscriber]: Received from TM_3 | Latency: 0.42 ms
[INFO] [1790670246.609651964] [ego_subscriber]: Received from TM_4 | Latency: 0.37 ms
[INFO] [1790670246.611266752] [ego_subscriber]: Received from TM_5 | Latency: 0.38 ms
[INFO] [1790670246.625735454] [ego_subscriber]: Received from TM_8 | Latency: 0.55 ms
[INFO] [1790670246.646051007] [ego_subscriber]: Received from TM_5 | Latency: 0.67 ms
[INFO] [1790670246.646180551] [ego_subscriber]: Received from TM_3 | Latency: 0.53 ms
[INFO] [1790670246.648698468] [ego_subscriber]: Received from TM_8 | Latency: 0.42 ms
[INFO] [1790670246.648785666] [ego_subscriber]: Received from TM_6 | Latency: 0.29 ms
[INFO] [1790670246.650123229] [ego_subscriber]: Received from TM_2 | Latency: 0.48 ms
[INFO] [1790670246.651940102] [ego_subscriber]: Received from TM_1 | Latency: 0.37 ms
[INFO] [1790670246.655164655] [ego_subscriber]: Received from TM_7 | Latency: 0.34 ms
[INFO] [1790670246.663526735] [ego_subscriber]: Received from TM_6 | Latency: 0.35 ms
[INFO] [1790670246.666112755] [ego_subscriber]: Received from TM_9 | Latency: 0.28 ms
[INFO] [1790670246.670023856] [ego_subscriber]: Received from TM_2 | Latency: 0.39 ms
[INFO] [1790670246.670941927] [ego_subscriber]: Received from TM_5 | Latency: 0.37 ms
[INFO] [1790670246.678964478] [ego_subscriber]: Received from TM_4 | Latency: 0.57 ms
[INFO] [1790670246.679383597] [ego_subscriber]: Received from TM_7 | Latency: 0.43 ms
[INFO] [1790670246.679443929] [ego_subscriber]: Received from TM_8 | Latency: 0.52 ms
[INFO] [1790670246.681108907] [ego_subscriber]: Received from TM_6 | Latency: 0.35 ms
[INFO] [1790670246.685423903] [ego_subscriber]: Received from TM_4 | Latency: 0.66 ms
[INFO] [1790670246.685665111] [ego_subscriber]: Received from TM_1 | Latency: 0.32 ms
[INFO] [1790670246.688384631] [ego_subscriber]: Received from TM_3 | Latency: 0.53 ms
[INFO] [1790670246.690792886] [ego_subscriber]: Received from TM_1 | Latency: 0.60 ms
[INFO] [1790670246.691164788] [ego_subscriber]: Received from TM_2 | Latency: 0.35 ms
[INFO] [1790670246.694038167] [ego_subscriber]: Received from TM_9 | Latency: 0.59 ms
[INFO] [1790670246.696906090] [ego_subscriber]: Received from TM_9 | Latency: 0.40 ms
[INFO] [1790670246.703818048] [ego_subscriber]: Received from TM_7 | Latency: 0.77 ms
[INFO] [1790670246.706970638] [ego_subscriber]: Received from TM_3 | Latency: 0.57 ms
[INFO] [1790670246.710051626] [ego_subscriber]: Received from TM_4 | Latency: 0.75 ms
[INFO] [1790670246.711211138] [ego_subscriber]: Received from TM_5 | Latency: 0.36 ms
[INFO] [1790670246.726082172] [ego_subscriber]: Received from TM_8 | Latency: 0.90 ms
[INFO] [1790670246.746009706] [ego_subscriber]: Received from TM_5 | Latency: 0.62 ms
[INFO] [1790670246.746134650] [ego_subscriber]: Received from TM_3 | Latency: 0.48 ms
[INFO] [1790670246.748769777] [ego_subscriber]: Received from TM_8 | Latency: 0.48 ms
[INFO] [1790670246.749156807] [ego_subscriber]: Received from TM_6 | Latency: 0.65 ms
[INFO] [1790670246.750267010] [ego_subscriber]: Received from TM_2 | Latency: 0.58 ms
[INFO] [1790670246.751846311] [ego_subscriber]: Received from TM_1 | Latency: 0.29 ms
[INFO] [1790670246.755198990] [ego_subscriber]: Received from TM_7 | Latency: 0.35 ms
[INFO] [1790670246.763681877] [ego_subscriber]: Received from TM_6 | Latency: 0.47 ms
[INFO] [1790670246.766292120] [ego_subscriber]: Received from TM_9 | Latency: 0.45 ms
[INFO] [1790670246.770545932] [ego_subscriber]: Received from TM_2 | Latency: 0.75 ms
[INFO] [1790670246.771034532] [ego_subscriber]: Received from TM_5 | Latency: 0.47 ms
[INFO] [1790670246.779108317] [ego_subscriber]: Received from TM_4 | Latency: 0.72 ms
[INFO] [1790670246.779439151] [ego_subscriber]: Received from TM_8 | Latency: 0.53 ms
[INFO] [1790670246.779495825] [ego_subscriber]: Received from TM_7 | Latency: 0.52 ms
[INFO] [1790670246.781041305] [ego_subscriber]: Received from TM_6 | Latency: 0.28 ms
[INFO] [1790670246.785352062] [ego_subscriber]: Received from TM_4 | Latency: 0.61 ms
[INFO] [1790670246.785824806] [ego_subscriber]: Received from TM_1 | Latency: 0.49 ms
[INFO] [1790670246.788534902] [ego_subscriber]: Received from TM_3 | Latency: 0.73 ms
[INFO] [1790670246.790557548] [ego_subscriber]: Received from TM_1 | Latency: 0.43 ms
[INFO] [1790670246.791185189] [ego_subscriber]: Received from TM_2 | Latency: 0.51 ms
[INFO] [1790670246.794005853] [ego_subscriber]: Received from TM_9 | Latency: 0.58 ms
[INFO] [1790670246.797054254] [ego_subscriber]: Received from TM_9 | Latency: 0.55 ms
[INFO] [1790670246.803392766] [ego_subscriber]: Received from TM_7 | Latency: 0.34 ms
[INFO] [1790670246.806835988] [ego_subscriber]: Received from TM_3 | Latency: 0.46 ms
[INFO] [1790670246.809740736] [ego_subscriber]: Received from TM_4 | Latency: 0.46 ms
[INFO] [1790670246.811275281] [ego_subscriber]: Received from TM_5 | Latency: 0.41 ms
[INFO] [1790670246.825699657] [ego_subscriber]: Received from TM_8 | Latency: 0.51 ms
[INFO] [1790670246.846031084] [ego_subscriber]: Received from TM_5 | Latency: 0.66 ms
[INFO] [1790670246.846140918] [ego_subscriber]: Received from TM_3 | Latency: 0.49 ms
[INFO] [1790670246.848991714] [ego_subscriber]: Received from TM_8 | Latency: 0.70 ms
[INFO] [1790670246.849060985] [ego_subscriber]: Received from TM_6 | Latency: 0.57 ms
[INFO] [1790670246.850075685] [ego_subscriber]: Received from TM_2 | Latency: 0.40 ms
[INFO] [1790670246.851851184] [ego_subscriber]: Received from TM_1 | Latency: 0.27 ms
[INFO] [1790670246.855348389] [ego_subscriber]: Received from TM_7 | Latency: 0.44 ms
[INFO] [1790670246.863825671] [ego_subscriber]: Received from TM_6 | Latency: 0.64 ms
[INFO] [1790670246.866240273] [ego_subscriber]: Received from TM_9 | Latency: 0.39 ms
[INFO] [1790670246.870177739] [ego_subscriber]: Received from TM_2 | Latency: 0.48 ms
[INFO] [1790670246.870931019] [ego_subscriber]: Received from TM_5 | Latency: 0.36 ms
[INFO] [1790670246.879187826] [ego_subscriber]: Received from TM_4 | Latency: 0.79 ms
[INFO] [1790670246.879362361] [ego_subscriber]: Received from TM_8 | Latency: 0.48 ms
[INFO] [1790670246.879418948] [ego_subscriber]: Received from TM_7 | Latency: 0.40 ms
[INFO] [1790670246.881152408] [ego_subscriber]: Received from TM_6 | Latency: 0.35 ms
[INFO] [1790670246.885141407] [ego_subscriber]: Received from TM_4 | Latency: 0.41 ms
[INFO] [1790670246.885673056] [ego_subscriber]: Received from TM_1 | Latency: 0.31 ms
[INFO] [1790670246.888303956] [ego_subscriber]: Received from TM_3 | Latency: 0.53 ms
[INFO] [1790670246.890552198] [ego_subscriber]: Received from TM_1 | Latency: 0.43 ms
[INFO] [1790670246.891160460] [ego_subscriber]: Received from TM_2 | Latency: 0.37 ms
[INFO] [1790670246.893848644] [ego_subscriber]: Received from TM_9 | Latency: 0.42 ms
[INFO] [1790670246.896895988] [ego_subscriber]: Received from TM_9 | Latency: 0.39 ms
[INFO] [1790670246.903678721] [ego_subscriber]: Received from TM_7 | Latency: 0.54 ms
[INFO] [1790670246.906964755] [ego_subscriber]: Received from TM_3 | Latency: 0.56 ms
[INFO] [1790670246.909752308] [ego_subscriber]: Received from TM_4 | Latency: 0.47 ms
[INFO] [1790670246.911250384] [ego_subscriber]: Received from TM_5 | Latency: 0.41 ms
[INFO] [1790670246.925753007] [ego_subscriber]: Received from TM_8 | Latency: 0.55 ms
[INFO] [1790670246.946064077] [ego_subscriber]: Received from TM_5 | Latency: 0.69 ms
[INFO] [1790670246.946169598] [ego_subscriber]: Received from TM_3 | Latency: 0.50 ms
[INFO] [1790670246.948957448] [ego_subscriber]: Received from TM_8 | Latency: 0.64 ms
[INFO] [1790670246.949042718] [ego_subscriber]: Received from TM_6 | Latency: 0.55 ms
[INFO] [1790670246.950133721] [ego_subscriber]: Received from TM_2 | Latency: 0.43 ms
[INFO] [1790670246.952082222] [ego_subscriber]: Received from TM_1 | Latency: 0.50 ms
[INFO] [1790670246.955308908] [ego_subscriber]: Received from TM_7 | Latency: 0.40 ms
[INFO] [1790670246.963659776] [ego_subscriber]: Received from TM_6 | Latency: 0.43 ms
[INFO] [1790670246.966298043] [ego_subscriber]: Received from TM_9 | Latency: 0.43 ms
[INFO] [1790670246.970327811] [ego_subscriber]: Received from TM_2 | Latency: 0.65 ms
[INFO] [1790670246.970997115] [ego_subscriber]: Received from TM_5 | Latency: 0.39 ms
[INFO] [1790670246.978996259] [ego_subscriber]: Received from TM_4 | Latency: 0.56 ms
[INFO] [1790670246.979451050] [ego_subscriber]: Received from TM_8 | Latency: 0.50 ms
[INFO] [1790670246.979556822] [ego_subscriber]: Received from TM_7 | Latency: 0.49 ms
[INFO] [1790670246.981104531] [ego_subscriber]: Received from TM_6 | Latency: 0.32 ms
[INFO] [1790670246.985275730] [ego_subscriber]: Received from TM_4 | Latency: 0.51 ms
[INFO] [1790670246.985707859] [ego_subscriber]: Received from TM_1 | Latency: 0.36 ms
[INFO] [1790670246.988579499] [ego_subscriber]: Received from TM_3 | Latency: 0.74 ms
[INFO] [1790670246.990614893] [ego_subscriber]: Received from TM_1 | Latency: 0.45 ms
[INFO] [1790670246.991230088] [ego_subscriber]: Received from TM_2 | Latency: 0.43 ms
[INFO] [1790670246.994037910] [ego_subscriber]: Received from TM_9 | Latency: 0.62 ms
[INFO] [1790670246.997003632] [ego_subscriber]: Received from TM_9 | Latency: 0.48 ms
[INFO] [1790670247.003823304] [ego_subscriber]: Received from TM_7 | Latency: 0.70 ms
[INFO] [1790670247.007059692] [ego_subscriber]: Received from TM_3 | Latency: 0.61 ms
[INFO] [1790670247.009685022] [ego_subscriber]: Received from TM_4 | Latency: 0.42 ms
[INFO] [1790670247.011437710] [ego_subscriber]: Received from TM_5 | Latency: 0.57 ms
[INFO] [1790670247.025771863] [ego_subscriber]: Received from TM_8 | Latency: 0.57 ms
[INFO] [1790670247.046249404] [ego_subscriber]: Received from TM_5 | Latency: 0.86 ms
[INFO] [1790670247.046351731] [ego_subscriber]: Received from TM_3 | Latency: 0.71 ms
[INFO] [1790670247.048786509] [ego_subscriber]: Received from TM_8 | Latency: 0.48 ms
[INFO] [1790670247.048879537] [ego_subscriber]: Received from TM_6 | Latency: 0.39 ms
[INFO] [1790670247.050242387] [ego_subscriber]: Received from TM_2 | Latency: 0.42 ms
[INFO] [1790670247.051991684] [ego_subscriber]: Received from TM_1 | Latency: 0.38 ms
[INFO] [1790670247.055349421] [ego_subscriber]: Received from TM_7 | Latency: 0.44 ms
[INFO] [1790670247.063681031] [ego_subscriber]: Received from TM_6 | Latency: 0.46 ms
[INFO] [1790670247.066329440] [ego_subscriber]: Received from TM_9 | Latency: 0.46 ms
[INFO] [1790670247.070316567] [ego_subscriber]: Received from TM_2 | Latency: 0.53 ms
[INFO] [1790670247.071088101] [ego_subscriber]: Received from TM_5 | Latency: 0.49 ms
[INFO] [1790670247.078952441] [ego_subscriber]: Received from TM_4 | Latency: 0.53 ms
[INFO] [1790670247.079367942] [ego_subscriber]: Received from TM_8 | Latency: 0.43 ms
[INFO] [1790670247.079477615] [ego_subscriber]: Received from TM_7 | Latency: 0.43 ms
[INFO] [1790670247.081043761] [ego_subscriber]: Received from TM_6 | Latency: 0.28 ms
[INFO] [1790670247.085213509] [ego_subscriber]: Received from TM_4 | Latency: 0.46 ms
[INFO] [1790670247.085641702] [ego_subscriber]: Received from TM_1 | Latency: 0.29 ms
[INFO] [1790670247.088357640] [ego_subscriber]: Received from TM_3 | Latency: 0.50 ms
[INFO] [1790670247.090490995] [ego_subscriber]: Received from TM_1 | Latency: 0.30 ms
[INFO] [1790670247.091167196] [ego_subscriber]: Received from TM_2 | Latency: 0.34 ms
[INFO] [1790670247.093831654] [ego_subscriber]: Received from TM_9 | Latency: 0.37 ms
[INFO] [1790670247.096847181] [ego_subscriber]: Received from TM_9 | Latency: 0.34 ms
[INFO] [1790670247.103755815] [ego_subscriber]: Received from TM_7 | Latency: 0.59 ms
[INFO] [1790670247.106879048] [ego_subscriber]: Received from TM_3 | Latency: 0.46 ms
[INFO] [1790670247.109742252] [ego_subscriber]: Received from TM_4 | Latency: 0.44 ms
[INFO] [1790670247.111295560] [ego_subscriber]: Received from TM_5 | Latency: 0.41 ms
[INFO] [1790670247.125801280] [ego_subscriber]: Received from TM_8 | Latency: 0.55 ms
[INFO] [1790670247.146038167] [ego_subscriber]: Received from TM_5 | Latency: 0.65 ms
[INFO] [1790670247.146246221] [ego_subscriber]: Received from TM_3 | Latency: 0.55 ms
[INFO] [1790670247.148834270] [ego_subscriber]: Received from TM_8 | Latency: 0.51 ms
[INFO] [1790670247.149014751] [ego_subscriber]: Received from TM_6 | Latency: 0.48 ms
[INFO] [1790670247.150152905] [ego_subscriber]: Received from TM_2 | Latency: 0.33 ms
[INFO] [1790670247.151960039] [ego_subscriber]: Received from TM_1 | Latency: 0.36 ms
[INFO] [1790670247.155476570] [ego_subscriber]: Received from TM_7 | Latency: 0.55 ms
[INFO] [1790670247.163718713] [ego_subscriber]: Received from TM_6 | Latency: 0.48 ms
[INFO] [1790670247.166292454] [ego_subscriber]: Received from TM_9 | Latency: 0.45 ms
[INFO] [1790670247.170206223] [ego_subscriber]: Received from TM_2 | Latency: 0.51 ms
[INFO] [1790670247.170973870] [ego_subscriber]: Received from TM_5 | Latency: 0.41 ms
[INFO] [1790670247.178887947] [ego_subscriber]: Received from TM_4 | Latency: 0.48 ms
[INFO] [1790670247.179393084] [ego_subscriber]: Received from TM_8 | Latency: 0.44 ms
[INFO] [1790670247.179452187] [ego_subscriber]: Received from TM_7 | Latency: 0.40 ms
[INFO] [1790670247.181082173] [ego_subscriber]: Received from TM_6 | Latency: 0.33 ms
[INFO] [1790670247.185168755] [ego_subscriber]: Received from TM_4 | Latency: 0.41 ms
[INFO] [1790670247.185683018] [ego_subscriber]: Received from TM_1 | Latency: 0.30 ms
[INFO] [1790670247.188465495] [ego_subscriber]: Received from TM_3 | Latency: 0.60 ms
[INFO] [1790670247.190735681] [ego_subscriber]: Received from TM_1 | Latency: 0.55 ms
[INFO] [1790670247.191315464] [ego_subscriber]: Received from TM_2 | Latency: 0.62 ms
[INFO] [1790670247.193891126] [ego_subscriber]: Received from TM_9 | Latency: 0.40 ms
[INFO] [1790670247.196969786] [ego_subscriber]: Received from TM_9 | Latency: 0.45 ms
[INFO] [1790670247.203607591] [ego_subscriber]: Received from TM_7 | Latency: 0.48 ms
[INFO] [1790670247.206892673] [ego_subscriber]: Received from TM_3 | Latency: 0.46 ms
[INFO] [1790670247.209657500] [ego_subscriber]: Received from TM_4 | Latency: 0.36 ms
[INFO] [1790670247.211299495] [ego_subscriber]: Received from TM_5 | Latency: 0.41 ms
[INFO] [1790670247.225812632] [ego_subscriber]: Received from TM_8 | Latency: 0.59 ms
[INFO] [1790670247.246177069] [ego_subscriber]: Received from TM_5 | Latency: 0.79 ms
[INFO] [1790670247.246255155] [ego_subscriber]: Received from TM_3 | Latency: 0.59 ms
[INFO] [1790670247.248813055] [ego_subscriber]: Received from TM_8 | Latency: 0.48 ms
[INFO] [1790670247.248989367] [ego_subscriber]: Received from TM_6 | Latency: 0.47 ms
[INFO] [1790670247.250533831] [ego_subscriber]: Received from TM_2 | Latency: 0.70 ms
[INFO] [1790670247.252043136] [ego_subscriber]: Received from TM_1 | Latency: 0.41 ms
[INFO] [1790670247.255381691] [ego_subscriber]: Received from TM_7 | Latency: 0.39 ms
[INFO] [1790670247.263692046] [ego_subscriber]: Received from TM_6 | Latency: 0.43 ms
[INFO] [1790670247.266572121] [ego_subscriber]: Received from TM_9 | Latency: 0.72 ms
[INFO] [1790670247.270394354] [ego_subscriber]: Received from TM_2 | Latency: 0.61 ms
[INFO] [1790670247.270952978] [ego_subscriber]: Received from TM_5 | Latency: 0.39 ms
[INFO] [1790670247.278900846] [ego_subscriber]: Received from TM_4 | Latency: 0.47 ms
[INFO] [1790670247.279687516] [ego_subscriber]: Received from TM_8 | Latency: 0.73 ms
[INFO] [1790670247.279734823] [ego_subscriber]: Received from TM_7 | Latency: 0.64 ms
[INFO] [1790670247.281106220] [ego_subscriber]: Received from TM_6 | Latency: 0.30 ms
[INFO] [1790670247.285116476] [ego_subscriber]: Received from TM_4 | Latency: 0.34 ms
[INFO] [1790670247.285839828] [ego_subscriber]: Received from TM_1 | Latency: 0.44 ms
[INFO] [1790670247.288564540] [ego_subscriber]: Received from TM_3 | Latency: 0.68 ms
[INFO] [1790670247.290513451] [ego_subscriber]: Received from TM_1 | Latency: 0.33 ms
[INFO] [1790670247.291097362] [ego_subscriber]: Received from TM_2 | Latency: 0.28 ms
[INFO] [1790670247.293811025] [ego_subscriber]: Received from TM_9 | Latency: 0.37 ms
[INFO] [1790670247.296983208] [ego_subscriber]: Received from TM_9 | Latency: 0.47 ms
[INFO] [1790670247.303620967] [ego_subscriber]: Received from TM_7 | Latency: 0.47 ms
[INFO] [1790670247.306825488] [ego_subscriber]: Received from TM_3 | Latency: 0.39 ms
[INFO] [1790670247.309790902] [ego_subscriber]: Received from TM_4 | Latency: 0.50 ms
[INFO] [1790670247.311314017] [ego_subscriber]: Received from TM_5 | Latency: 0.45 ms
[INFO] [1790670247.325800870] [ego_subscriber]: Received from TM_8 | Latency: 0.59 ms
[INFO] [1790670247.346036600] [ego_subscriber]: Received from TM_5 | Latency: 0.63 ms
[INFO] [1790670247.346262573] [ego_subscriber]: Received from TM_3 | Latency: 0.59 ms
[INFO] [1790670247.348793158] [ego_subscriber]: Received from TM_8 | Latency: 0.45 ms
[INFO] [1790670247.348895565] [ego_subscriber]: Received from TM_6 | Latency: 0.37 ms
[INFO] [1790670247.350237819] [ego_subscriber]: Received from TM_2 | Latency: 0.44 ms
[INFO] [1790670247.351993991] [ego_subscriber]: Received from TM_1 | Latency: 0.38 ms
[INFO] [1790670247.355479431] [ego_subscriber]: Received from TM_7 | Latency: 0.52 ms
[INFO] [1790670247.363747249] [ego_subscriber]: Received from TM_6 | Latency: 0.47 ms
[INFO] [1790670247.366404533] [ego_subscriber]: Received from TM_9 | Latency: 0.56 ms
[INFO] [1790670247.370164182] [ego_subscriber]: Received from TM_2 | Latency: 0.46 ms
[INFO] [1790670247.371132126] [ego_subscriber]: Received from TM_5 | Latency: 0.52 ms
[INFO] [1790670247.378729108] [ego_subscriber]: Received from TM_4 | Latency: 0.34 ms
[INFO] [1790670247.379545572] [ego_subscriber]: Received from TM_8 | Latency: 0.62 ms
[INFO] [1790670247.379642096] [ego_subscriber]: Received from TM_7 | Latency: 0.54 ms
[INFO] [1790670247.381419395] [ego_subscriber]: Received from TM_6 | Latency: 0.58 ms
[INFO] [1790670247.385200730] [ego_subscriber]: Received from TM_4 | Latency: 0.44 ms
[INFO] [1790670247.385773317] [ego_subscriber]: Received from TM_1 | Latency: 0.40 ms
[INFO] [1790670247.388481457] [ego_subscriber]: Received from TM_3 | Latency: 0.63 ms
[INFO] [1790670247.390795288] [ego_subscriber]: Received from TM_1 | Latency: 0.58 ms
[INFO] [1790670247.391252585] [ego_subscriber]: Received from TM_2 | Latency: 0.43 ms
[INFO] [1790670247.393849276] [ego_subscriber]: Received from TM_9 | Latency: 0.43 ms
[INFO] [1790670247.396991124] [ego_subscriber]: Received from TM_9 | Latency: 0.47 ms
[INFO] [1790670247.404005446] [ego_subscriber]: Received from TM_7 | Latency: 0.84 ms
[INFO] [1790670247.407087643] [ego_subscriber]: Received from TM_3 | Latency: 0.64 ms
[INFO] [1790670247.410042922] [ego_subscriber]: Received from TM_4 | Latency: 0.71 ms
[INFO] [1790670247.411430519] [ego_subscriber]: Received from TM_5 | Latency: 0.58 ms
[INFO] [1790670247.426014341] [ego_subscriber]: Received from TM_8 | Latency: 0.77 ms
[INFO] [1790670247.445981509] [ego_subscriber]: Received from TM_5 | Latency: 0.60 ms
[INFO] [1790670247.446403144] [ego_subscriber]: Received from TM_3 | Latency: 0.72 ms
[INFO] [1790670247.448826859] [ego_subscriber]: Received from TM_8 | Latency: 0.47 ms
[INFO] [1790670247.448907197] [ego_subscriber]: Received from TM_6 | Latency: 0.33 ms
[INFO] [1790670247.450260114] [ego_subscriber]: Received from TM_2 | Latency: 0.57 ms
[INFO] [1790670247.452089896] [ego_subscriber]: Received from TM_1 | Latency: 0.45 ms
[INFO] [1790670247.455373559] [ego_subscriber]: Received from TM_7 | Latency: 0.42 ms
[INFO] [1790670247.463739443] [ego_subscriber]: Received from TM_6 | Latency: 0.48 ms
[INFO] [1790670247.466506455] [ego_subscriber]: Received from TM_9 | Latency: 0.62 ms
[INFO] [1790670247.470195979] [ego_subscriber]: Received from TM_2 | Latency: 0.41 ms
[INFO] [1790670247.471153391] [ego_subscriber]: Received from TM_5 | Latency: 0.57 ms
[INFO] [1790670247.478852016] [ego_subscriber]: Received from TM_4 | Latency: 0.45 ms
[INFO] [1790670247.479490006] [ego_subscriber]: Received from TM_7 | Latency: 0.45 ms
[INFO] [1790670247.479552128] [ego_subscriber]: Received from TM_8 | Latency: 0.49 ms
[INFO] [1790670247.481188142] [ego_subscriber]: Received from TM_6 | Latency: 0.32 ms
[INFO] [1790670247.485203118] [ego_subscriber]: Received from TM_4 | Latency: 0.43 ms
[INFO] [1790670247.485734531] [ego_subscriber]: Received from TM_1 | Latency: 0.31 ms
[INFO] [1790670247.488526727] [ego_subscriber]: Received from TM_3 | Latency: 0.64 ms
[INFO] [1790670247.490410879] [ego_subscriber]: Received from TM_1 | Latency: 0.31 ms
[INFO] [1790670247.491103707] [ego_subscriber]: Received from TM_2 | Latency: 0.29 ms
[INFO] [1790670247.493875776] [ego_subscriber]: Received from TM_9 | Latency: 0.44 ms
[INFO] [1790670247.496945466] [ego_subscriber]: Received from TM_9 | Latency: 0.41 ms
[INFO] [1790670247.503763715] [ego_subscriber]: Received from TM_7 | Latency: 0.54 ms
[INFO] [1790670247.506957499] [ego_subscriber]: Received from TM_3 | Latency: 0.50 ms
[INFO] [1790670247.509740921] [ego_subscriber]: Received from TM_4 | Latency: 0.45 ms
[INFO] [1790670247.511280716] [ego_subscriber]: Received from TM_5 | Latency: 0.41 ms
[INFO] [1790670247.525795652] [ego_subscriber]: Received from TM_8 | Latency: 0.54 ms
[INFO] [1790670247.545901442] [ego_subscriber]: Received from TM_5 | Latency: 0.52 ms
[INFO] [1790670247.546231965] [ego_subscriber]: Received from TM_3 | Latency: 0.49 ms
[INFO] [1790670247.548812296] [ego_subscriber]: Received from TM_8 | Latency: 0.43 ms
[INFO] [1790670247.548896933] [ego_subscriber]: Received from TM_6 | Latency: 0.35 ms
[INFO] [1790670247.550129278] [ego_subscriber]: Received from TM_2 | Latency: 0.36 ms
[INFO] [1790670247.551902108] [ego_subscriber]: Received from TM_1 | Latency: 0.32 ms
[INFO] [1790670247.555420197] [ego_subscriber]: Received from TM_7 | Latency: 0.45 ms
[INFO] [1790670247.563700009] [ego_subscriber]: Received from TM_6 | Latency: 0.40 ms
[INFO] [1790670247.566354329] [ego_subscriber]: Received from TM_9 | Latency: 0.43 ms
[INFO] [1790670247.570107741] [ego_subscriber]: Received from TM_2 | Latency: 0.44 ms
[INFO] [1790670247.571137347] [ego_subscriber]: Received from TM_5 | Latency: 0.56 ms
[INFO] [1790670247.578846994] [ego_subscriber]: Received from TM_4 | Latency: 0.43 ms
[INFO] [1790670247.579374222] [ego_subscriber]: Received from TM_8 | Latency: 0.36 ms
[INFO] [1790670247.579442191] [ego_subscriber]: Received from TM_7 | Latency: 0.37 ms
[INFO] [1790670247.581103492] [ego_subscriber]: Received from TM_6 | Latency: 0.27 ms
[INFO] [1790670247.585098167] [ego_subscriber]: Received from TM_4 | Latency: 0.33 ms
[INFO] [1790670247.585644879] [ego_subscriber]: Received from TM_1 | Latency: 0.27 ms
[INFO] [1790670247.588556122] [ego_subscriber]: Received from TM_3 | Latency: 0.70 ms
[INFO] [1790670247.590430862] [ego_subscriber]: Received from TM_1 | Latency: 0.29 ms
[INFO] [1790670247.591291843] [ego_subscriber]: Received from TM_2 | Latency: 0.40 ms
[INFO] [1790670247.593753912] [ego_subscriber]: Received from TM_9 | Latency: 0.31 ms
[INFO] [1790670247.597023997] [ego_subscriber]: Received from TM_9 | Latency: 0.48 ms
[INFO] [1790670247.603782385] [ego_subscriber]: Received from TM_7 | Latency: 0.59 ms
[INFO] [1790670247.607043560] [ego_subscriber]: Received from TM_3 | Latency: 0.58 ms
[INFO] [1790670247.609822433] [ego_subscriber]: Received from TM_4 | Latency: 0.55 ms
[INFO] [1790670247.611439570] [ego_subscriber]: Received from TM_5 | Latency: 0.57 ms
[INFO] [1790670247.626037459] [ego_subscriber]: Received from TM_8 | Latency: 0.78 ms
[INFO] [1790670247.646198960] [ego_subscriber]: Received from TM_5 | Latency: 0.82 ms
[INFO] [1790670247.646377587] [ego_subscriber]: Received from TM_3 | Latency: 0.67 ms
[INFO] [1790670247.648862867] [ego_subscriber]: Received from TM_8 | Latency: 0.50 ms
[INFO] [1790670247.649002875] [ego_subscriber]: Received from TM_6 | Latency: 0.44 ms
[INFO] [1790670247.650401801] [ego_subscriber]: Received from TM_2 | Latency: 0.48 ms
[INFO] [1790670247.652173971] [ego_subscriber]: Received from TM_1 | Latency: 0.53 ms
[INFO] [1790670247.655656470] [ego_subscriber]: Received from TM_7 | Latency: 0.68 ms
[INFO] [1790670247.663671759] [ego_subscriber]: Received from TM_6 | Latency: 0.40 ms
[INFO] [1790670247.666420110] [ego_subscriber]: Received from TM_9 | Latency: 0.57 ms
[INFO] [1790670247.670391745] [ego_subscriber]: Received from TM_2 | Latency: 0.50 ms
[INFO] [1790670247.670958604] [ego_subscriber]: Received from TM_5 | Latency: 0.38 ms
[INFO] [1790670247.678972455] [ego_subscriber]: Received from TM_4 | Latency: 0.54 ms
[INFO] [1790670247.679411732] [ego_subscriber]: Received from TM_8 | Latency: 0.39 ms
[INFO] [1790670247.679479711] [ego_subscriber]: Received from TM_7 | Latency: 0.39 ms
[INFO] [1790670247.681107737] [ego_subscriber]: Received from TM_6 | Latency: 0.27 ms
[INFO] [1790670247.685224071] [ego_subscriber]: Received from TM_4 | Latency: 0.44 ms
[INFO] [1790670247.685656335] [ego_subscriber]: Received from TM_1 | Latency: 0.30 ms
[INFO] [1790670247.688708041] [ego_subscriber]: Received from TM_3 | Latency: 0.83 ms
[INFO] [1790670247.690688435] [ego_subscriber]: Received from TM_1 | Latency: 0.50 ms
[INFO] [1790670247.691238020] [ego_subscriber]: Received from TM_2 | Latency: 0.41 ms
[INFO] [1790670247.694031585] [ego_subscriber]: Received from TM_9 | Latency: 0.59 ms
[INFO] [1790670247.697063587] [ego_subscriber]: Received from TM_9 | Latency: 0.54 ms
[INFO] [1790670247.703944168] [ego_subscriber]: Received from TM_7 | Latency: 0.71 ms
[INFO] [1790670247.707062015] [ego_subscriber]: Received from TM_3 | Latency: 0.59 ms
[INFO] [1790670247.709710968] [ego_subscriber]: Received from TM_4 | Latency: 0.41 ms
[INFO] [1790670247.711572721] [ego_subscriber]: Received from TM_5 | Latency: 0.61 ms
[INFO] [1790670247.726098224] [ego_subscriber]: Received from TM_8 | Latency: 0.83 ms
[INFO] [1790670247.746089913] [ego_subscriber]: Received from TM_5 | Latency: 0.70 ms
[INFO] [1790670247.746449507] [ego_subscriber]: Received from TM_3 | Latency: 0.74 ms
[INFO] [1790670247.749167338] [ego_subscriber]: Received from TM_8 | Latency: 0.79 ms
[INFO] [1790670247.749227939] [ego_subscriber]: Received from TM_6 | Latency: 0.66 ms
[INFO] [1790670247.750159765] [ego_subscriber]: Received from TM_2 | Latency: 0.33 ms
[INFO] [1790670247.752095870] [ego_subscriber]: Received from TM_1 | Latency: 0.48 ms
[INFO] [1790670247.755496701] [ego_subscriber]: Received from TM_7 | Latency: 0.50 ms
[INFO] [1790670247.763800584] [ego_subscriber]: Received from TM_6 | Latency: 0.50 ms
[INFO] [1790670247.766231785] [ego_subscriber]: Received from TM_9 | Latency: 0.38 ms
[INFO] [1790670247.770345786] [ego_subscriber]: Received from TM_2 | Latency: 0.52 ms
[INFO] [1790670247.770902785] [ego_subscriber]: Received from TM_5 | Latency: 0.34 ms
[INFO] [1790670247.779335873] [ego_subscriber]: Received from TM_4 | Latency: 0.81 ms
[INFO] [1790670247.779646122] [ego_subscriber]: Received from TM_8 | Latency: 0.61 ms
[INFO] [1790670247.779687435] [ego_subscriber]: Received from TM_7 | Latency: 0.59 ms
[INFO] [1790670247.781106321] [ego_subscriber]: Received from TM_6 | Latency: 0.28 ms
[INFO] [1790670247.785470077] [ego_subscriber]: Received from TM_4 | Latency: 0.72 ms
[INFO] [1790670247.785690321] [ego_subscriber]: Received from TM_1 | Latency: 0.32 ms
[INFO] [1790670247.788333538] [ego_subscriber]: Received from TM_3 | Latency: 0.46 ms
[INFO] [1790670247.790703346] [ego_subscriber]: Received from TM_1 | Latency: 0.53 ms
[INFO] [1790670247.791138822] [ego_subscriber]: Received from TM_2 | Latency: 0.29 ms
[INFO] [1790670247.794030348] [ego_subscriber]: Received from TM_9 | Latency: 0.60 ms
[INFO] [1790670247.796886909] [ego_subscriber]: Received from TM_9 | Latency: 0.36 ms
[INFO] [1790670247.803701571] [ego_subscriber]: Received from TM_7 | Latency: 0.50 ms
[INFO] [1790670247.806965034] [ego_subscriber]: Received from TM_3 | Latency: 0.46 ms
[INFO] [1790670247.809692751] [ego_subscriber]: Received from TM_4 | Latency: 0.42 ms
[INFO] [1790670247.811256462] [ego_subscriber]: Received from TM_5 | Latency: 0.37 ms
[INFO] [1790670247.826030907] [ego_subscriber]: Received from TM_8 | Latency: 0.77 ms
[INFO] [1790670247.846109145] [ego_subscriber]: Received from TM_5 | Latency: 0.73 ms
[INFO] [1790670247.846189199] [ego_subscriber]: Received from TM_3 | Latency: 0.48 ms
[INFO] [1790670247.848870380] [ego_subscriber]: Received from TM_8 | Latency: 0.50 ms
[INFO] [1790670247.848969816] [ego_subscriber]: Received from TM_6 | Latency: 0.39 ms
[INFO] [1790670247.850283993] [ego_subscriber]: Received from TM_2 | Latency: 0.44 ms
[INFO] [1790670247.852031263] [ego_subscriber]: Received from TM_1 | Latency: 0.46 ms
[INFO] [1790670247.855578167] [ego_subscriber]: Received from TM_7 | Latency: 0.58 ms
[INFO] [1790670247.864077761] [ego_subscriber]: Received from TM_6 | Latency: 0.76 ms
[INFO] [1790670247.866476585] [ego_subscriber]: Received from TM_9 | Latency: 0.62 ms
[INFO] [1790670247.870425328] [ego_subscriber]: Received from TM_2 | Latency: 0.61 ms
[INFO] [1790670247.871013425] [ego_subscriber]: Received from TM_5 | Latency: 0.43 ms
[INFO] [1790670247.879191905] [ego_subscriber]: Received from TM_4 | Latency: 0.78 ms
[INFO] [1790670247.879465168] [ego_subscriber]: Received from TM_8 | Latency: 0.39 ms
[INFO] [1790670247.879533217] [ego_subscriber]: Received from TM_7 | Latency: 0.39 ms
[INFO] [1790670247.881160551] [ego_subscriber]: Received from TM_6 | Latency: 0.30 ms
[INFO] [1790670247.885330575] [ego_subscriber]: Received from TM_4 | Latency: 0.59 ms
[INFO] [1790670247.885874040] [ego_subscriber]: Received from TM_1 | Latency: 0.51 ms
[INFO] [1790670247.888402658] [ego_subscriber]: Received from TM_3 | Latency: 0.56 ms
[INFO] [1790670247.890803001] [ego_subscriber]: Received from TM_1 | Latency: 0.58 ms
[INFO] [1790670247.891270318] [ego_subscriber]: Received from TM_2 | Latency: 0.43 ms
[INFO] [1790670247.893880434] [ego_subscriber]: Received from TM_9 | Latency: 0.43 ms
[INFO] [1790670247.897146140] [ego_subscriber]: Received from TM_9 | Latency: 0.63 ms
[INFO] [1790670247.904103955] [ego_subscriber]: Received from TM_7 | Latency: 0.84 ms
[INFO] [1790670247.907047314] [ego_subscriber]: Received from TM_3 | Latency: 0.54 ms
[INFO] [1790670247.909873770] [ego_subscriber]: Received from TM_4 | Latency: 0.58 ms
[INFO] [1790670247.911349286] [ego_subscriber]: Received from TM_5 | Latency: 0.49 ms
[INFO] [1790670247.925953057] [ego_subscriber]: Received from TM_8 | Latency: 0.71 ms
[INFO] [1790670247.946119696] [ego_subscriber]: Received from TM_5 | Latency: 0.72 ms
[INFO] [1790670247.946208645] [ego_subscriber]: Received from TM_3 | Latency: 0.44 ms
[INFO] [1790670247.949065170] [ego_subscriber]: Received from TM_8 | Latency: 0.70 ms
[INFO] [1790670247.949150169] [ego_subscriber]: Received from TM_6 | Latency: 0.56 ms
[INFO] [1790670247.950302299] [ego_subscriber]: Received from TM_2 | Latency: 0.42 ms
[INFO] [1790670247.952191635] [ego_subscriber]: Received from TM_1 | Latency: 0.59 ms
[INFO] [1790670247.955635951] [ego_subscriber]: Received from TM_7 | Latency: 0.63 ms
[INFO] [1790670247.963828071] [ego_subscriber]: Received from TM_6 | Latency: 0.45 ms
[INFO] [1790670247.966447191] [ego_subscriber]: Received from TM_9 | Latency: 0.60 ms
[INFO] [1790670247.970425297] [ego_subscriber]: Received from TM_2 | Latency: 0.62 ms
[INFO] [1790670247.970937785] [ego_subscriber]: Received from TM_5 | Latency: 0.35 ms
[INFO] [1790670247.978990234] [ego_subscriber]: Received from TM_4 | Latency: 0.55 ms
[INFO] [1790670247.979561491] [ego_subscriber]: Received from TM_8 | Latency: 0.52 ms
[INFO] [1790670247.979616262] [ego_subscriber]: Received from TM_7 | Latency: 0.49 ms
[INFO] [1790670247.981312761] [ego_subscriber]: Received from TM_6 | Latency: 0.44 ms
[INFO] [1790670247.985453140] [ego_subscriber]: Received from TM_4 | Latency: 0.68 ms
[INFO] [1790670247.985673834] [ego_subscriber]: Received from TM_1 | Latency: 0.29 ms
[INFO] [1790670247.988652228] [ego_subscriber]: Received from TM_3 | Latency: 0.80 ms
[INFO] [1790670247.990580687] [ego_subscriber]: Received from TM_1 | Latency: 0.47 ms
[INFO] [1790670247.991335618] [ego_subscriber]: Received from TM_2 | Latency: 0.50 ms
[INFO] [1790670247.993872460] [ego_subscriber]: Received from TM_9 | Latency: 0.44 ms
[INFO] [1790670247.997156791] [ego_subscriber]: Received from TM_9 | Latency: 0.55 ms
[INFO] [1790670248.003900088] [ego_subscriber]: Received from TM_7 | Latency: 0.71 ms
[INFO] [1790670248.007306288] [ego_subscriber]: Received from TM_3 | Latency: 0.80 ms
[INFO] [1790670248.010051200] [ego_subscriber]: Received from TM_4 | Latency: 0.74 ms
[INFO] [1790670248.011424971] [ego_subscriber]: Received from TM_5 | Latency: 0.52 ms
[INFO] [1790670248.026021856] [ego_subscriber]: Received from TM_8 | Latency: 0.75 ms
[INFO] [1790670248.046156258] [ego_subscriber]: Received from TM_5 | Latency: 0.74 ms
[INFO] [1790670248.046276335] [ego_subscriber]: Received from TM_3 | Latency: 0.47 ms
[INFO] [1790670248.048777306] [ego_subscriber]: Received from TM_8 | Latency: 0.41 ms
[INFO] [1790670248.049013300] [ego_subscriber]: Received from TM_6 | Latency: 0.39 ms
[INFO] [1790670248.050375348] [ego_subscriber]: Received from TM_2 | Latency: 0.59 ms
[INFO] [1790670248.052071081] [ego_subscriber]: Received from TM_1 | Latency: 0.44 ms
[INFO] [1790670248.055379486] [ego_subscriber]: Received from TM_7 | Latency: 0.39 ms
[INFO] [1790670248.063834780] [ego_subscriber]: Received from TM_6 | Latency: 0.48 ms
[INFO] [1790670248.066284041] [ego_subscriber]: Received from TM_9 | Latency: 0.42 ms
[INFO] [1790670248.070307785] [ego_subscriber]: Received from TM_2 | Latency: 0.47 ms
[INFO] [1790670248.071049603] [ego_subscriber]: Received from TM_5 | Latency: 0.47 ms
[INFO] [1790670248.079076005] [ego_subscriber]: Received from TM_4 | Latency: 0.66 ms
[INFO] [1790670248.079344531] [ego_subscriber]: Received from TM_8 | Latency: 0.34 ms
[INFO] [1790670248.079518556] [ego_subscriber]: Received from TM_7 | Latency: 0.38 ms
[INFO] [1790670248.081159708] [ego_subscriber]: Received from TM_6 | Latency: 0.28 ms
[INFO] [1790670248.085228390] [ego_subscriber]: Received from TM_4 | Latency: 0.45 ms
[INFO] [1790670248.085717248] [ego_subscriber]: Received from TM_1 | Latency: 0.35 ms
[INFO] [1790670248.088380335] [ego_subscriber]: Received from TM_3 | Latency: 0.52 ms
[INFO] [1790670248.090514864] [ego_subscriber]: Received from TM_1 | Latency: 0.33 ms
[INFO] [1790670248.091158864] [ego_subscriber]: Received from TM_2 | Latency: 0.34 ms
[INFO] [1790670248.093827336] [ego_subscriber]: Received from TM_9 | Latency: 0.36 ms
[INFO] [1790670248.096975183] [ego_subscriber]: Received from TM_9 | Latency: 0.44 ms
[INFO] [1790670248.103830646] [ego_subscriber]: Received from TM_7 | Latency: 0.53 ms
[INFO] [1790670248.106999596] [ego_subscriber]: Received from TM_3 | Latency: 0.45 ms
[INFO] [1790670248.109670195] [ego_subscriber]: Received from TM_4 | Latency: 0.36 ms
[INFO] [1790670248.111257515] [ego_subscriber]: Received from TM_5 | Latency: 0.38 ms
[INFO] [1790670248.125868720] [ego_subscriber]: Received from TM_8 | Latency: 0.58 ms
[INFO] [1790670248.145938237] [ego_subscriber]: Received from TM_5 | Latency: 0.50 ms
[INFO] [1790670248.146171490] [ego_subscriber]: Received from TM_3 | Latency: 0.38 ms
[INFO] [1790670248.148874405] [ego_subscriber]: Received from TM_8 | Latency: 0.51 ms
[INFO] [1790670248.148987013] [ego_subscriber]: Received from TM_6 | Latency: 0.37 ms
[INFO] [1790670248.150266184] [ego_subscriber]: Received from TM_2 | Latency: 0.46 ms
[INFO] [1790670248.152226865] [ego_subscriber]: Received from TM_1 | Latency: 0.64 ms
[INFO] [1790670248.155728908] [ego_subscriber]: Received from TM_7 | Latency: 0.67 ms
[INFO] [1790670248.164047456] [ego_subscriber]: Received from TM_6 | Latency: 0.71 ms
[INFO] [1790670248.166415496] [ego_subscriber]: Received from TM_9 | Latency: 0.55 ms
[INFO] [1790670248.170436473] [ego_subscriber]: Received from TM_2 | Latency: 0.64 ms
[INFO] [1790670248.171043389] [ego_subscriber]: Received from TM_5 | Latency: 0.46 ms
[INFO] [1790670248.178944588] [ego_subscriber]: Received from TM_4 | Latency: 0.48 ms
[INFO] [1790670248.179755002] [ego_subscriber]: Received from TM_8 | Latency: 0.69 ms
[INFO] [1790670248.179807589] [ego_subscriber]: Received from TM_7 | Latency: 0.68 ms
[INFO] [1790670248.181315635] [ego_subscriber]: Received from TM_6 | Latency: 0.41 ms
[INFO] [1790670248.185253303] [ego_subscriber]: Received from TM_4 | Latency: 0.44 ms
[INFO] [1790670248.185745511] [ego_subscriber]: Received from TM_1 | Latency: 0.36 ms
[INFO] [1790670248.188706537] [ego_subscriber]: Received from TM_3 | Latency: 0.79 ms
[INFO] [1790670248.190550446] [ego_subscriber]: Received from TM_1 | Latency: 0.40 ms
[INFO] [1790670248.191168646] [ego_subscriber]: Received from TM_2 | Latency: 0.34 ms
[INFO] [1790670248.193795849] [ego_subscriber]: Received from TM_9 | Latency: 0.36 ms
[INFO] [1790670248.196903836] [ego_subscriber]: Received from TM_9 | Latency: 0.38 ms
[INFO] [1790670248.204071551] [ego_subscriber]: Received from TM_7 | Latency: 0.87 ms
[INFO] [1790670248.207156254] [ego_subscriber]: Received from TM_3 | Latency: 0.64 ms
[INFO] [1790670248.209986697] [ego_subscriber]: Received from TM_4 | Latency: 0.68 ms
[INFO] [1790670248.211432011] [ego_subscriber]: Received from TM_5 | Latency: 0.56 ms
[INFO] [1790670248.226097755] [ego_subscriber]: Received from TM_8 | Latency: 0.78 ms
[INFO] [1790670248.246147920] [ego_subscriber]: Received from TM_5 | Latency: 0.75 ms
[INFO] [1790670248.246455070] [ego_subscriber]: Received from TM_3 | Latency: 0.73 ms
[INFO] [1790670248.248841522] [ego_subscriber]: Received from TM_8 | Latency: 0.44 ms
[INFO] [1790670248.248997289] [ego_subscriber]: Received from TM_6 | Latency: 0.36 ms
[INFO] [1790670248.250289476] [ego_subscriber]: Received from TM_2 | Latency: 0.47 ms
[INFO] [1790670248.252065456] [ego_subscriber]: Received from TM_1 | Latency: 0.47 ms
[INFO] [1790670248.255629450] [ego_subscriber]: Received from TM_7 | Latency: 0.59 ms
[INFO] [1790670248.263978178] [ego_subscriber]: Received from TM_6 | Latency: 0.64 ms
[INFO] [1790670248.266362582] [ego_subscriber]: Received from TM_9 | Latency: 0.54 ms
[INFO] [1790670248.270380314] [ego_subscriber]: Received from TM_2 | Latency: 0.60 ms
[INFO] [1790670248.271043127] [ego_subscriber]: Received from TM_5 | Latency: 0.45 ms
[INFO] [1790670248.279059027] [ego_subscriber]: Received from TM_4 | Latency: 0.62 ms
[INFO] [1790670248.279667333] [ego_subscriber]: Received from TM_8 | Latency: 0.58 ms
[INFO] [1790670248.279713237] [ego_subscriber]: Received from TM_7 | Latency: 0.55 ms
[INFO] [1790670248.281240555] [ego_subscriber]: Received from TM_6 | Latency: 0.31 ms
[INFO] [1790670248.285146893] [ego_subscriber]: Received from TM_4 | Latency: 0.37 ms
[INFO] [1790670248.285667751] [ego_subscriber]: Received from TM_1 | Latency: 0.28 ms
[INFO] [1790670248.288621287] [ego_subscriber]: Received from TM_3 | Latency: 0.73 ms
[INFO] [1790670248.290681871] [ego_subscriber]: Received from TM_1 | Latency: 0.48 ms
[INFO] [1790670248.291117735] [ego_subscriber]: Received from TM_2 | Latency: 0.31 ms
[INFO] [1790670248.293740929] [ego_subscriber]: Received from TM_9 | Latency: 0.32 ms
[INFO] [1790670248.296817753] [ego_subscriber]: Received from TM_9 | Latency: 0.32 ms
[INFO] [1790670248.303882775] [ego_subscriber]: Received from TM_7 | Latency: 0.64 ms
[INFO] [1790670248.307015603] [ego_subscriber]: Received from TM_3 | Latency: 0.42 ms
[INFO] [1790670248.309674184] [ego_subscriber]: Received from TM_4 | Latency: 0.36 ms
[INFO] [1790670248.311193483] [ego_subscriber]: Received from TM_5 | Latency: 0.31 ms
[INFO] [1790670248.326055440] [ego_subscriber]: Received from TM_8 | Latency: 0.76 ms
[INFO] [1790670248.346335286] [ego_subscriber]: Received from TM_5 | Latency: 0.89 ms
[INFO] [1790670248.346423052] [ego_subscriber]: Received from TM_3 | Latency: 0.69 ms
[INFO] [1790670248.348961973] [ego_subscriber]: Received from TM_8 | Latency: 0.56 ms
[INFO] [1790670248.349045746] [ego_subscriber]: Received from TM_6 | Latency: 0.40 ms
[INFO] [1790670248.350325358] [ego_subscriber]: Received from TM_2 | Latency: 0.54 ms
[INFO] [1790670248.351941439] [ego_subscriber]: Received from TM_1 | Latency: 0.31 ms
[INFO] [1790670248.355622737] [ego_subscriber]: Received from TM_7 | Latency: 0.59 ms
[INFO] [1790670248.363894679] [ego_subscriber]: Received from TM_6 | Latency: 0.52 ms
[INFO] [1790670248.366258609] [ego_subscriber]: Received from TM_9 | Latency: 0.39 ms
[INFO] [1790670248.370297418] [ego_subscriber]: Received from TM_2 | Latency: 0.45 ms
[INFO] [1790670248.370976278] [ego_subscriber]: Received from TM_5 | Latency: 0.41 ms
[INFO] [1790670248.379055821] [ego_subscriber]: Received from TM_4 | Latency: 0.65 ms
[INFO] [1790670248.379437636] [ego_subscriber]: Received from TM_8 | Latency: 0.37 ms
[INFO] [1790670248.379709928] [ego_subscriber]: Received from TM_7 | Latency: 0.54 ms
[INFO] [1790670248.381248450] [ego_subscriber]: Received from TM_6 | Latency: 0.34 ms
[INFO] [1790670248.385330838] [ego_subscriber]: Received from TM_4 | Latency: 0.55 ms
[INFO] [1790670248.385808374] [ego_subscriber]: Received from TM_1 | Latency: 0.43 ms
[INFO] [1790670248.388389719] [ego_subscriber]: Received from TM_3 | Latency: 0.48 ms
[INFO] [1790670248.390554696] [ego_subscriber]: Received from TM_1 | Latency: 0.41 ms
[INFO] [1790670248.391321497] [ego_subscriber]: Received from TM_2 | Latency: 0.50 ms
[INFO] [1790670248.394038785] [ego_subscriber]: Received from TM_9 | Latency: 0.60 ms
[INFO] [1790670248.397197811] [ego_subscriber]: Received from TM_9 | Latency: 0.68 ms
[INFO] [1790670248.404056972] [ego_subscriber]: Received from TM_7 | Latency: 0.81 ms
[INFO] [1790670248.407159092] [ego_subscriber]: Received from TM_3 | Latency: 0.60 ms
[INFO] [1790670248.410124373] [ego_subscriber]: Received from TM_4 | Latency: 0.83 ms
[INFO] [1790670248.411496519] [ego_subscriber]: Received from TM_5 | Latency: 0.62 ms
[INFO] [1790670248.425871696] [ego_subscriber]: Received from TM_8 | Latency: 0.55 ms
[INFO] [1790670248.446009133] [ego_subscriber]: Received from TM_5 | Latency: 0.62 ms
[INFO] [1790670248.446385667] [ego_subscriber]: Received from TM_3 | Latency: 0.64 ms
[INFO] [1790670248.449093650] [ego_subscriber]: Received from TM_8 | Latency: 0.67 ms
[INFO] [1790670248.449166824] [ego_subscriber]: Received from TM_6 | Latency: 0.52 ms
[INFO] [1790670248.450215071] [ego_subscriber]: Received from TM_2 | Latency: 0.41 ms
[INFO] [1790670248.452087705] [ego_subscriber]: Received from TM_1 | Latency: 0.49 ms
[INFO] [1790670248.455661747] [ego_subscriber]: Received from TM_7 | Latency: 0.60 ms
[INFO] [1790670248.463791837] [ego_subscriber]: Received from TM_6 | Latency: 0.40 ms
[INFO] [1790670248.466347018] [ego_subscriber]: Received from TM_9 | Latency: 0.46 ms
[INFO] [1790670248.470203652] [ego_subscriber]: Received from TM_2 | Latency: 0.41 ms
[INFO] [1790670248.471094439] [ego_subscriber]: Received from TM_5 | Latency: 0.52 ms
[INFO] [1790670248.478870284] [ego_subscriber]: Received from TM_4 | Latency: 0.43 ms
[INFO] [1790670248.479524328] [ego_subscriber]: Received from TM_8 | Latency: 0.44 ms
[INFO] [1790670248.479722413] [ego_subscriber]: Received from TM_7 | Latency: 0.57 ms
[INFO] [1790670248.481335006] [ego_subscriber]: Received from TM_6 | Latency: 0.39 ms
[INFO] [1790670248.485366883] [ego_subscriber]: Received from TM_4 | Latency: 0.59 ms
[INFO] [1790670248.485837215] [ego_subscriber]: Received from TM_1 | Latency: 0.44 ms
[INFO] [1790670248.488534279] [ego_subscriber]: Received from TM_3 | Latency: 0.63 ms
[INFO] [1790670248.490679609] [ego_subscriber]: Received from TM_1 | Latency: 0.48 ms
[INFO] [1790670248.491259679] [ego_subscriber]: Received from TM_2 | Latency: 0.44 ms
[INFO] [1790670248.494044386] [ego_subscriber]: Received from TM_9 | Latency: 0.59 ms
[INFO] [1790670248.496999232] [ego_subscriber]: Received from TM_9 | Latency: 0.46 ms
[INFO] [1790670248.503934441] [ego_subscriber]: Received from TM_7 | Latency: 0.62 ms
[INFO] [1790670248.506993199] [ego_subscriber]: Received from TM_3 | Latency: 0.41 ms
[INFO] [1790670248.509873979] [ego_subscriber]: Received from TM_4 | Latency: 0.56 ms
[INFO] [1790670248.511311701] [ego_subscriber]: Received from TM_5 | Latency: 0.41 ms
[INFO] [1790670248.526206392] [ego_subscriber]: Received from TM_8 | Latency: 0.88 ms
[INFO] [1790670248.546498483] [ego_subscriber]: Received from TM_5 | Latency: 1.07 ms
[INFO] [1790670248.546565171] [ego_subscriber]: Received from TM_3 | Latency: 0.76 ms
[INFO] [1790670248.549045432] [ego_subscriber]: Received from TM_8 | Latency: 0.64 ms
[INFO] [1790670248.549116828] [ego_subscriber]: Received from TM_6 | Latency: 0.43 ms
[INFO] [1790670248.550267131] [ego_subscriber]: Received from TM_2 | Latency: 0.45 ms
[INFO] [1790670248.552028163] [ego_subscriber]: Received from TM_1 | Latency: 0.41 ms
[INFO] [1790670248.555582566] [ego_subscriber]: Received from TM_7 | Latency: 0.53 ms
[INFO] [1790670248.564018176] [ego_subscriber]: Received from TM_6 | Latency: 0.63 ms
[INFO] [1790670248.566190052] [ego_subscriber]: Received from TM_9 | Latency: 0.33 ms
[INFO] [1790670248.570230723] [ego_subscriber]: Received from TM_2 | Latency: 0.39 ms
[INFO] [1790670248.570885617] [ego_subscriber]: Received from TM_5 | Latency: 0.31 ms
[INFO] [1790670248.579011372] [ego_subscriber]: Received from TM_4 | Latency: 0.59 ms
[INFO] [1790670248.579524809] [ego_subscriber]: Received from TM_8 | Latency: 0.45 ms
[INFO] [1790670248.579745358] [ego_subscriber]: Received from TM_7 | Latency: 0.55 ms
[INFO] [1790670248.581157334] [ego_subscriber]: Received from TM_6 | Latency: 0.24 ms
[INFO] [1790670248.585217179] [ego_subscriber]: Received from TM_4 | Latency: 0.39 ms
[INFO] [1790670248.585665458] [ego_subscriber]: Received from TM_1 | Latency: 0.29 ms
[INFO] [1790670248.588247821] [ego_subscriber]: Received from TM_3 | Latency: 0.35 ms
[INFO] [1790670248.590542342] [ego_subscriber]: Received from TM_1 | Latency: 0.40 ms
[INFO] [1790670248.591243020] [ego_subscriber]: Received from TM_2 | Latency: 0.41 ms
[INFO] [1790670248.593800611] [ego_subscriber]: Received from TM_9 | Latency: 0.37 ms
[INFO] [1790670248.596858950] [ego_subscriber]: Received from TM_9 | Latency: 0.35 ms
[INFO] [1790670248.603794321] [ego_subscriber]: Received from TM_7 | Latency: 0.54 ms
[INFO] [1790670248.607221103] [ego_subscriber]: Received from TM_3 | Latency: 0.61 ms
[INFO] [1790670248.609745661] [ego_subscriber]: Received from TM_4 | Latency: 0.45 ms
[INFO] [1790670248.611196222] [ego_subscriber]: Received from TM_5 | Latency: 0.33 ms
[INFO] [1790670248.625878094] [ego_subscriber]: Received from TM_8 | Latency: 0.59 ms
[INFO] [1790670248.645783576] [ego_subscriber]: Received from TM_5 | Latency: 0.42 ms
[INFO] [1790670248.646281760] [ego_subscriber]: Received from TM_3 | Latency: 0.49 ms
[INFO] [1790670248.648908986] [ego_subscriber]: Received from TM_8 | Latency: 0.49 ms
[INFO] [1790670248.649042292] [ego_subscriber]: Received from TM_6 | Latency: 0.39 ms
[INFO] [1790670248.650267078] [ego_subscriber]: Received from TM_2 | Latency: 0.44 ms
[INFO] [1790670248.652021182] [ego_subscriber]: Received from TM_1 | Latency: 0.40 ms
[INFO] [1790670248.655545011] [ego_subscriber]: Received from TM_7 | Latency: 0.47 ms
[INFO] [1790670248.663808633] [ego_subscriber]: Received from TM_6 | Latency: 0.44 ms
[INFO] [1790670248.666308896] [ego_subscriber]: Received from TM_9 | Latency: 0.46 ms
[INFO] [1790670248.670279186] [ego_subscriber]: Received from TM_2 | Latency: 0.47 ms
[INFO] [1790670248.671027569] [ego_subscriber]: Received from TM_5 | Latency: 0.46 ms
[INFO] [1790670248.678888510] [ego_subscriber]: Received from TM_4 | Latency: 0.48 ms
[INFO] [1790670248.679541042] [ego_subscriber]: Received from TM_8 | Latency: 0.47 ms
[INFO] [1790670248.679650750] [ego_subscriber]: Received from TM_7 | Latency: 0.45 ms
[INFO] [1790670248.681165655] [ego_subscriber]: Received from TM_6 | Latency: 0.25 ms
[INFO] [1790670248.685281941] [ego_subscriber]: Received from TM_4 | Latency: 0.45 ms
[INFO] [1790670248.685680903] [ego_subscriber]: Received from TM_1 | Latency: 0.32 ms
[INFO] [1790670248.688501333] [ego_subscriber]: Received from TM_3 | Latency: 0.56 ms
[INFO] [1790670248.690613872] [ego_subscriber]: Received from TM_1 | Latency: 0.43 ms
[INFO] [1790670248.691150729] [ego_subscriber]: Received from TM_2 | Latency: 0.35 ms
[INFO] [1790670248.693832850] [ego_subscriber]: Received from TM_9 | Latency: 0.38 ms
[INFO] [1790670248.697141049] [ego_subscriber]: Received from TM_9 | Latency: 0.59 ms
[INFO] [1790670248.704013351] [ego_subscriber]: Received from TM_7 | Latency: 0.68 ms
[INFO] [1790670248.707190740] [ego_subscriber]: Received from TM_3 | Latency: 0.66 ms
[INFO] [1790670248.709739953] [ego_subscriber]: Received from TM_4 | Latency: 0.44 ms
[INFO] [1790670248.711552614] [ego_subscriber]: Received from TM_5 | Latency: 0.61 ms
[INFO] [1790670248.725957123] [ego_subscriber]: Received from TM_8 | Latency: 0.60 ms
[INFO] [1790670248.746307435] [ego_subscriber]: Received from TM_5 | Latency: 0.89 ms
[INFO] [1790670248.746383509] [ego_subscriber]: Received from TM_3 | Latency: 0.61 ms
[INFO] [1790670248.749005940] [ego_subscriber]: Received from TM_8 | Latency: 0.58 ms
[INFO] [1790670248.749127640] [ego_subscriber]: Received from TM_6 | Latency: 0.46 ms
[INFO] [1790670248.750388394] [ego_subscriber]: Received from TM_2 | Latency: 0.54 ms
[INFO] [1790670248.752196448] [ego_subscriber]: Received from TM_1 | Latency: 0.59 ms
[INFO] [1790670248.755657376] [ego_subscriber]: Received from TM_7 | Latency: 0.62 ms
[INFO] [1790670248.764111092] [ego_subscriber]: Received from TM_6 | Latency: 0.72 ms
[INFO] [1790670248.766439832] [ego_subscriber]: Received from TM_9 | Latency: 0.60 ms
[INFO] [1790670248.770696696] [ego_subscriber]: Received from TM_2 | Latency: 0.86 ms
[INFO] [1790670248.771068666] [ego_subscriber]: Received from TM_5 | Latency: 0.46 ms
[INFO] [1790670248.778990545] [ego_subscriber]: Received from TM_4 | Latency: 0.55 ms
[INFO] [1790670248.779730185] [ego_subscriber]: Received from TM_8 | Latency: 0.64 ms
[INFO] [1790670248.779787876] [ego_subscriber]: Received from TM_7 | Latency: 0.59 ms
[INFO] [1790670248.781256193] [ego_subscriber]: Received from TM_6 | Latency: 0.29 ms
[INFO] [1790670248.785416667] [ego_subscriber]: Received from TM_4 | Latency: 0.65 ms
[INFO] [1790670248.785680165] [ego_subscriber]: Received from TM_1 | Latency: 0.29 ms
[INFO] [1790670248.788500376] [ego_subscriber]: Received from TM_3 | Latency: 0.52 ms
[INFO] [1790670248.790619072] [ego_subscriber]: Received from TM_1 | Latency: 0.45 ms
[INFO] [1790670248.791133797] [ego_subscriber]: Received from TM_2 | Latency: 0.32 ms
[INFO] [1790670248.793981251] [ego_subscriber]: Received from TM_9 | Latency: 0.55 ms
[INFO] [1790670248.796828720] [ego_subscriber]: Received from TM_9 | Latency: 0.33 ms
[INFO] [1790670248.803831958] [ego_subscriber]: Received from TM_7 | Latency: 0.48 ms
[INFO] [1790670248.807246153] [ego_subscriber]: Received from TM_3 | Latency: 0.67 ms
[INFO] [1790670248.810198443] [ego_subscriber]: Received from TM_4 | Latency: 0.91 ms
[INFO] [1790670248.811327478] [ego_subscriber]: Received from TM_5 | Latency: 0.46 ms
[INFO] [1790670248.826206327] [ego_subscriber]: Received from TM_8 | Latency: 0.86 ms
[INFO] [1790670248.846024477] [ego_subscriber]: Received from TM_5 | Latency: 0.55 ms
[INFO] [1790670248.846166320] [ego_subscriber]: Received from TM_3 | Latency: 0.39 ms
[INFO] [1790670248.849286496] [ego_subscriber]: Received from TM_8 | Latency: 0.84 ms
[INFO] [1790670248.849366894] [ego_subscriber]: Received from TM_6 | Latency: 0.68 ms
[INFO] [1790670248.850446958] [ego_subscriber]: Received from TM_2 | Latency: 0.59 ms
[INFO] [1790670248.852022734] [ego_subscriber]: Received from TM_1 | Latency: 0.41 ms
[INFO] [1790670248.855402338] [ego_subscriber]: Received from TM_7 | Latency: 0.35 ms
[INFO] [1790670248.864110531] [ego_subscriber]: Received from TM_6 | Latency: 0.67 ms
[INFO] [1790670248.866254870] [ego_subscriber]: Received from TM_9 | Latency: 0.41 ms
[INFO] [1790670248.870284911] [ego_subscriber]: Received from TM_2 | Latency: 0.43 ms
[INFO] [1790670248.871068314] [ego_subscriber]: Received from TM_5 | Latency: 0.50 ms
[INFO] [1790670248.879266104] [ego_subscriber]: Received from TM_4 | Latency: 0.84 ms
[INFO] [1790670248.879442475] [ego_subscriber]: Received from TM_8 | Latency: 0.36 ms
[INFO] [1790670248.879715320] [ego_subscriber]: Received from TM_7 | Latency: 0.49 ms
[INFO] [1790670248.881299130] [ego_subscriber]: Received from TM_6 | Latency: 0.29 ms
[INFO] [1790670248.885377379] [ego_subscriber]: Received from TM_4 | Latency: 0.60 ms
[INFO] [1790670248.885768466] [ego_subscriber]: Received from TM_1 | Latency: 0.38 ms
[INFO] [1790670248.888657085] [ego_subscriber]: Received from TM_3 | Latency: 0.72 ms
[INFO] [1790670248.890625051] [ego_subscriber]: Received from TM_1 | Latency: 0.45 ms
[INFO] [1790670248.891192630] [ego_subscriber]: Received from TM_2 | Latency: 0.36 ms
[INFO] [1790670248.893942134] [ego_subscriber]: Received from TM_9 | Latency: 0.47 ms
[INFO] [1790670248.896862886] [ego_subscriber]: Received from TM_9 | Latency: 0.35 ms
[INFO] [1790670248.904069860] [ego_subscriber]: Received from TM_7 | Latency: 0.73 ms
[INFO] [1790670248.907109674] [ego_subscriber]: Received from TM_3 | Latency: 0.52 ms
[INFO] [1790670248.909888362] [ego_subscriber]: Received from TM_4 | Latency: 0.58 ms
[INFO] [1790670248.911230997] [ego_subscriber]: Received from TM_5 | Latency: 0.35 ms
[INFO] [1790670248.925900901] [ego_subscriber]: Received from TM_8 | Latency: 0.56 ms
[INFO] [1790670248.946129483] [ego_subscriber]: Received from TM_5 | Latency: 0.67 ms
[INFO] [1790670248.946217800] [ego_subscriber]: Received from TM_3 | Latency: 0.44 ms
[INFO] [1790670248.949294110] [ego_subscriber]: Received from TM_8 | Latency: 0.84 ms
[INFO] [1790670248.949361627] [ego_subscriber]: Received from TM_6 | Latency: 0.66 ms
[INFO] [1790670248.950636551] [ego_subscriber]: Received from TM_2 | Latency: 0.46 ms
[INFO] [1790670248.951973595] [ego_subscriber]: Received from TM_1 | Latency: 0.35 ms
[INFO] [1790670248.955475194] [ego_subscriber]: Received from TM_7 | Latency: 0.40 ms
[INFO] [1790670248.963972269] [ego_subscriber]: Received from TM_6 | Latency: 0.44 ms
[INFO] [1790670248.966492002] [ego_subscriber]: Received from TM_9 | Latency: 0.61 ms
[INFO] [1790670248.970358801] [ego_subscriber]: Received from TM_2 | Latency: 0.51 ms
[INFO] [1790670248.971205108] [ego_subscriber]: Received from TM_5 | Latency: 0.60 ms
[INFO] [1790670248.979019149] [ego_subscriber]: Received from TM_4 | Latency: 0.59 ms
[INFO] [1790670248.979506349] [ego_subscriber]: Received from TM_8 | Latency: 0.41 ms
[INFO] [1790670248.979761619] [ego_subscriber]: Received from TM_7 | Latency: 0.53 ms
[INFO] [1790670248.981459879] [ego_subscriber]: Received from TM_6 | Latency: 0.46 ms
[INFO] [1790670248.985396114] [ego_subscriber]: Received from TM_4 | Latency: 0.56 ms
[INFO] [1790670248.985779653] [ego_subscriber]: Received from TM_1 | Latency: 0.39 ms
[INFO] [1790670248.988872014] [ego_subscriber]: Received from TM_3 | Latency: 0.84 ms
[INFO] [1790670248.990728083] [ego_subscriber]: Received from TM_1 | Latency: 0.55 ms
[INFO] [1790670248.991302161] [ego_subscriber]: Received from TM_2 | Latency: 0.45 ms
[INFO] [1790670248.993974419] [ego_subscriber]: Received from TM_9 | Latency: 0.51 ms
[INFO] [1790670248.997035827] [ego_subscriber]: Received from TM_9 | Latency: 0.50 ms
[INFO] [1790670249.003952428] [ego_subscriber]: Received from TM_7 | Latency: 0.63 ms
[INFO] [1790670249.007009481] [ego_subscriber]: Received from TM_3 | Latency: 0.42 ms
[INFO] [1790670249.009760801] [ego_subscriber]: Received from TM_4 | Latency: 0.47 ms
[INFO] [1790670249.011289288] [ego_subscriber]: Received from TM_5 | Latency: 0.33 ms
[INFO] [1790670249.026003567] [ego_subscriber]: Received from TM_8 | Latency: 0.62 ms
[INFO] [1790670249.046085633] [ego_subscriber]: Received from TM_5 | Latency: 0.67 ms
[INFO] [1790670249.046349934] [ego_subscriber]: Received from TM_3 | Latency: 0.57 ms
[INFO] [1790670249.048941410] [ego_subscriber]: Received from TM_8 | Latency: 0.47 ms
[INFO] [1790670249.049171460] [ego_subscriber]: Received from TM_6 | Latency: 0.46 ms
[INFO] [1790670249.050438563] [ego_subscriber]: Received from TM_2 | Latency: 0.48 ms
[INFO] [1790670249.052041916] [ego_subscriber]: Received from TM_1 | Latency: 0.41 ms
[INFO] [1790670249.055616305] [ego_subscriber]: Received from TM_7 | Latency: 0.52 ms
[INFO] [1790670249.063904082] [ego_subscriber]: Received from TM_6 | Latency: 0.44 ms
[INFO] [1790670249.066309812] [ego_subscriber]: Received from TM_9 | Latency: 0.42 ms
[INFO] [1790670249.070362395] [ego_subscriber]: Received from TM_2 | Latency: 0.51 ms
[INFO] [1790670249.070975343] [ego_subscriber]: Received from TM_5 | Latency: 0.39 ms
[INFO] [1790670249.078980615] [ego_subscriber]: Received from TM_4 | Latency: 0.55 ms
[INFO] [1790670249.079505812] [ego_subscriber]: Received from TM_8 | Latency: 0.41 ms
[INFO] [1790670249.079569567] [ego_subscriber]: Received from TM_7 | Latency: 0.39 ms
[INFO] [1790670249.081332639] [ego_subscriber]: Received from TM_6 | Latency: 0.34 ms
[INFO] [1790670249.085404221] [ego_subscriber]: Received from TM_4 | Latency: 0.59 ms
[INFO] [1790670249.085827260] [ego_subscriber]: Received from TM_1 | Latency: 0.41 ms
[INFO] [1790670249.088657716] [ego_subscriber]: Received from TM_3 | Latency: 0.69 ms
[INFO] [1790670249.090641997] [ego_subscriber]: Received from TM_1 | Latency: 0.46 ms
[INFO] [1790670249.091341431] [ego_subscriber]: Received from TM_2 | Latency: 0.47 ms
[INFO] [1790670249.093864311] [ego_subscriber]: Received from TM_9 | Latency: 0.42 ms
[INFO] [1790670249.097062990] [ego_subscriber]: Received from TM_9 | Latency: 0.54 ms
[INFO] [1790670249.103899171] [ego_subscriber]: Received from TM_7 | Latency: 0.52 ms
[INFO] [1790670249.107072553] [ego_subscriber]: Received from TM_3 | Latency: 0.47 ms
[INFO] [1790670249.109675389] [ego_subscriber]: Received from TM_4 | Latency: 0.37 ms
[INFO] [1790670249.111282833] [ego_subscriber]: Received from TM_5 | Latency: 0.40 ms
[INFO] [1790670249.125945966] [ego_subscriber]: Received from TM_8 | Latency: 0.53 ms
[INFO] [1790670249.146260872] [ego_subscriber]: Received from TM_5 | Latency: 0.76 ms
[INFO] [1790670249.146349355] [ego_subscriber]: Received from TM_3 | Latency: 0.52 ms
[INFO] [1790670249.148967522] [ego_subscriber]: Received from TM_8 | Latency: 0.47 ms
[INFO] [1790670249.149070445] [ego_subscriber]: Received from TM_6 | Latency: 0.35 ms
[INFO] [1790670249.150282441] [ego_subscriber]: Received from TM_2 | Latency: 0.42 ms
[INFO] [1790670249.152082852] [ego_subscriber]: Received from TM_1 | Latency: 0.47 ms
[INFO] [1790670249.155616561] [ego_subscriber]: Received from TM_7 | Latency: 0.53 ms
[INFO] [1790670249.164147259] [ego_subscriber]: Received from TM_6 | Latency: 0.67 ms
[INFO] [1790670249.166407229] [ego_subscriber]: Received from TM_9 | Latency: 0.57 ms
[INFO] [1790670249.170346274] [ego_subscriber]: Received from TM_2 | Latency: 0.47 ms
[INFO] [1790670249.171080219] [ego_subscriber]: Received from TM_5 | Latency: 0.49 ms
[INFO] [1790670249.179138276] [ego_subscriber]: Received from TM_4 | Latency: 0.72 ms
[INFO] [1790670249.179533751] [ego_subscriber]: Received from TM_8 | Latency: 0.42 ms
[INFO] [1790670249.179589983] [ego_subscriber]: Received from TM_7 | Latency: 0.38 ms
[INFO] [1790670249.181284821] [ego_subscriber]: Received from TM_6 | Latency: 0.27 ms
[INFO] [1790670249.185397960] [ego_subscriber]: Received from TM_4 | Latency: 0.57 ms
[INFO] [1790670249.185698634] [ego_subscriber]: Received from TM_1 | Latency: 0.27 ms
[INFO] [1790670249.188557245] [ego_subscriber]: Received from TM_3 | Latency: 0.59 ms
[INFO] [1790670249.190639178] [ego_subscriber]: Received from TM_1 | Latency: 0.46 ms
[INFO] [1790670249.191169719] [ego_subscriber]: Received from TM_2 | Latency: 0.28 ms
[INFO] [1790670249.193939864] [ego_subscriber]: Received from TM_9 | Latency: 0.47 ms
[INFO] [1790670249.197068858] [ego_subscriber]: Received from TM_9 | Latency: 0.56 ms
[INFO] [1790670249.203954336] [ego_subscriber]: Received from TM_7 | Latency: 0.62 ms
[INFO] [1790670249.207210830] [ego_subscriber]: Received from TM_3 | Latency: 0.64 ms
[INFO] [1790670249.209905821] [ego_subscriber]: Received from TM_4 | Latency: 0.59 ms
[INFO] [1790670249.211368349] [ego_subscriber]: Received from TM_5 | Latency: 0.44 ms
[INFO] [1790670249.225986955] [ego_subscriber]: Received from TM_8 | Latency: 0.60 ms
[INFO] [1790670249.246063078] [ego_subscriber]: Received from TM_5 | Latency: 0.65 ms
[INFO] [1790670249.246274280] [ego_subscriber]: Received from TM_3 | Latency: 0.44 ms
[INFO] [1790670249.248986358] [ego_subscriber]: Received from TM_8 | Latency: 0.53 ms
[INFO] [1790670249.249156772] [ego_subscriber]: Received from TM_6 | Latency: 0.44 ms
[INFO] [1790670249.250366480] [ego_subscriber]: Received from TM_2 | Latency: 0.42 ms
[INFO] [1790670249.252047760] [ego_subscriber]: Received from TM_1 | Latency: 0.39 ms
[INFO] [1790670249.255686293] [ego_subscriber]: Received from TM_7 | Latency: 0.59 ms
[INFO] [1790670249.263883688] [ego_subscriber]: Received from TM_6 | Latency: 0.39 ms
[INFO] [1790670249.266309653] [ego_subscriber]: Received from TM_9 | Latency: 0.44 ms
[INFO] [1790670249.270330210] [ego_subscriber]: Received from TM_2 | Latency: 0.45 ms
[INFO] [1790670249.271063706] [ego_subscriber]: Received from TM_5 | Latency: 0.46 ms
[INFO] [1790670249.278911668] [ego_subscriber]: Received from TM_4 | Latency: 0.49 ms
[INFO] [1790670249.279512120] [ego_subscriber]: Received from TM_8 | Latency: 0.41 ms
[INFO] [1790670249.279587035] [ego_subscriber]: Received from TM_7 | Latency: 0.37 ms
[INFO] [1790670249.281676083] [ego_subscriber]: Received from TM_6 | Latency: 0.67 ms
[INFO] [1790670249.285264801] [ego_subscriber]: Received from TM_4 | Latency: 0.51 ms
[INFO] [1790670249.285689313] [ego_subscriber]: Received from TM_1 | Latency: 0.28 ms
[INFO] [1790670249.288453588] [ego_subscriber]: Received from TM_3 | Latency: 0.48 ms
[INFO] [1790670249.290592778] [ego_subscriber]: Received from TM_1 | Latency: 0.38 ms
[INFO] [1790670249.291433371] [ego_subscriber]: Received from TM_2 | Latency: 0.49 ms
[INFO] [1790670249.293973202] [ego_subscriber]: Received from TM_9 | Latency: 0.51 ms
[INFO] [1790670249.296847671] [ego_subscriber]: Received from TM_9 | Latency: 0.33 ms
[INFO] [1790670249.304004159] [ego_subscriber]: Received from TM_7 | Latency: 0.62 ms
[INFO] [1790670249.307010036] [ego_subscriber]: Received from TM_3 | Latency: 0.40 ms
[INFO] [1790670249.309814224] [ego_subscriber]: Received from TM_4 | Latency: 0.51 ms
[INFO] [1790670249.311532320] [ego_subscriber]: Received from TM_5 | Latency: 0.60 ms
[INFO] [1790670249.326160821] [ego_subscriber]: Received from TM_8 | Latency: 0.77 ms
[INFO] [1790670249.346124860] [ego_subscriber]: Received from TM_5 | Latency: 0.69 ms
[INFO] [1790670249.346400425] [ego_subscriber]: Received from TM_3 | Latency: 0.58 ms
[INFO] [1790670249.349161937] [ego_subscriber]: Received from TM_8 | Latency: 0.40 ms
[INFO] [1790670249.349240304] [ego_subscriber]: Received from TM_6 | Latency: 0.52 ms
[INFO] [1790670249.350252350] [ego_subscriber]: Received from TM_2 | Latency: 0.38 ms
[INFO] [1790670249.352095875] [ego_subscriber]: Received from TM_1 | Latency: 0.43 ms
[INFO] [1790670249.355565229] [ego_subscriber]: Received from TM_7 | Latency: 0.43 ms
[INFO] [1790670249.363987182] [ego_subscriber]: Received from TM_6 | Latency: 0.51 ms
[INFO] [1790670249.366230678] [ego_subscriber]: Received from TM_9 | Latency: 0.35 ms
[INFO] [1790670249.370310517] [ego_subscriber]: Received from TM_2 | Latency: 0.44 ms
[INFO] [1790670249.371050350] [ego_subscriber]: Received from TM_5 | Latency: 0.43 ms
[INFO] [1790670249.379198760] [ego_subscriber]: Received from TM_4 | Latency: 0.78 ms
[INFO] [1790670249.379741528] [ego_subscriber]: Received from TM_8 | Latency: 0.62 ms
[INFO] [1790670249.379815314] [ego_subscriber]: Received from TM_7 | Latency: 0.58 ms
[INFO] [1790670249.381504601] [ego_subscriber]: Received from TM_6 | Latency: 0.48 ms
[INFO] [1790670249.385383057] [ego_subscriber]: Received from TM_4 | Latency: 0.61 ms
[INFO] [1790670249.385842293] [ego_subscriber]: Received from TM_1 | Latency: 0.43 ms
[INFO] [1790670249.388705856] [ego_subscriber]: Received from TM_3 | Latency: 0.73 ms
[INFO] [1790670249.390516268] [ego_subscriber]: Received from TM_1 | Latency: 0.33 ms
[INFO] [1790670249.391334600] [ego_subscriber]: Received from TM_2 | Latency: 0.38 ms
[INFO] [1790670249.394005374] [ego_subscriber]: Received from TM_9 | Latency: 0.54 ms
[INFO] [1790670249.397117423] [ego_subscriber]: Received from TM_9 | Latency: 0.55 ms
[INFO] [1790670249.403809672] [ego_subscriber]: Received from TM_7 | Latency: 0.44 ms
[INFO] [1790670249.407268526] [ego_subscriber]: Received from TM_3 | Latency: 0.65 ms
[INFO] [1790670249.409794140] [ego_subscriber]: Received from TM_4 | Latency: 0.46 ms
[INFO] [1790670249.411426098] [ego_subscriber]: Received from TM_5 | Latency: 0.46 ms
[INFO] [1790670249.426017851] [ego_subscriber]: Received from TM_8 | Latency: 0.59 ms
[INFO] [1790670249.446142669] [ego_subscriber]: Received from TM_5 | Latency: 0.72 ms
[INFO] [1790670249.446412433] [ego_subscriber]: Received from TM_3 | Latency: 0.58 ms
[INFO] [1790670249.449100255] [ego_subscriber]: Received from TM_8 | Latency: 0.59 ms
[INFO] [1790670249.449180642] [ego_subscriber]: Received from TM_6 | Latency: 0.43 ms
[INFO] [1790670249.450348097] [ego_subscriber]: Received from TM_2 | Latency: 0.47 ms
[INFO] [1790670249.452032548] [ego_subscriber]: Received from TM_1 | Latency: 0.37 ms
[INFO] [1790670249.455502865] [ego_subscriber]: Received from TM_7 | Latency: 0.40 ms
[INFO] [1790670249.464067497] [ego_subscriber]: Received from TM_6 | Latency: 0.57 ms
[INFO] [1790670249.466273960] [ego_subscriber]: Received from TM_9 | Latency: 0.39 ms
[INFO] [1790670249.470305141] [ego_subscriber]: Received from TM_2 | Latency: 0.43 ms
[INFO] [1790670249.471065755] [ego_subscriber]: Received from TM_5 | Latency: 0.44 ms
[INFO] [1790670249.478879063] [ego_subscriber]: Received from TM_4 | Latency: 0.46 ms
[INFO] [1790670249.479515264] [ego_subscriber]: Received from TM_8 | Latency: 0.38 ms
[INFO] [1790670249.479675891] [ego_subscriber]: Received from TM_7 | Latency: 0.44 ms
[INFO] [1790670249.481355922] [ego_subscriber]: Received from TM_6 | Latency: 0.31 ms
[INFO] [1790670249.485286221] [ego_subscriber]: Received from TM_4 | Latency: 0.45 ms
[INFO] [1790670249.485730802] [ego_subscriber]: Received from TM_1 | Latency: 0.33 ms
[INFO] [1790670249.488374346] [ego_subscriber]: Received from TM_3 | Latency: 0.40 ms
[INFO] [1790670249.490606414] [ego_subscriber]: Received from TM_1 | Latency: 0.41 ms
[INFO] [1790670249.491274848] [ego_subscriber]: Received from TM_2 | Latency: 0.36 ms
[INFO] [1790670249.493814666] [ego_subscriber]: Received from TM_9 | Latency: 0.36 ms
[INFO] [1790670249.496968954] [ego_subscriber]: Received from TM_9 | Latency: 0.42 ms
[INFO] [1790670249.503807645] [ego_subscriber]: Received from TM_7 | Latency: 0.44 ms
[INFO] [1790670249.507090787] [ego_subscriber]: Received from TM_3 | Latency: 0.47 ms
[INFO] [1790670249.509758533] [ego_subscriber]: Received from TM_4 | Latency: 0.44 ms
[INFO] [1790670249.511331638] [ego_subscriber]: Received from TM_5 | Latency: 0.44 ms
[INFO] [1790670249.526002722] [ego_subscriber]: Received from TM_8 | Latency: 0.60 ms
[INFO] [1790670249.546114217] [ego_subscriber]: Received from TM_5 | Latency: 0.70 ms
[INFO] [1790670249.546318624] [ego_subscriber]: Received from TM_3 | Latency: 0.50 ms
[INFO] [1790670249.549070501] [ego_subscriber]: Received from TM_8 | Latency: 0.56 ms
[INFO] [1790670249.549146845] [ego_subscriber]: Received from TM_6 | Latency: 0.39 ms
[INFO] [1790670249.550834686] [ego_subscriber]: Received from TM_2 | Latency: 0.49 ms
[INFO] [1790670249.552042238] [ego_subscriber]: Received from TM_1 | Latency: 0.32 ms
[INFO] [1790670249.555483597] [ego_subscriber]: Received from TM_7 | Latency: 0.31 ms
[INFO] [1790670249.563965850] [ego_subscriber]: Received from TM_6 | Latency: 0.47 ms
[INFO] [1790670249.566239312] [ego_subscriber]: Received from TM_9 | Latency: 0.35 ms
[INFO] [1790670249.570382394] [ego_subscriber]: Received from TM_2 | Latency: 0.44 ms
[INFO] [1790670249.570954665] [ego_subscriber]: Received from TM_5 | Latency: 0.35 ms
[INFO] [1790670249.579036507] [ego_subscriber]: Received from TM_4 | Latency: 0.64 ms
[INFO] [1790670249.579685625] [ego_subscriber]: Received from TM_8 | Latency: 0.57 ms
[INFO] [1790670249.579745853] [ego_subscriber]: Received from TM_7 | Latency: 0.41 ms
[INFO] [1790670249.581354398] [ego_subscriber]: Received from TM_6 | Latency: 0.33 ms
[INFO] [1790670249.585173627] [ego_subscriber]: Received from TM_4 | Latency: 0.36 ms
[INFO] [1790670249.585797610] [ego_subscriber]: Received from TM_1 | Latency: 0.40 ms
[INFO] [1790670249.588809280] [ego_subscriber]: Received from TM_3 | Latency: 0.83 ms
[INFO] [1790670249.590651373] [ego_subscriber]: Received from TM_1 | Latency: 0.48 ms
[INFO] [1790670249.591344891] [ego_subscriber]: Received from TM_2 | Latency: 0.40 ms
[INFO] [1790670249.593813116] [ego_subscriber]: Received from TM_9 | Latency: 0.35 ms
[INFO] [1790670249.597084825] [ego_subscriber]: Received from TM_9 | Latency: 0.53 ms
[INFO] [1790670249.604135458] [ego_subscriber]: Received from TM_7 | Latency: 0.75 ms
[INFO] [1790670249.607075092] [ego_subscriber]: Received from TM_3 | Latency: 0.45 ms
[INFO] [1790670249.609876769] [ego_subscriber]: Received from TM_4 | Latency: 0.58 ms
[INFO] [1790670249.611252984] [ego_subscriber]: Received from TM_5 | Latency: 0.35 ms
[INFO] [1790670249.625869244] [ego_subscriber]: Received from TM_8 | Latency: 0.50 ms
[INFO] [1790670249.645913977] [ego_subscriber]: Received from TM_5 | Latency: 0.49 ms
[INFO] [1790670249.646364284] [ego_subscriber]: Received from TM_3 | Latency: 0.52 ms
[INFO] [1790670249.649254563] [ego_subscriber]: Received from TM_8 | Latency: 0.76 ms
[INFO] [1790670249.649313796] [ego_subscriber]: Received from TM_6 | Latency: 0.55 ms
[INFO] [1790670249.650407234] [ego_subscriber]: Received from TM_2 | Latency: 0.47 ms
[INFO] [1790670249.652039007] [ego_subscriber]: Received from TM_1 | Latency: 0.38 ms
[INFO] [1790670249.655614810] [ego_subscriber]: Received from TM_7 | Latency: 0.51 ms
[INFO] [1790670249.664170730] [ego_subscriber]: Received from TM_6 | Latency: 0.67 ms
[INFO] [1790670249.666429194] [ego_subscriber]: Received from TM_9 | Latency: 0.56 ms
[INFO] [1790670249.670525036] [ego_subscriber]: Received from TM_2 | Latency: 0.62 ms
[INFO] [1790670249.671030431] [ego_subscriber]: Received from TM_5 | Latency: 0.43 ms
[INFO] [1790670249.679188830] [ego_subscriber]: Received from TM_4 | Latency: 0.73 ms
[INFO] [1790670249.679569058] [ego_subscriber]: Received from TM_8 | Latency: 0.41 ms
[INFO] [1790670249.679634812] [ego_subscriber]: Received from TM_7 | Latency: 0.38 ms
[INFO] [1790670249.681398456] [ego_subscriber]: Received from TM_6 | Latency: 0.31 ms
[INFO] [1790670249.685367610] [ego_subscriber]: Received from TM_4 | Latency: 0.52 ms
[INFO] [1790670249.685884371] [ego_subscriber]: Received from TM_1 | Latency: 0.40 ms
[INFO] [1790670249.688463244] [ego_subscriber]: Received from TM_3 | Latency: 0.45 ms
[INFO] [1790670249.690531265] [ego_subscriber]: Received from TM_1 | Latency: 0.34 ms
[INFO] [1790670249.691291592] [ego_subscriber]: Received from TM_2 | Latency: 0.33 ms
[INFO] [1790670249.693755225] [ego_subscriber]: Received from TM_9 | Latency: 0.31 ms
[INFO] [1790670249.697046259] [ego_subscriber]: Received from TM_9 | Latency: 0.51 ms
[INFO] [1790670249.704072975] [ego_subscriber]: Received from TM_7 | Latency: 0.71 ms
[INFO] [1790670249.707262043] [ego_subscriber]: Received from TM_3 | Latency: 0.63 ms
[INFO] [1790670249.709711964] [ego_subscriber]: Received from TM_4 | Latency: 0.40 ms
[INFO] [1790670249.711256637] [ego_subscriber]: Received from TM_5 | Latency: 0.35 ms
[INFO] [1790670249.726155463] [ego_subscriber]: Received from TM_8 | Latency: 0.72 ms
[INFO] [1790670249.746293451] [ego_subscriber]: Received from TM_5 | Latency: 0.86 ms
[INFO] [1790670249.746360623] [ego_subscriber]: Received from TM_3 | Latency: 0.51 ms
[INFO] [1790670249.749067862] [ego_subscriber]: Received from TM_8 | Latency: 0.53 ms
[INFO] [1790670249.749188079] [ego_subscriber]: Received from TM_6 | Latency: 0.40 ms
[INFO] [1790670249.750413399] [ego_subscriber]: Received from TM_2 | Latency: 0.47 ms
[INFO] [1790670249.752232908] [ego_subscriber]: Received from TM_1 | Latency: 0.57 ms
[INFO] [1790670249.755677327] [ego_subscriber]: Received from TM_7 | Latency: 0.53 ms
[INFO] [1790670249.764190144] [ego_subscriber]: Received from TM_6 | Latency: 0.67 ms
[INFO] [1790670249.766377961] [ego_subscriber]: Received from TM_9 | Latency: 0.48 ms
[INFO] [1790670249.770565534] [ego_subscriber]: Received from TM_2 | Latency: 0.66 ms
[INFO] [1790670249.771098653] [ego_subscriber]: Received from TM_5 | Latency: 0.50 ms
[INFO] [1790670249.779168497] [ego_subscriber]: Received from TM_4 | Latency: 0.72 ms
[INFO] [1790670249.779836185] [ego_subscriber]: Received from TM_8 | Latency: 0.66 ms
[INFO] [1790670249.779953404] [ego_subscriber]: Received from TM_7 | Latency: 0.63 ms
[INFO] [1790670249.781542881] [ego_subscriber]: Received from TM_6 | Latency: 0.48 ms
[INFO] [1790670249.785463551] [ego_subscriber]: Received from TM_4 | Latency: 0.65 ms
[INFO] [1790670249.785958811] [ego_subscriber]: Received from TM_1 | Latency: 0.53 ms
[INFO] [1790670249.788552960] [ego_subscriber]: Received from TM_3 | Latency: 0.56 ms
[INFO] [1790670249.790869509] [ego_subscriber]: Received from TM_1 | Latency: 0.67 ms
[INFO] [1790670249.791665987] [ego_subscriber]: Received from TM_2 | Latency: 0.69 ms
[INFO] [1790670249.794035753] [ego_subscriber]: Received from TM_9 | Latency: 0.57 ms
[INFO] [1790670249.797062015] [ego_subscriber]: Received from TM_9 | Latency: 0.53 ms
[INFO] [1790670249.803796578] [ego_subscriber]: Received from TM_7 | Latency: 0.41 ms
[INFO] [1790670249.807214595] [ego_subscriber]: Received from TM_3 | Latency: 0.58 ms
[INFO] [1790670249.809845421] [ego_subscriber]: Received from TM_4 | Latency: 0.55 ms
[INFO] [1790670249.811458944] [ego_subscriber]: Received from TM_5 | Latency: 0.56 ms
[INFO] [1790670249.825944930] [ego_subscriber]: Received from TM_8 | Latency: 0.48 ms
[INFO] [1790670249.846226752] [ego_subscriber]: Received from TM_5 | Latency: 0.80 ms
[INFO] [1790670249.846323063] [ego_subscriber]: Received from TM_3 | Latency: 0.46 ms
[INFO] [1790670249.849224786] [ego_subscriber]: Received from TM_8 | Latency: 0.69 ms
[INFO] [1790670249.849290587] [ego_subscriber]: Received from TM_6 | Latency: 0.50 ms
[INFO] [1790670249.850290288] [ego_subscriber]: Received from TM_2 | Latency: 0.36 ms
[INFO] [1790670249.852112820] [ego_subscriber]: Received from TM_1 | Latency: 0.49 ms
[INFO] [1790670249.855684589] [ego_subscriber]: Received from TM_7 | Latency: 0.51 ms
[INFO] [1790670249.864209617] [ego_subscriber]: Received from TM_6 | Latency: 0.68 ms
[INFO] [1790670249.866404536] [ego_subscriber]: Received from TM_9 | Latency: 0.57 ms
[INFO] [1790670249.870385144] [ego_subscriber]: Received from TM_2 | Latency: 0.45 ms
[INFO] [1790670249.871114885] [ego_subscriber]: Received from TM_5 | Latency: 0.49 ms
[INFO] [1790670249.879188700] [ego_subscriber]: Received from TM_4 | Latency: 0.75 ms
[INFO] [1790670249.879664269] [ego_subscriber]: Received from TM_8 | Latency: 0.55 ms
[INFO] [1790670249.879724372] [ego_subscriber]: Received from TM_7 | Latency: 0.39 ms
[INFO] [1790670249.881356990] [ego_subscriber]: Received from TM_6 | Latency: 0.26 ms
[INFO] [1790670249.885347287] [ego_subscriber]: Received from TM_4 | Latency: 0.58 ms
[INFO] [1790670249.885801297] [ego_subscriber]: Received from TM_1 | Latency: 0.39 ms
[INFO] [1790670249.888791720] [ego_subscriber]: Received from TM_3 | Latency: 0.82 ms
[INFO] [1790670249.890494121] [ego_subscriber]: Received from TM_1 | Latency: 0.30 ms
[INFO] [1790670249.891479750] [ego_subscriber]: Received from TM_2 | Latency: 0.48 ms
[INFO] [1790670249.893793245] [ego_subscriber]: Received from TM_9 | Latency: 0.36 ms
[INFO] [1790670249.896973245] [ego_subscriber]: Received from TM_9 | Latency: 0.42 ms
[INFO] [1790670249.904150845] [ego_subscriber]: Received from TM_7 | Latency: 0.72 ms
[INFO] [1790670249.907325374] [ego_subscriber]: Received from TM_3 | Latency: 0.67 ms
[INFO] [1790670249.909999943] [ego_subscriber]: Received from TM_4 | Latency: 0.68 ms
[INFO] [1790670249.911210948] [ego_subscriber]: Received from TM_5 | Latency: 0.31 ms
[INFO] [1790670249.926023797] [ego_subscriber]: Received from TM_8 | Latency: 0.57 ms
[INFO] [1790670249.946411729] [ego_subscriber]: Received from TM_5 | Latency: 1.00 ms
[INFO] [1790670249.946496828] [ego_subscriber]: Received from TM_3 | Latency: 0.63 ms
[INFO] [1790670249.949466804] [ego_subscriber]: Received from TM_8 | Latency: 0.90 ms
[INFO] [1790670249.949535413] [ego_subscriber]: Received from TM_6 | Latency: 0.74 ms
[INFO] [1790670249.950502247] [ego_subscriber]: Received from TM_2 | Latency: 0.56 ms
[INFO] [1790670249.952108143] [ego_subscriber]: Received from TM_1 | Latency: 0.46 ms
[INFO] [1790670249.955650487] [ego_subscriber]: Received from TM_7 | Latency: 0.44 ms
[INFO] [1790670249.964007629] [ego_subscriber]: Received from TM_6 | Latency: 0.45 ms
[INFO] [1790670249.966381847] [ego_subscriber]: Received from TM_9 | Latency: 0.53 ms
[INFO] [1790670249.970507433] [ego_subscriber]: Received from TM_2 | Latency: 0.59 ms
[INFO] [1790670249.970986999] [ego_subscriber]: Received from TM_5 | Latency: 0.40 ms
[INFO] [1790670249.979105333] [ego_subscriber]: Received from TM_4 | Latency: 0.65 ms
[INFO] [1790670249.979743265] [ego_subscriber]: Received from TM_8 | Latency: 0.58 ms
[INFO] [1790670249.979809269] [ego_subscriber]: Received from TM_7 | Latency: 0.45 ms
[INFO] [1790670249.981385385] [ego_subscriber]: Received from TM_6 | Latency: 0.30 ms
[INFO] [1790670249.985473839] [ego_subscriber]: Received from TM_4 | Latency: 0.65 ms
[INFO] [1790670249.985944080] [ego_subscriber]: Received from TM_1 | Latency: 0.47 ms
[INFO] [1790670249.988712820] [ego_subscriber]: Received from TM_3 | Latency: 0.68 ms
[INFO] [1790670249.990675692] [ego_subscriber]: Received from TM_1 | Latency: 0.47 ms
[INFO] [1790670249.991705077] [ego_subscriber]: Received from TM_2 | Latency: 0.55 ms
[INFO] [1790670249.993950741] [ego_subscriber]: Received from TM_9 | Latency: 0.50 ms
[INFO] [1790670249.996891999] [ego_subscriber]: Received from TM_9 | Latency: 0.35 ms
[INFO] [1790670250.004061772] [ego_subscriber]: Received from TM_7 | Latency: 0.54 ms
[INFO] [1790670250.007304246] [ego_subscriber]: Received from TM_3 | Latency: 0.65 ms
[INFO] [1790670250.009797411] [ego_subscriber]: Received from TM_4 | Latency: 0.51 ms
[INFO] [1790670250.011343398] [ego_subscriber]: Received from TM_5 | Latency: 0.45 ms
[INFO] [1790670250.026053832] [ego_subscriber]: Received from TM_8 | Latency: 0.70 ms
[INFO] [1790670250.046125504] [ego_subscriber]: Received from TM_5 | Latency: 0.70 ms
[INFO] [1790670250.046242706] [ego_subscriber]: Received from TM_3 | Latency: 0.40 ms
[INFO] [1790670250.049111042] [ego_subscriber]: Received from TM_8 | Latency: 0.56 ms
[INFO] [1790670250.049193663] [ego_subscriber]: Received from TM_6 | Latency: 0.38 ms
[INFO] [1790670250.050416444] [ego_subscriber]: Received from TM_2 | Latency: 0.45 ms
[INFO] [1790670250.052110578] [ego_subscriber]: Received from TM_1 | Latency: 0.46 ms
[INFO] [1790670250.055784255] [ego_subscriber]: Received from TM_7 | Latency: 0.57 ms
[INFO] [1790670250.064230922] [ego_subscriber]: Received from TM_6 | Latency: 0.68 ms
[INFO] [1790670250.066522980] [ego_subscriber]: Received from TM_9 | Latency: 0.66 ms
[INFO] [1790670250.070650041] [ego_subscriber]: Received from TM_2 | Latency: 0.70 ms
[INFO] [1790670250.071217120] [ego_subscriber]: Received from TM_5 | Latency: 0.60 ms
[INFO] [1790670250.079190325] [ego_subscriber]: Received from TM_4 | Latency: 0.73 ms
[INFO] [1790670250.079571086] [ego_subscriber]: Received from TM_8 | Latency: 0.39 ms
[INFO] [1790670250.079950340] [ego_subscriber]: Received from TM_7 | Latency: 0.57 ms
[INFO] [1790670250.081514324] [ego_subscriber]: Received from TM_6 | Latency: 0.43 ms
[INFO] [1790670250.085282383] [ego_subscriber]: Received from TM_4 | Latency: 0.45 ms
[INFO] [1790670250.086104970] [ego_subscriber]: Received from TM_1 | Latency: 0.56 ms
[INFO] [1790670250.088870713] [ego_subscriber]: Received from TM_3 | Latency: 0.80 ms
[INFO] [1790670250.090913712] [ego_subscriber]: Received from TM_1 | Latency: 0.64 ms
[INFO] [1790670250.091518641] [ego_subscriber]: Received from TM_2 | Latency: 0.35 ms
[INFO] [1790670250.093892858] [ego_subscriber]: Received from TM_9 | Latency: 0.43 ms
[INFO] [1790670250.097019695] [ego_subscriber]: Received from TM_9 | Latency: 0.50 ms
[INFO] [1790670250.104054561] [ego_subscriber]: Received from TM_7 | Latency: 0.69 ms
[INFO] [1790670250.107318459] [ego_subscriber]: Received from TM_3 | Latency: 0.62 ms
[INFO] [1790670250.109940709] [ego_subscriber]: Received from TM_4 | Latency: 0.60 ms
[INFO] [1790670250.111396929] [ego_subscriber]: Received from TM_5 | Latency: 0.49 ms
[INFO] [1790670250.126169875] [ego_subscriber]: Received from TM_8 | Latency: 0.73 ms
[INFO] [1790670250.146024808] [ego_subscriber]: Received from TM_5 | Latency: 0.58 ms
[INFO] [1790670250.146434384] [ego_subscriber]: Received from TM_3 | Latency: 0.54 ms
[INFO] [1790670250.149084300] [ego_subscriber]: Received from TM_8 | Latency: 0.54 ms
[INFO] [1790670250.149309203] [ego_subscriber]: Received from TM_6 | Latency: 0.46 ms
[INFO] [1790670250.150565476] [ego_subscriber]: Received from TM_2 | Latency: 0.51 ms
[INFO] [1790670250.152178494] [ego_subscriber]: Received from TM_1 | Latency: 0.50 ms
[INFO] [1790670250.155757973] [ego_subscriber]: Received from TM_7 | Latency: 0.51 ms
[INFO] [1790670250.164225952] [ego_subscriber]: Received from TM_6 | Latency: 0.66 ms
[INFO] [1790670250.166260230] [ego_subscriber]: Received from TM_9 | Latency: 0.40 ms
[INFO] [1790670250.170652486] [ego_subscriber]: Received from TM_2 | Latency: 0.69 ms
[INFO] [1790670250.171026121] [ego_subscriber]: Received from TM_5 | Latency: 0.41 ms
[INFO] [1790670250.178973121] [ego_subscriber]: Received from TM_4 | Latency: 0.53 ms
[INFO] [1790670250.179724686] [ego_subscriber]: Received from TM_8 | Latency: 0.52 ms
[INFO] [1790670250.179791647] [ego_subscriber]: Received from TM_7 | Latency: 0.41 ms
[INFO] [1790670250.181386047] [ego_subscriber]: Received from TM_6 | Latency: 0.30 ms
[INFO] [1790670250.185206516] [ego_subscriber]: Received from TM_4 | Latency: 0.37 ms
[INFO] [1790670250.185776123] [ego_subscriber]: Received from TM_1 | Latency: 0.37 ms
[INFO] [1790670250.188630641] [ego_subscriber]: Received from TM_3 | Latency: 0.56 ms
[INFO] [1790670250.190700492] [ego_subscriber]: Received from TM_1 | Latency: 0.47 ms
[INFO] [1790670250.191489282] [ego_subscriber]: Received from TM_2 | Latency: 0.48 ms
[INFO] [1790670250.193972626] [ego_subscriber]: Received from TM_9 | Latency: 0.49 ms
[INFO] [1790670250.197011483] [ego_subscriber]: Received from TM_9 | Latency: 0.47 ms
[INFO] [1790670250.204278048] [ego_subscriber]: Received from TM_7 | Latency: 0.76 ms
[INFO] [1790670250.207366103] [ego_subscriber]: Received from TM_3 | Latency: 0.68 ms
[INFO] [1790670250.209938397] [ego_subscriber]: Received from TM_4 | Latency: 0.60 ms
[INFO] [1790670250.211566375] [ego_subscriber]: Received from TM_5 | Latency: 0.66 ms
[INFO] [1790670250.226110339] [ego_subscriber]: Received from TM_8 | Latency: 0.64 ms
[INFO] [1790670250.246223548] [ego_subscriber]: Received from TM_5 | Latency: 0.78 ms
[INFO] [1790670250.246497724] [ego_subscriber]: Received from TM_3 | Latency: 0.58 ms
[INFO] [1790670250.249100374] [ego_subscriber]: Received from TM_8 | Latency: 0.51 ms
[INFO] [1790670250.249194897] [ego_subscriber]: Received from TM_6 | Latency: 0.36 ms
[INFO] [1790670250.250438040] [ego_subscriber]: Received from TM_2 | Latency: 0.47 ms
[INFO] [1790670250.252014716] [ego_subscriber]: Received from TM_1 | Latency: 0.32 ms
[INFO] [1790670250.255712889] [ego_subscriber]: Received from TM_7 | Latency: 0.47 ms
[INFO] [1790670250.264096397] [ego_subscriber]: Received from TM_6 | Latency: 0.49 ms
[INFO] [1790670250.266488092] [ego_subscriber]: Received from TM_9 | Latency: 0.62 ms
[INFO] [1790670250.270438747] [ego_subscriber]: Received from TM_2 | Latency: 0.47 ms
[INFO] [1790670250.271249873] [ego_subscriber]: Received from TM_5 | Latency: 0.63 ms
[INFO] [1790670250.279125748] [ego_subscriber]: Received from TM_4 | Latency: 0.65 ms
[INFO] [1790670250.279639828] [ego_subscriber]: Received from TM_8 | Latency: 0.45 ms
[INFO] [1790670250.279811913] [ego_subscriber]: Received from TM_7 | Latency: 0.43 ms
[INFO] [1790670250.281471084] [ego_subscriber]: Received from TM_6 | Latency: 0.38 ms
[INFO] [1790670250.285256146] [ego_subscriber]: Received from TM_4 | Latency: 0.40 ms
[INFO] [1790670250.285823357] [ego_subscriber]: Received from TM_1 | Latency: 0.33 ms
[INFO] [1790670250.288750275] [ego_subscriber]: Received from TM_3 | Latency: 0.66 ms
[INFO] [1790670250.290649718] [ego_subscriber]: Received from TM_1 | Latency: 0.44 ms
[INFO] [1790670250.291428937] [ego_subscriber]: Received from TM_2 | Latency: 0.39 ms
[INFO] [1790670250.293976794] [ego_subscriber]: Received from TM_9 | Latency: 0.49 ms
[INFO] [1790670250.297041344] [ego_subscriber]: Received from TM_9 | Latency: 0.51 ms
[INFO] [1790670250.304204001] [ego_subscriber]: Received from TM_7 | Latency: 0.67 ms
[INFO] [1790670250.307359952] [ego_subscriber]: Received from TM_3 | Latency: 0.68 ms
[INFO] [1790670250.309745732] [ego_subscriber]: Received from TM_4 | Latency: 0.42 ms
[INFO] [1790670250.311458602] [ego_subscriber]: Received from TM_5 | Latency: 0.55 ms
[INFO] [1790670250.326196866] [ego_subscriber]: Received from TM_8 | Latency: 0.76 ms
[INFO] [1790670250.346354012] [ego_subscriber]: Received from TM_5 | Latency: 0.93 ms
[INFO] [1790670250.346457120] [ego_subscriber]: Received from TM_3 | Latency: 0.57 ms
[INFO] [1790670250.349323830] [ego_subscriber]: Received from TM_8 | Latency: 0.77 ms
[INFO] [1790670250.349397699] [ego_subscriber]: Received from TM_6 | Latency: 0.55 ms
[INFO] [1790670250.350584278] [ego_subscriber]: Received from TM_2 | Latency: 0.55 ms
[INFO] [1790670250.352040838] [ego_subscriber]: Received from TM_1 | Latency: 0.41 ms
[INFO] [1790670250.355669374] [ego_subscriber]: Received from TM_7 | Latency: 0.42 ms
[INFO] [1790670250.364219216] [ego_subscriber]: Received from TM_6 | Latency: 0.65 ms
[INFO] [1790670250.366325825] [ego_subscriber]: Received from TM_9 | Latency: 0.43 ms
[INFO] [1790670250.370605899] [ego_subscriber]: Received from TM_2 | Latency: 0.64 ms
[INFO] [1790670250.371040675] [ego_subscriber]: Received from TM_5 | Latency: 0.43 ms
[INFO] [1790670250.379060731] [ego_subscriber]: Received from TM_4 | Latency: 0.65 ms
[INFO] [1790670250.379838251] [ego_subscriber]: Received from TM_8 | Latency: 0.69 ms
[INFO] [1790670250.379888498] [ego_subscriber]: Received from TM_7 | Latency: 0.51 ms
[INFO] [1790670250.381460146] [ego_subscriber]: Received from TM_6 | Latency: 0.35 ms
[INFO] [1790670250.385401962] [ego_subscriber]: Received from TM_4 | Latency: 0.58 ms
[INFO] [1790670250.385875459] [ego_subscriber]: Received from TM_1 | Latency: 0.45 ms
[INFO] [1790670250.388893475] [ego_subscriber]: Received from TM_3 | Latency: 0.80 ms
[INFO] [1790670250.390585888] [ego_subscriber]: Received from TM_1 | Latency: 0.39 ms
[INFO] [1790670250.391323101] [ego_subscriber]: Received from TM_2 | Latency: 0.33 ms
[INFO] [1790670250.393853621] [ego_subscriber]: Received from TM_9 | Latency: 0.40 ms
[INFO] [1790670250.396856829] [ego_subscriber]: Received from TM_9 | Latency: 0.33 ms
[INFO] [1790670250.404238853] [ego_subscriber]: Received from TM_7 | Latency: 0.77 ms
[INFO] [1790670250.407131710] [ego_subscriber]: Received from TM_3 | Latency: 0.45 ms
[INFO] [1790670250.409837889] [ego_subscriber]: Received from TM_4 | Latency: 0.51 ms
[INFO] [1790670250.411314779] [ego_subscriber]: Received from TM_5 | Latency: 0.42 ms
[INFO] [1790670250.426204527] [ego_subscriber]: Received from TM_8 | Latency: 0.77 ms
[INFO] [1790670250.445984255] [ego_subscriber]: Received from TM_5 | Latency: 0.59 ms
[INFO] [1790670250.446477224] [ego_subscriber]: Received from TM_3 | Latency: 0.57 ms
[INFO] [1790670250.449312988] [ego_subscriber]: Received from TM_8 | Latency: 0.73 ms
[INFO] [1790670250.449372911] [ego_subscriber]: Received from TM_6 | Latency: 0.54 ms
[INFO] [1790670250.450343593] [ego_subscriber]: Received from TM_2 | Latency: 0.36 ms
[INFO] [1790670250.452248799] [ego_subscriber]: Received from TM_1 | Latency: 0.60 ms
[INFO] [1790670250.455774874] [ego_subscriber]: Received from TM_7 | Latency: 0.52 ms
[INFO] [1790670250.464069245] [ego_subscriber]: Received from TM_6 | Latency: 0.49 ms
[INFO] [1790670250.466341462] [ego_subscriber]: Received from TM_9 | Latency: 0.45 ms
[INFO] [1790670250.470501178] [ego_subscriber]: Received from TM_2 | Latency: 0.52 ms
[INFO] [1790670250.471064762] [ego_subscriber]: Received from TM_5 | Latency: 0.47 ms
[INFO] [1790670250.478995108] [ego_subscriber]: Received from TM_4 | Latency: 0.55 ms
[INFO] [1790670250.479603432] [ego_subscriber]: Received from TM_8 | Latency: 0.40 ms
[INFO] [1790670250.479826542] [ego_subscriber]: Received from TM_7 | Latency: 0.46 ms
[INFO] [1790670250.481477899] [ego_subscriber]: Received from TM_6 | Latency: 0.33 ms
[INFO] [1790670250.485298584] [ego_subscriber]: Received from TM_4 | Latency: 0.47 ms
[INFO] [1790670250.485845057] [ego_subscriber]: Received from TM_1 | Latency: 0.42 ms
[INFO] [1790670250.488843093] [ego_subscriber]: Received from TM_3 | Latency: 0.74 ms
[INFO] [1790670250.490483936] [ego_subscriber]: Received from TM_1 | Latency: 0.26 ms
[INFO] [1790670250.491328229] [ego_subscriber]: Received from TM_2 | Latency: 0.31 ms
[INFO] [1790670250.493799892] [ego_subscriber]: Received from TM_9 | Latency: 0.31 ms
[INFO] [1790670250.497078076] [ego_subscriber]: Received from TM_9 | Latency: 0.51 ms
[INFO] [1790670250.504055980] [ego_subscriber]: Received from TM_7 | Latency: 0.56 ms
[INFO] [1790670250.507174138] [ego_subscriber]: Received from TM_3 | Latency: 0.46 ms
[INFO] [1790670250.509744927] [ego_subscriber]: Received from TM_4 | Latency: 0.41 ms
[INFO] [1790670250.511361457] [ego_subscriber]: Received from TM_5 | Latency: 0.42 ms
[INFO] [1790670250.526103628] [ego_subscriber]: Received from TM_8 | Latency: 0.61 ms
[INFO] [1790670250.545970273] [ego_subscriber]: Received from TM_5 | Latency: 0.54 ms
[INFO] [1790670250.546238352] [ego_subscriber]: Received from TM_3 | Latency: 0.33 ms
[INFO] [1790670250.549302287] [ego_subscriber]: Received from TM_8 | Latency: 0.69 ms
[INFO] [1790670250.549368276] [ego_subscriber]: Received from TM_6 | Latency: 0.51 ms
[INFO] [1790670250.550549750] [ego_subscriber]: Received from TM_2 | Latency: 0.56 ms
[INFO] [1790670250.552053575] [ego_subscriber]: Received from TM_1 | Latency: 0.42 ms
[INFO] [1790670250.555978813] [ego_subscriber]: Received from TM_7 | Latency: 0.68 ms
[INFO] [1790670250.564006503] [ego_subscriber]: Received from TM_6 | Latency: 0.43 ms
[INFO] [1790670250.566261646] [ego_subscriber]: Received from TM_9 | Latency: 0.35 ms
[INFO] [1790670250.570493882] [ego_subscriber]: Received from TM_2 | Latency: 0.54 ms
[INFO] [1790670250.571090748] [ego_subscriber]: Received from TM_5 | Latency: 0.48 ms
[INFO] [1790670250.578970336] [ego_subscriber]: Received from TM_4 | Latency: 0.49 ms
[INFO] [1790670250.579803829] [ego_subscriber]: Received from TM_8 | Latency: 0.59 ms
[INFO] [1790670250.579878296] [ego_subscriber]: Received from TM_7 | Latency: 0.50 ms
[INFO] [1790670250.581570502] [ego_subscriber]: Received from TM_6 | Latency: 0.43 ms
[INFO] [1790670250.585483986] [ego_subscriber]: Received from TM_4 | Latency: 0.63 ms
[INFO] [1790670250.585805297] [ego_subscriber]: Received from TM_1 | Latency: 0.38 ms
[INFO] [1790670250.588856578] [ego_subscriber]: Received from TM_3 | Latency: 0.73 ms
[INFO] [1790670250.590541651] [ego_subscriber]: Received from TM_1 | Latency: 0.33 ms
[INFO] [1790670250.591355634] [ego_subscriber]: Received from TM_2 | Latency: 0.34 ms
[INFO] [1790670250.593824109] [ego_subscriber]: Received from TM_9 | Latency: 0.32 ms
[INFO] [1790670250.596976085] [ego_subscriber]: Received from TM_9 | Latency: 0.39 ms
[INFO] [1790670250.604243347] [ego_subscriber]: Received from TM_7 | Latency: 0.70 ms
[INFO] [1790670250.607305460] [ego_subscriber]: Received from TM_3 | Latency: 0.59 ms
[INFO] [1790670250.609666496] [ego_subscriber]: Received from TM_4 | Latency: 0.38 ms
[INFO] [1790670250.611412573] [ego_subscriber]: Received from TM_5 | Latency: 0.46 ms
[INFO] [1790670250.626234694] [ego_subscriber]: Received from TM_8 | Latency: 0.77 ms
[INFO] [1790670250.646148307] [ego_subscriber]: Received from TM_5 | Latency: 0.73 ms
[INFO] [1790670250.646414381] [ego_subscriber]: Received from TM_3 | Latency: 0.48 ms
[INFO] [1790670250.649301801] [ego_subscriber]: Received from TM_8 | Latency: 0.72 ms
[INFO] [1790670250.649359175] [ego_subscriber]: Received from TM_6 | Latency: 0.48 ms
[INFO] [1790670250.650527764] [ego_subscriber]: Received from TM_2 | Latency: 0.50 ms
[INFO] [1790670250.652090558] [ego_subscriber]: Received from TM_1 | Latency: 0.41 ms
[INFO] [1790670250.655880054] [ego_subscriber]: Received from TM_7 | Latency: 0.59 ms
[INFO] [1790670250.664234960] [ego_subscriber]: Received from TM_6 | Latency: 0.65 ms
[INFO] [1790670250.666485217] [ego_subscriber]: Received from TM_9 | Latency: 0.59 ms
[INFO] [1790670250.670631144] [ego_subscriber]: Received from TM_2 | Latency: 0.63 ms
[INFO] [1790670250.671037964] [ego_subscriber]: Received from TM_5 | Latency: 0.42 ms
[INFO] [1790670250.679037055] [ego_subscriber]: Received from TM_4 | Latency: 0.58 ms
[INFO] [1790670250.679835085] [ego_subscriber]: Received from TM_8 | Latency: 0.62 ms
[INFO] [1790670250.679884321] [ego_subscriber]: Received from TM_7 | Latency: 0.50 ms
[INFO] [1790670250.681509046] [ego_subscriber]: Received from TM_6 | Latency: 0.38 ms
[INFO] [1790670250.685211512] [ego_subscriber]: Received from TM_4 | Latency: 0.37 ms
[INFO] [1790670250.685912032] [ego_subscriber]: Received from TM_1 | Latency: 0.42 ms
[INFO] [1790670250.688692400] [ego_subscriber]: Received from TM_3 | Latency: 0.50 ms
[INFO] [1790670250.690721200] [ego_subscriber]: Received from TM_1 | Latency: 0.50 ms
[INFO] [1790670250.691433074] [ego_subscriber]: Received from TM_2 | Latency: 0.34 ms
[INFO] [1790670250.693949172] [ego_subscriber]: Received from TM_9 | Latency: 0.50 ms
[INFO] [1790670250.696891915] [ego_subscriber]: Received from TM_9 | Latency: 0.34 ms
[INFO] [1790670250.704280528] [ego_subscriber]: Received from TM_7 | Latency: 0.80 ms
[INFO] [1790670250.707242400] [ego_subscriber]: Received from TM_3 | Latency: 0.52 ms
[INFO] [1790670250.709949857] [ego_subscriber]: Received from TM_4 | Latency: 0.63 ms
[INFO] [1790670250.711381250] [ego_subscriber]: Received from TM_5 | Latency: 0.47 ms
[INFO] [1790670250.726048833] [ego_subscriber]: Received from TM_8 | Latency: 0.55 ms
[INFO] [1790670250.746262430] [ego_subscriber]: Received from TM_5 | Latency: 0.80 ms
[INFO] [1790670250.746426264] [ego_subscriber]: Received from TM_3 | Latency: 0.49 ms
[INFO] [1790670250.749185409] [ego_subscriber]: Received from TM_8 | Latency: 0.58 ms
[INFO] [1790670250.749264261] [ego_subscriber]: Received from TM_6 | Latency: 0.37 ms
[INFO] [1790670250.750448732] [ego_subscriber]: Received from TM_2 | Latency: 0.42 ms
[INFO] [1790670250.752113625] [ego_subscriber]: Received from TM_1 | Latency: 0.43 ms
[INFO] [1790670250.755729920] [ego_subscriber]: Received from TM_7 | Latency: 0.47 ms
[INFO] [1790670250.764015585] [ego_subscriber]: Received from TM_6 | Latency: 0.40 ms
[INFO] [1790670250.766318539] [ego_subscriber]: Received from TM_9 | Latency: 0.43 ms
[INFO] [1790670250.770413377] [ego_subscriber]: Received from TM_2 | Latency: 0.42 ms
[INFO] [1790670250.771003591] [ego_subscriber]: Received from TM_5 | Latency: 0.39 ms
[INFO] [1790670250.778937332] [ego_subscriber]: Received from TM_4 | Latency: 0.45 ms
[INFO] [1790670250.779774692] [ego_subscriber]: Received from TM_8 | Latency: 0.54 ms
[INFO] [1790670250.779847621] [ego_subscriber]: Received from TM_7 | Latency: 0.33 ms
[INFO] [1790670250.781486632] [ego_subscriber]: Received from TM_6 | Latency: 0.32 ms
[INFO] [1790670250.785376351] [ego_subscriber]: Received from TM_4 | Latency: 0.60 ms
[INFO] [1790670250.785831031] [ego_subscriber]: Received from TM_1 | Latency: 0.34 ms
[INFO] [1790670250.788882027] [ego_subscriber]: Received from TM_3 | Latency: 0.77 ms
[INFO] [1790670250.790500837] [ego_subscriber]: Received from TM_1 | Latency: 0.28 ms
[INFO] [1790670250.791639287] [ego_subscriber]: Received from TM_2 | Latency: 0.47 ms
[INFO] [1790670250.793843952] [ego_subscriber]: Received from TM_9 | Latency: 0.37 ms
[INFO] [1790670250.797199534] [ego_subscriber]: Received from TM_9 | Latency: 0.63 ms
[INFO] [1790670250.803879769] [ego_subscriber]: Received from TM_7 | Latency: 0.40 ms
[INFO] [1790670250.807344765] [ego_subscriber]: Received from TM_3 | Latency: 0.59 ms
[INFO] [1790670250.809695527] [ego_subscriber]: Received from TM_4 | Latency: 0.39 ms
[INFO] [1790670250.811337932] [ego_subscriber]: Received from TM_5 | Latency: 0.36 ms
[INFO] [1790670250.826063919] [ego_subscriber]: Received from TM_8 | Latency: 0.55 ms
[INFO] [1790670250.846312721] [ego_subscriber]: Received from TM_5 | Latency: 0.85 ms
[INFO] [1790670250.846487532] [ego_subscriber]: Received from TM_3 | Latency: 0.56 ms
[INFO] [1790670250.849093964] [ego_subscriber]: Received from TM_8 | Latency: 0.49 ms
[INFO] [1790670250.849183919] [ego_subscriber]: Received from TM_6 | Latency: 0.30 ms
[INFO] [1790670250.850454488] [ego_subscriber]: Received from TM_2 | Latency: 0.41 ms
[INFO] [1790670250.852226782] [ego_subscriber]: Received from TM_1 | Latency: 0.56 ms
[INFO] [1790670250.856023013] [ego_subscriber]: Received from TM_7 | Latency: 0.66 ms
[INFO] [1790670250.864104553] [ego_subscriber]: Received from TM_6 | Latency: 0.47 ms
[INFO] [1790670250.866291057] [ego_subscriber]: Received from TM_9 | Latency: 0.41 ms
[INFO] [1790670250.870459150] [ego_subscriber]: Received from TM_2 | Latency: 0.44 ms
[INFO] [1790670250.871223627] [ego_subscriber]: Received from TM_5 | Latency: 0.62 ms
[INFO] [1790670250.879187419] [ego_subscriber]: Received from TM_4 | Latency: 0.76 ms
[INFO] [1790670250.879642572] [ego_subscriber]: Received from TM_8 | Latency: 0.40 ms
[INFO] [1790670250.879870630] [ego_subscriber]: Received from TM_7 | Latency: 0.42 ms
[INFO] [1790670250.881461917] [ego_subscriber]: Received from TM_6 | Latency: 0.28 ms
[INFO] [1790670250.885193885] [ego_subscriber]: Received from TM_4 | Latency: 0.37 ms
[INFO] [1790670250.885863654] [ego_subscriber]: Received from TM_1 | Latency: 0.32 ms
[INFO] [1790670250.888744963] [ego_subscriber]: Received from TM_3 | Latency: 0.59 ms
[INFO] [1790670250.890551495] [ego_subscriber]: Received from TM_1 | Latency: 0.34 ms
[INFO] [1790670250.891386914] [ego_subscriber]: Received from TM_2 | Latency: 0.34 ms
[INFO] [1790670250.893827849] [ego_subscriber]: Received from TM_9 | Latency: 0.37 ms
[INFO] [1790670250.897071146] [ego_subscriber]: Received from TM_9 | Latency: 0.49 ms
[INFO] [1790670250.904168267] [ego_subscriber]: Received from TM_7 | Latency: 0.55 ms
[INFO] [1790670250.907219619] [ego_subscriber]: Received from TM_3 | Latency: 0.48 ms
[INFO] [1790670250.909835849] [ego_subscriber]: Received from TM_4 | Latency: 0.52 ms
[INFO] [1790670250.911347357] [ego_subscriber]: Received from TM_5 | Latency: 0.44 ms
[INFO] [1790670250.926071480] [ego_subscriber]: Received from TM_8 | Latency: 0.58 ms
[INFO] [1790670250.946016708] [ego_subscriber]: Received from TM_5 | Latency: 0.54 ms
[INFO] [1790670250.946481882] [ego_subscriber]: Received from TM_3 | Latency: 0.51 ms
[INFO] [1790670250.949085248] [ego_subscriber]: Received from TM_8 | Latency: 0.47 ms
[INFO] [1790670250.949473725] [ego_subscriber]: Received from TM_6 | Latency: 0.58 ms
[INFO] [1790670250.950565738] [ego_subscriber]: Received from TM_2 | Latency: 0.40 ms
[INFO] [1790670250.952163814] [ego_subscriber]: Received from TM_1 | Latency: 0.50 ms
[INFO] [1790670250.955716565] [ego_subscriber]: Received from TM_7 | Latency: 0.37 ms
[INFO] [1790670250.964085710] [ego_subscriber]: Received from TM_6 | Latency: 0.48 ms
[INFO] [1790670250.966341692] [ego_subscriber]: Received from TM_9 | Latency: 0.47 ms
[INFO] [1790670250.970416718] [ego_subscriber]: Received from TM_2 | Latency: 0.42 ms
[INFO] [1790670250.970966349] [ego_subscriber]: Received from TM_5 | Latency: 0.36 ms
[INFO] [1790670250.978940247] [ego_subscriber]: Received from TM_4 | Latency: 0.47 ms
[INFO] [1790670250.979622426] [ego_subscriber]: Received from TM_8 | Latency: 0.37 ms
[INFO] [1790670250.979761059] [ego_subscriber]: Received from TM_7 | Latency: 0.30 ms
[INFO] [1790670250.981614531] [ego_subscriber]: Received from TM_6 | Latency: 0.44 ms
[INFO] [1790670250.985205769] [ego_subscriber]: Received from TM_4 | Latency: 0.37 ms
[INFO] [1790670250.985963093] [ego_subscriber]: Received from TM_1 | Latency: 0.46 ms
[INFO] [1790670250.988754561] [ego_subscriber]: Received from TM_3 | Latency: 0.66 ms
[INFO] [1790670250.990773235] [ego_subscriber]: Received from TM_1 | Latency: 0.57 ms
[INFO] [1790670250.991365293] [ego_subscriber]: Received from TM_2 | Latency: 0.30 ms
[INFO] [1790670250.994050359] [ego_subscriber]: Received from TM_9 | Latency: 0.55 ms
[INFO] [1790670250.996975978] [ego_subscriber]: Received from TM_9 | Latency: 0.38 ms
[INFO] [1790670251.004066038] [ego_subscriber]: Received from TM_7 | Latency: 0.54 ms
[INFO] [1790670251.007165094] [ego_subscriber]: Received from TM_3 | Latency: 0.39 ms
[INFO] [1790670251.009729500] [ego_subscriber]: Received from TM_4 | Latency: 0.41 ms
[INFO] [1790670251.011292968] [ego_subscriber]: Received from TM_5 | Latency: 0.37 ms
[INFO] [1790670251.026322428] [ego_subscriber]: Received from TM_8 | Latency: 0.81 ms
[INFO] [1790670251.045994337] [ego_subscriber]: Received from TM_5 | Latency: 0.56 ms
[INFO] [1790670251.046586235] [ego_subscriber]: Received from TM_3 | Latency: 0.62 ms
[INFO] [1790670251.049066086] [ego_subscriber]: Received from TM_8 | Latency: 0.45 ms
[INFO] [1790670251.049418750] [ego_subscriber]: Received from TM_6 | Latency: 0.51 ms
[INFO] [1790670251.050620565] [ego_subscriber]: Received from TM_2 | Latency: 0.53 ms
[INFO] [1790670251.052016953] [ego_subscriber]: Received from TM_1 | Latency: 0.34 ms
[INFO] [1790670251.055894514] [ego_subscriber]: Received from TM_7 | Latency: 0.57 ms
[INFO] [1790670251.064087626] [ego_subscriber]: Received from TM_6 | Latency: 0.47 ms
[INFO] [1790670251.066448018] [ego_subscriber]: Received from TM_9 | Latency: 0.57 ms
[INFO] [1790670251.070597055] [ego_subscriber]: Received from TM_2 | Latency: 0.57 ms
[INFO] [1790670251.071035715] [ego_subscriber]: Received from TM_5 | Latency: 0.40 ms
[INFO] [1790670251.078975325] [ego_subscriber]: Received from TM_4 | Latency: 0.52 ms
[INFO] [1790670251.079792464] [ego_subscriber]: Received from TM_8 | Latency: 0.60 ms
[INFO] [1790670251.079936875] [ego_subscriber]: Received from TM_7 | Latency: 0.50 ms
[INFO] [1790670251.081618949] [ego_subscriber]: Received from TM_6 | Latency: 0.43 ms
[INFO] [1790670251.085443989] [ego_subscriber]: Received from TM_4 | Latency: 0.61 ms
[INFO] [1790670251.085827021] [ego_subscriber]: Received from TM_1 | Latency: 0.30 ms
[INFO] [1790670251.088591101] [ego_subscriber]: Received from TM_3 | Latency: 0.48 ms
[INFO] [1790670251.090795089] [ego_subscriber]: Received from TM_1 | Latency: 0.58 ms
[INFO] [1790670251.091433731] [ego_subscriber]: Received from TM_2 | Latency: 0.36 ms
[INFO] [1790670251.094229864] [ego_subscriber]: Received from TM_9 | Latency: 0.76 ms
[INFO] [1790670251.096967598] [ego_subscriber]: Received from TM_9 | Latency: 0.42 ms
[INFO] [1790670251.104215563] [ego_subscriber]: Received from TM_7 | Latency: 0.65 ms
[INFO] [1790670251.107535045] [ego_subscriber]: Received from TM_3 | Latency: 0.79 ms
[INFO] [1790670251.110001794] [ego_subscriber]: Received from TM_4 | Latency: 0.68 ms
[INFO] [1790670251.111311504] [ego_subscriber]: Received from TM_5 | Latency: 0.38 ms
[INFO] [1790670251.126316036] [ego_subscriber]: Received from TM_8 | Latency: 0.79 ms
[INFO] [1790670251.146197692] [ego_subscriber]: Received from TM_5 | Latency: 0.75 ms
[INFO] [1790670251.147622321] [ego_subscriber]: Received from TM_3 | Latency: 1.64 ms
[INFO] [1790670251.149259800] [ego_subscriber]: Received from TM_8 | Latency: 0.64 ms
[INFO] [1790670251.149355579] [ego_subscriber]: Received from TM_6 | Latency: 0.42 ms
[INFO] [1790670251.150517977] [ego_subscriber]: Received from TM_2 | Latency: 0.41 ms
[INFO] [1790670251.152241109] [ego_subscriber]: Received from TM_1 | Latency: 0.52 ms
[INFO] [1790670251.155763574] [ego_subscriber]: Received from TM_7 | Latency: 0.42 ms
[INFO] [1790670251.164333872] [ego_subscriber]: Received from TM_6 | Latency: 0.70 ms
[INFO] [1790670251.166443915] [ego_subscriber]: Received from TM_9 | Latency: 0.57 ms
[INFO] [1790670251.170817432] [ego_subscriber]: Received from TM_2 | Latency: 0.72 ms
[INFO] [1790670251.171019658] [ego_subscriber]: Received from TM_5 | Latency: 0.41 ms
[INFO] [1790670251.179131384] [ego_subscriber]: Received from TM_4 | Latency: 0.70 ms
[INFO] [1790670251.179743767] [ego_subscriber]: Received from TM_8 | Latency: 0.48 ms
[INFO] [1790670251.179942753] [ego_subscriber]: Received from TM_7 | Latency: 0.51 ms
[INFO] [1790670251.181436727] [ego_subscriber]: Received from TM_6 | Latency: 0.26 ms
[INFO] [1790670251.185357330] [ego_subscriber]: Received from TM_4 | Latency: 0.51 ms
[INFO] [1790670251.185863586] [ego_subscriber]: Received from TM_1 | Latency: 0.36 ms
[INFO] [1790670251.188814752] [ego_subscriber]: Received from TM_3 | Latency: 0.60 ms
[INFO] [1790670251.190714298] [ego_subscriber]: Received from TM_1 | Latency: 0.47 ms
[INFO] [1790670251.191763047] [ego_subscriber]: Received from TM_2 | Latency: 0.62 ms
[INFO] [1790670251.193887539] [ego_subscriber]: Received from TM_9 | Latency: 0.39 ms
[INFO] [1790670251.196981049] [ego_subscriber]: Received from TM_9 | Latency: 0.43 ms
[INFO] [1790670251.203910443] [ego_subscriber]: Received from TM_7 | Latency: 0.38 ms
[INFO] [1790670251.207223806] [ego_subscriber]: Received from TM_3 | Latency: 0.49 ms
[INFO] [1790670251.209760535] [ego_subscriber]: Received from TM_4 | Latency: 0.45 ms
[INFO] [1790670251.211419169] [ego_subscriber]: Received from TM_5 | Latency: 0.50 ms
[INFO] [1790670251.226096140] [ego_subscriber]: Received from TM_8 | Latency: 0.57 ms
[INFO] [1790670251.246020235] [ego_subscriber]: Received from TM_5 | Latency: 0.58 ms
[INFO] [1790670251.246488106] [ego_subscriber]: Received from TM_3 | Latency: 0.49 ms
[INFO] [1790670251.249108599] [ego_subscriber]: Received from TM_8 | Latency: 0.48 ms
[INFO] [1790670251.249252137] [ego_subscriber]: Received from TM_6 | Latency: 0.33 ms
[INFO] [1790670251.250461588] [ego_subscriber]: Received from TM_2 | Latency: 0.39 ms
[INFO] [1790670251.252043112] [ego_subscriber]: Received from TM_1 | Latency: 0.35 ms
[INFO] [1790670251.255715368] [ego_subscriber]: Received from TM_7 | Latency: 0.38 ms
[INFO] [1790670251.264099245] [ego_subscriber]: Received from TM_6 | Latency: 0.45 ms
[INFO] [1790670251.266237299] [ego_subscriber]: Received from TM_9 | Latency: 0.34 ms
[INFO] [1790670251.270562679] [ego_subscriber]: Received from TM_2 | Latency: 0.52 ms
[INFO] [1790670251.271012130] [ego_subscriber]: Received from TM_5 | Latency: 0.39 ms
[INFO] [1790670251.278859348] [ego_subscriber]: Received from TM_4 | Latency: 0.41 ms
[INFO] [1790670251.279698524] [ego_subscriber]: Received from TM_8 | Latency: 0.40 ms
[INFO] [1790670251.279886958] [ego_subscriber]: Received from TM_7 | Latency: 0.44 ms
[INFO] [1790670251.281431073] [ego_subscriber]: Received from TM_6 | Latency: 0.24 ms
[INFO] [1790670251.285159027] [ego_subscriber]: Received from TM_4 | Latency: 0.32 ms
[INFO] [1790670251.285975080] [ego_subscriber]: Received from TM_1 | Latency: 0.42 ms
[INFO] [1790670251.288752210] [ego_subscriber]: Received from TM_3 | Latency: 0.59 ms
[INFO] [1790670251.290626535] [ego_subscriber]: Received from TM_1 | Latency: 0.37 ms
[INFO] [1790670251.291488487] [ego_subscriber]: Received from TM_2 | Latency: 0.36 ms
[INFO] [1790670251.293809385] [ego_subscriber]: Received from TM_9 | Latency: 0.33 ms
[INFO] [1790670251.296895134] [ego_subscriber]: Received from TM_9 | Latency: 0.31 ms
[INFO] [1790670251.303964501] [ego_subscriber]: Received from TM_7 | Latency: 0.41 ms
[INFO] [1790670251.307223755] [ego_subscriber]: Received from TM_3 | Latency: 0.45 ms
[INFO] [1790670251.309745052] [ego_subscriber]: Received from TM_4 | Latency: 0.40 ms
[INFO] [1790670251.311311252] [ego_subscriber]: Received from TM_5 | Latency: 0.37 ms
[INFO] [1790670251.326133692] [ego_subscriber]: Received from TM_8 | Latency: 0.60 ms
[INFO] [1790670251.346021650] [ego_subscriber]: Received from TM_5 | Latency: 0.59 ms
[INFO] [1790670251.346419607] [ego_subscriber]: Received from TM_3 | Latency: 0.43 ms
[INFO] [1790670251.349072232] [ego_subscriber]: Received from TM_8 | Latency: 0.44 ms
[INFO] [1790670251.349282413] [ego_subscriber]: Received from TM_6 | Latency: 0.33 ms
[INFO] [1790670251.350498656] [ego_subscriber]: Received from TM_2 | Latency: 0.43 ms
[INFO] [1790670251.352076263] [ego_subscriber]: Received from TM_1 | Latency: 0.39 ms
[INFO] [1790670251.355814642] [ego_subscriber]: Received from TM_7 | Latency: 0.46 ms
[INFO] [1790670251.364122427] [ego_subscriber]: Received from TM_6 | Latency: 0.47 ms
[INFO] [1790670251.366262807] [ego_subscriber]: Received from TM_9 | Latency: 0.35 ms
[INFO] [1790670251.370462838] [ego_subscriber]: Received from TM_2 | Latency: 0.41 ms
[INFO] [1790670251.371039254] [ego_subscriber]: Received from TM_5 | Latency: 0.42 ms
[INFO] [1790670251.379062911] [ego_subscriber]: Received from TM_4 | Latency: 0.59 ms
[INFO] [1790670251.379752590] [ego_subscriber]: Received from TM_8 | Latency: 0.45 ms
[INFO] [1790670251.379816389] [ego_subscriber]: Received from TM_7 | Latency: 0.46 ms
[INFO] [1790670251.381513536] [ego_subscriber]: Received from TM_6 | Latency: 0.30 ms
[INFO] [1790670251.385180505] [ego_subscriber]: Received from TM_4 | Latency: 0.35 ms
[INFO] [1790670251.385947568] [ego_subscriber]: Received from TM_1 | Latency: 0.44 ms
[INFO] [1790670251.388759290] [ego_subscriber]: Received from TM_3 | Latency: 0.58 ms
[INFO] [1790670251.390676321] [ego_subscriber]: Received from TM_1 | Latency: 0.43 ms
[INFO] [1790670251.391623332] [ego_subscriber]: Received from TM_2 | Latency: 0.50 ms
[INFO] [1790670251.394028632] [ego_subscriber]: Received from TM_9 | Latency: 0.52 ms
[INFO] [1790670251.396885785] [ego_subscriber]: Received from TM_9 | Latency: 0.31 ms
[INFO] [1790670251.404044557] [ego_subscriber]: Received from TM_7 | Latency: 0.44 ms
[INFO] [1790670251.407160030] [ego_subscriber]: Received from TM_3 | Latency: 0.41 ms
[INFO] [1790670251.409740011] [ego_subscriber]: Received from TM_4 | Latency: 0.42 ms
[INFO] [1790670251.411319522] [ego_subscriber]: Received from TM_5 | Latency: 0.40 ms
[INFO] [1790670251.426151758] [ego_subscriber]: Received from TM_8 | Latency: 0.60 ms
[INFO] [1790670251.445967658] [ego_subscriber]: Received from TM_5 | Latency: 0.52 ms
[INFO] [1790670251.446403785] [ego_subscriber]: Received from TM_3 | Latency: 0.41 ms
[INFO] [1790670251.449281710] [ego_subscriber]: Received from TM_8 | Latency: 0.61 ms
[INFO] [1790670251.449451777] [ego_subscriber]: Received from TM_6 | Latency: 0.49 ms
[INFO] [1790670251.450548338] [ego_subscriber]: Received from TM_2 | Latency: 0.44 ms
[INFO] [1790670251.452018613] [ego_subscriber]: Received from TM_1 | Latency: 0.34 ms
[INFO] [1790670251.455883416] [ego_subscriber]: Received from TM_7 | Latency: 0.55 ms
[INFO] [1790670251.464042547] [ego_subscriber]: Received from TM_6 | Latency: 0.36 ms
[INFO] [1790670251.466442399] [ego_subscriber]: Received from TM_9 | Latency: 0.56 ms
[INFO] [1790670251.470756223] [ego_subscriber]: Received from TM_2 | Latency: 0.65 ms
[INFO] [1790670251.471127772] [ego_subscriber]: Received from TM_5 | Latency: 0.52 ms
[INFO] [1790670251.478949662] [ego_subscriber]: Received from TM_4 | Latency: 0.48 ms
[INFO] [1790670251.479966843] [ego_subscriber]: Received from TM_8 | Latency: 0.64 ms
[INFO] [1790670251.480038409] [ego_subscriber]: Received from TM_7 | Latency: 0.59 ms
[INFO] [1790670251.481769237] [ego_subscriber]: Received from TM_6 | Latency: 0.52 ms
[INFO] [1790670251.485277191] [ego_subscriber]: Received from TM_4 | Latency: 0.44 ms
[INFO] [1790670251.485939753] [ego_subscriber]: Received from TM_1 | Latency: 0.39 ms
[INFO] [1790670251.489166598] [ego_subscriber]: Received from TM_3 | Latency: 0.87 ms
[INFO] [1790670251.490771096] [ego_subscriber]: Received from TM_1 | Latency: 0.53 ms
[INFO] [1790670251.491423274] [ego_subscriber]: Received from TM_2 | Latency: 0.32 ms
[INFO] [1790670251.494154772] [ego_subscriber]: Received from TM_9 | Latency: 0.65 ms
[INFO] [1790670251.497187800] [ego_subscriber]: Received from TM_9 | Latency: 0.60 ms
[INFO] [1790670251.504286924] [ego_subscriber]: Received from TM_7 | Latency: 0.72 ms
[INFO] [1790670251.507491087] [ego_subscriber]: Received from TM_3 | Latency: 0.69 ms
[INFO] [1790670251.509945227] [ego_subscriber]: Received from TM_4 | Latency: 0.59 ms
[INFO] [1790670251.511463582] [ego_subscriber]: Received from TM_5 | Latency: 0.56 ms
[INFO] [1790670251.526370403] [ego_subscriber]: Received from TM_8 | Latency: 0.79 ms
[INFO] [1790670251.546004430] [ego_subscriber]: Received from TM_5 | Latency: 0.55 ms
[INFO] [1790670251.546485135] [ego_subscriber]: Received from TM_3 | Latency: 0.48 ms
[INFO] [1790670251.549191769] [ego_subscriber]: Received from TM_8 | Latency: 0.55 ms
[INFO] [1790670251.549598430] [ego_subscriber]: Received from TM_6 | Latency: 0.64 ms
[INFO] [1790670251.550581441] [ego_subscriber]: Received from TM_2 | Latency: 0.44 ms
[INFO] [1790670251.552208020] [ego_subscriber]: Received from TM_1 | Latency: 0.49 ms
[INFO] [1790670251.555735714] [ego_subscriber]: Received from TM_7 | Latency: 0.39 ms
[INFO] [1790670251.564356251] [ego_subscriber]: Received from TM_6 | Latency: 0.67 ms
[INFO] [1790670251.566514667] [ego_subscriber]: Received from TM_9 | Latency: 0.60 ms
[INFO] [1790670251.570751678] [ego_subscriber]: Received from TM_2 | Latency: 0.66 ms
[INFO] [1790670251.571112743] [ego_subscriber]: Received from TM_5 | Latency: 0.46 ms
[INFO] [1790670251.578908215] [ego_subscriber]: Received from TM_4 | Latency: 0.46 ms
[INFO] [1790670251.579966096] [ego_subscriber]: Received from TM_8 | Latency: 0.63 ms
[INFO] [1790670251.580032323] [ego_subscriber]: Received from TM_7 | Latency: 0.56 ms
[INFO] [1790670251.581694534] [ego_subscriber]: Received from TM_6 | Latency: 0.45 ms
[INFO] [1790670251.585392679] [ego_subscriber]: Received from TM_4 | Latency: 0.56 ms
[INFO] [1790670251.585995389] [ego_subscriber]: Received from TM_1 | Latency: 0.56 ms
[INFO] [1790670251.588963295] [ego_subscriber]: Received from TM_3 | Latency: 0.69 ms
[INFO] [1790670251.590699082] [ego_subscriber]: Received from TM_1 | Latency: 0.49 ms
[INFO] [1790670251.591476710] [ego_subscriber]: Received from TM_2 | Latency: 0.31 ms
[INFO] [1790670251.593975457] [ego_subscriber]: Received from TM_9 | Latency: 0.49 ms
[INFO] [1790670251.597084892] [ego_subscriber]: Received from TM_9 | Latency: 0.53 ms
[INFO] [1790670251.604268200] [ego_subscriber]: Received from TM_7 | Latency: 0.70 ms
[INFO] [1790670251.607401238] [ego_subscriber]: Received from TM_3 | Latency: 0.61 ms
[INFO] [1790670251.609888797] [ego_subscriber]: Received from TM_4 | Latency: 0.56 ms
[INFO] [1790670251.611436355] [ego_subscriber]: Received from TM_5 | Latency: 0.50 ms
[INFO] [1790670251.626325980] [ego_subscriber]: Received from TM_8 | Latency: 0.76 ms
[INFO] [1790670251.646059769] [ego_subscriber]: Received from TM_5 | Latency: 0.62 ms
[INFO] [1790670251.646654998] [ego_subscriber]: Received from TM_3 | Latency: 0.53 ms
[INFO] [1790670251.649299647] [ego_subscriber]: Received from TM_8 | Latency: 0.65 ms
[INFO] [1790670251.649382377] [ego_subscriber]: Received from TM_6 | Latency: 0.41 ms
[INFO] [1790670251.650594655] [ego_subscriber]: Received from TM_2 | Latency: 0.47 ms
[INFO] [1790670251.652160690] [ego_subscriber]: Received from TM_1 | Latency: 0.46 ms
[INFO] [1790670251.655893244] [ego_subscriber]: Received from TM_7 | Latency: 0.54 ms
[INFO] [1790670251.664346119] [ego_subscriber]: Received from TM_6 | Latency: 0.65 ms
[INFO] [1790670251.666443150] [ego_subscriber]: Received from TM_9 | Latency: 0.54 ms
[INFO] [1790670251.670657497] [ego_subscriber]: Received from TM_2 | Latency: 0.56 ms
[INFO] [1790670251.671083119] [ego_subscriber]: Received from TM_5 | Latency: 0.47 ms
[INFO] [1790670251.679172187] [ego_subscriber]: Received from TM_4 | Latency: 0.71 ms
[INFO] [1790670251.679776457] [ego_subscriber]: Received from TM_8 | Latency: 0.47 ms
[INFO] [1790670251.679856794] [ego_subscriber]: Received from TM_7 | Latency: 0.38 ms
[INFO] [1790670251.681780070] [ego_subscriber]: Received from TM_6 | Latency: 0.52 ms
[INFO] [1790670251.685456530] [ego_subscriber]: Received from TM_4 | Latency: 0.61 ms
[INFO] [1790670251.685889270] [ego_subscriber]: Received from TM_1 | Latency: 0.33 ms
[INFO] [1790670251.689123505] [ego_subscriber]: Received from TM_3 | Latency: 0.81 ms
[INFO] [1790670251.690807791] [ego_subscriber]: Received from TM_1 | Latency: 0.58 ms
[INFO] [1790670251.691610793] [ego_subscriber]: Received from TM_2 | Latency: 0.47 ms
[INFO] [1790670251.693823185] [ego_subscriber]: Received from TM_9 | Latency: 0.34 ms
[INFO] [1790670251.697150333] [ego_subscriber]: Received from TM_9 | Latency: 0.59 ms
[INFO] [1790670251.704243072] [ego_subscriber]: Received from TM_7 | Latency: 0.68 ms
[INFO] [1790670251.707376496] [ego_subscriber]: Received from TM_3 | Latency: 0.59 ms
[INFO] [1790670251.709662582] [ego_subscriber]: Received from TM_4 | Latency: 0.33 ms
[INFO] [1790670251.711410163] [ego_subscriber]: Received from TM_5 | Latency: 0.48 ms
[INFO] [1790670251.726113788] [ego_subscriber]: Received from TM_8 | Latency: 0.52 ms
[INFO] [1790670251.745974134] [ego_subscriber]: Received from TM_5 | Latency: 0.54 ms
[INFO] [1790670251.746583300] [ego_subscriber]: Received from TM_3 | Latency: 0.57 ms
[INFO] [1790670251.749130129] [ego_subscriber]: Received from TM_8 | Latency: 0.45 ms
[INFO] [1790670251.749224104] [ego_subscriber]: Received from TM_6 | Latency: 0.25 ms
[INFO] [1790670251.750553434] [ego_subscriber]: Received from TM_2 | Latency: 0.43 ms
[INFO] [1790670251.752032947] [ego_subscriber]: Received from TM_1 | Latency: 0.33 ms
[INFO] [1790670251.755732669] [ego_subscriber]: Received from TM_7 | Latency: 0.37 ms
[INFO] [1790670251.764139727] [ego_subscriber]: Received from TM_6 | Latency: 0.42 ms
[INFO] [1790670251.766400393] [ego_subscriber]: Received from TM_9 | Latency: 0.51 ms
[INFO] [1790670251.770617928] [ego_subscriber]: Received from TM_2 | Latency: 0.50 ms
[INFO] [1790670251.771107404] [ego_subscriber]: Received from TM_5 | Latency: 0.49 ms
[INFO] [1790670251.779289965] [ego_subscriber]: Received from TM_4 | Latency: 0.83 ms
[INFO] [1790670251.780028436] [ego_subscriber]: Received from TM_8 | Latency: 0.71 ms
[INFO] [1790670251.780095558] [ego_subscriber]: Received from TM_7 | Latency: 0.60 ms
[INFO] [1790670251.781794170] [ego_subscriber]: Received from TM_6 | Latency: 0.52 ms
[INFO] [1790670251.785185965] [ego_subscriber]: Received from TM_4 | Latency: 0.35 ms
[INFO] [1790670251.785812186] [ego_subscriber]: Received from TM_1 | Latency: 0.30 ms
[INFO] [1790670251.788799183] [ego_subscriber]: Received from TM_3 | Latency: 0.58 ms
[INFO] [1790670251.790833189] [ego_subscriber]: Received from TM_1 | Latency: 0.59 ms
[INFO] [1790670251.791651981] [ego_subscriber]: Received from TM_2 | Latency: 0.50 ms
[INFO] [1790670251.793948562] [ego_subscriber]: Received from TM_9 | Latency: 0.41 ms
[INFO] [1790670251.797077472] [ego_subscriber]: Received from TM_9 | Latency: 0.52 ms
[INFO] [1790670251.804295604] [ego_subscriber]: Received from TM_7 | Latency: 0.71 ms
[INFO] [1790670251.807434590] [ego_subscriber]: Received from TM_3 | Latency: 0.65 ms
[INFO] [1790670251.810011379] [ego_subscriber]: Received from TM_4 | Latency: 0.69 ms
[INFO] [1790670251.811469442] [ego_subscriber]: Received from TM_5 | Latency: 0.52 ms
[INFO] [1790670251.826403758] [ego_subscriber]: Received from TM_8 | Latency: 0.80 ms
[INFO] [1790670251.846180159] [ego_subscriber]: Received from TM_5 | Latency: 0.75 ms
[INFO] [1790670251.846746621] [ego_subscriber]: Received from TM_3 | Latency: 0.68 ms
[INFO] [1790670251.849251804] [ego_subscriber]: Received from TM_8 | Latency: 0.57 ms
[INFO] [1790670251.849327086] [ego_subscriber]: Received from TM_6 | Latency: 0.33 ms
[INFO] [1790670251.850789410] [ego_subscriber]: Received from TM_2 | Latency: 0.61 ms
[INFO] [1790670251.852173257] [ego_subscriber]: Received from TM_1 | Latency: 0.48 ms
[INFO] [1790670251.855701115] [ego_subscriber]: Received from TM_7 | Latency: 0.33 ms
[INFO] [1790670251.864369072] [ego_subscriber]: Received from TM_6 | Latency: 0.68 ms
[INFO] [1790670251.866326340] [ego_subscriber]: Received from TM_9 | Latency: 0.41 ms
[INFO] [1790670251.870889516] [ego_subscriber]: Received from TM_2 | Latency: 0.69 ms
[INFO] [1790670251.871007852] [ego_subscriber]: Received from TM_5 | Latency: 0.37 ms
[INFO] [1790670251.879227387] [ego_subscriber]: Received from TM_4 | Latency: 0.76 ms
[INFO] [1790670251.879820383] [ego_subscriber]: Received from TM_8 | Latency: 0.50 ms
[INFO] [1790670251.879886924] [ego_subscriber]: Received from TM_7 | Latency: 0.48 ms
[INFO] [1790670251.881565146] [ego_subscriber]: Received from TM_6 | Latency: 0.29 ms
[INFO] [1790670251.885155650] [ego_subscriber]: Received from TM_4 | Latency: 0.37 ms
[INFO] [1790670251.885847528] [ego_subscriber]: Received from TM_1 | Latency: 0.32 ms
[INFO] [1790670251.889045641] [ego_subscriber]: Received from TM_3 | Latency: 0.83 ms
[INFO] [1790670251.890676502] [ego_subscriber]: Received from TM_1 | Latency: 0.42 ms
[INFO] [1790670251.891576977] [ego_subscriber]: Received from TM_2 | Latency: 0.41 ms
[INFO] [1790670251.894051340] [ego_subscriber]: Received from TM_9 | Latency: 0.57 ms
[INFO] [1790670251.897179942] [ego_subscriber]: Received from TM_9 | Latency: 0.61 ms
[INFO] [1790670251.904301809] [ego_subscriber]: Received from TM_7 | Latency: 0.67 ms
[INFO] [1790670251.907383476] [ego_subscriber]: Received from TM_3 | Latency: 0.57 ms
[INFO] [1790670251.909857618] [ego_subscriber]: Received from TM_4 | Latency: 0.50 ms
[INFO] [1790670251.911369762] [ego_subscriber]: Received from TM_5 | Latency: 0.46 ms
[INFO] [1790670251.926121977] [ego_subscriber]: Received from TM_8 | Latency: 0.56 ms
[INFO] [1790670251.946028825] [ego_subscriber]: Received from TM_5 | Latency: 0.57 ms
[INFO] [1790670251.946431050] [ego_subscriber]: Received from TM_3 | Latency: 0.40 ms
[INFO] [1790670251.949539413] [ego_subscriber]: Received from TM_8 | Latency: 0.84 ms
[INFO] [1790670251.949633622] [ego_subscriber]: Received from TM_6 | Latency: 0.64 ms
[INFO] [1790670251.950752039] [ego_subscriber]: Received from TM_2 | Latency: 0.56 ms
[INFO] [1790670251.952095126] [ego_subscriber]: Received from TM_1 | Latency: 0.38 ms
[INFO] [1790670251.955810550] [ego_subscriber]: Received from TM_7 | Latency: 0.41 ms
[INFO] [1790670251.964244490] [ego_subscriber]: Received from TM_6 | Latency: 0.51 ms
[INFO] [1790670251.966347294] [ego_subscriber]: Received from TM_9 | Latency: 0.42 ms
[INFO] [1790670251.970670861] [ego_subscriber]: Received from TM_2 | Latency: 0.54 ms
[INFO] [1790670251.970970314] [ego_subscriber]: Received from TM_5 | Latency: 0.33 ms
[INFO] [1790670251.979246559] [ego_subscriber]: Received from TM_4 | Latency: 0.79 ms
[INFO] [1790670251.979787545] [ego_subscriber]: Received from TM_8 | Latency: 0.44 ms
[INFO] [1790670251.979854973] [ego_subscriber]: Received from TM_7 | Latency: 0.34 ms
[INFO] [1790670251.981605200] [ego_subscriber]: Received from TM_6 | Latency: 0.33 ms
[INFO] [1790670251.985269864] [ego_subscriber]: Received from TM_4 | Latency: 0.42 ms
[INFO] [1790670251.985857731] [ego_subscriber]: Received from TM_1 | Latency: 0.33 ms
[INFO] [1790670251.989050092] [ego_subscriber]: Received from TM_3 | Latency: 0.87 ms
[INFO] [1790670251.990743121] [ego_subscriber]: Received from TM_1 | Latency: 0.47 ms
[INFO] [1790670251.991681530] [ego_subscriber]: Received from TM_2 | Latency: 0.52 ms
[INFO] [1790670251.994097454] [ego_subscriber]: Received from TM_9 | Latency: 0.59 ms
[INFO] [1790670251.997120371] [ego_subscriber]: Received from TM_9 | Latency: 0.55 ms
[INFO] [1790670252.004348612] [ego_subscriber]: Received from TM_7 | Latency: 0.72 ms
[INFO] [1790670252.007500212] [ego_subscriber]: Received from TM_3 | Latency: 0.67 ms
[INFO] [1790670252.009896150] [ego_subscriber]: Received from TM_4 | Latency: 0.58 ms
[INFO] [1790670252.011449096] [ego_subscriber]: Received from TM_5 | Latency: 0.52 ms
[INFO] [1790670252.026296793] [ego_subscriber]: Received from TM_8 | Latency: 0.71 ms
[INFO] [1790670252.046205265] [ego_subscriber]: Received from TM_5 | Latency: 0.75 ms
[INFO] [1790670252.046443160] [ego_subscriber]: Received from TM_3 | Latency: 0.41 ms
[INFO] [1790670252.049251211] [ego_subscriber]: Received from TM_8 | Latency: 0.53 ms
[INFO] [1790670252.049351112] [ego_subscriber]: Received from TM_6 | Latency: 0.35 ms
[INFO] [1790670252.050978032] [ego_subscriber]: Received from TM_2 | Latency: 0.75 ms
[INFO] [1790670252.052244821] [ego_subscriber]: Received from TM_1 | Latency: 0.53 ms
[INFO] [1790670252.056035565] [ego_subscriber]: Received from TM_7 | Latency: 0.64 ms
[INFO] [1790670252.064154244] [ego_subscriber]: Received from TM_6 | Latency: 0.44 ms
[INFO] [1790670252.066390143] [ego_subscriber]: Received from TM_9 | Latency: 0.49 ms
[INFO] [1790670252.070752295] [ego_subscriber]: Received from TM_2 | Latency: 0.63 ms
[INFO] [1790670252.071091789] [ego_subscriber]: Received from TM_5 | Latency: 0.46 ms
[INFO] [1790670252.079191943] [ego_subscriber]: Received from TM_4 | Latency: 0.74 ms
[INFO] [1790670252.080078693] [ego_subscriber]: Received from TM_8 | Latency: 0.76 ms
[INFO] [1790670252.080136001] [ego_subscriber]: Received from TM_7 | Latency: 0.63 ms
[INFO] [1790670252.081908771] [ego_subscriber]: Received from TM_6 | Latency: 0.60 ms
[INFO] [1790670252.085553324] [ego_subscriber]: Received from TM_4 | Latency: 0.69 ms
[INFO] [1790670252.085982500] [ego_subscriber]: Received from TM_1 | Latency: 0.43 ms
[INFO] [1790670252.089106393] [ego_subscriber]: Received from TM_3 | Latency: 0.91 ms
[INFO] [1790670252.090966265] [ego_subscriber]: Received from TM_1 | Latency: 0.69 ms
[INFO] [1790670252.091581154] [ego_subscriber]: Received from TM_2 | Latency: 0.38 ms
[INFO] [1790670252.094142754] [ego_subscriber]: Received from TM_9 | Latency: 0.63 ms
[INFO] [1790670252.097210928] [ego_subscriber]: Received from TM_9 | Latency: 0.65 ms
[INFO] [1790670252.104270830] [ego_subscriber]: Received from TM_7 | Latency: 0.65 ms
[INFO] [1790670252.107283930] [ego_subscriber]: Received from TM_3 | Latency: 0.45 ms
[INFO] [1790670252.109874647] [ego_subscriber]: Received from TM_4 | Latency: 0.54 ms
[INFO] [1790670252.111538135] [ego_subscriber]: Received from TM_5 | Latency: 0.59 ms
[INFO] [1790670252.126313852] [ego_subscriber]: Received from TM_8 | Latency: 0.73 ms
[INFO] [1790670252.146191410] [ego_subscriber]: Received from TM_5 | Latency: 0.76 ms
[INFO] [1790670252.146453139] [ego_subscriber]: Received from TM_3 | Latency: 0.42 ms
[INFO] [1790670252.149211452] [ego_subscriber]: Received from TM_8 | Latency: 0.46 ms
[INFO] [1790670252.149514445] [ego_subscriber]: Received from TM_6 | Latency: 0.50 ms
[INFO] [1790670252.150783365] [ego_subscriber]: Received from TM_2 | Latency: 0.59 ms
[INFO] [1790670252.152175627] [ego_subscriber]: Received from TM_1 | Latency: 0.46 ms
[INFO] [1790670252.156025176] [ego_subscriber]: Received from TM_7 | Latency: 0.62 ms
[INFO] [1790670252.164397590] [ego_subscriber]: Received from TM_6 | Latency: 0.65 ms
[INFO] [1790670252.166490973] [ego_subscriber]: Received from TM_9 | Latency: 0.59 ms
[INFO] [1790670252.170897249] [ego_subscriber]: Received from TM_2 | Latency: 0.66 ms
[INFO] [1790670252.171053586] [ego_subscriber]: Received from TM_5 | Latency: 0.40 ms
[INFO] [1790670252.179147923] [ego_subscriber]: Received from TM_4 | Latency: 0.69 ms
[INFO] [1790670252.180069903] [ego_subscriber]: Received from TM_8 | Latency: 0.73 ms
[INFO] [1790670252.180126385] [ego_subscriber]: Received from TM_7 | Latency: 0.60 ms
[INFO] [1790670252.181634696] [ego_subscriber]: Received from TM_6 | Latency: 0.31 ms
[INFO] [1790670252.185442525] [ego_subscriber]: Received from TM_4 | Latency: 0.58 ms
[INFO] [1790670252.185962416] [ego_subscriber]: Received from TM_1 | Latency: 0.44 ms
[INFO] [1790670252.188848982] [ego_subscriber]: Received from TM_3 | Latency: 0.64 ms
[INFO] [1790670252.190694079] [ego_subscriber]: Received from TM_1 | Latency: 0.43 ms
[INFO] [1790670252.191817781] [ego_subscriber]: Received from TM_2 | Latency: 0.58 ms
[INFO] [1790670252.193790252] [ego_subscriber]: Received from TM_9 | Latency: 0.30 ms
[INFO] [1790670252.197075982] [ego_subscriber]: Received from TM_9 | Latency: 0.47 ms
[INFO] [1790670252.204156361] [ego_subscriber]: Received from TM_7 | Latency: 0.51 ms
[INFO] [1790670252.207468259] [ego_subscriber]: Received from TM_3 | Latency: 0.62 ms
[INFO] [1790670252.209753875] [ego_subscriber]: Received from TM_4 | Latency: 0.42 ms
[INFO] [1790670252.211433295] [ego_subscriber]: Received from TM_5 | Latency: 0.50 ms
[INFO] [1790670252.226365615] [ego_subscriber]: Received from TM_8 | Latency: 0.76 ms
[INFO] [1790670252.246300554] [ego_subscriber]: Received from TM_5 | Latency: 0.85 ms
[INFO] [1790670252.246608926] [ego_subscriber]: Received from TM_3 | Latency: 0.51 ms
[INFO] [1790670252.249509273] [ego_subscriber]: Received from TM_8 | Latency: 0.80 ms
[INFO] [1790670252.249568086] [ego_subscriber]: Received from TM_6 | Latency: 0.56 ms
[INFO] [1790670252.250844423] [ego_subscriber]: Received from TM_2 | Latency: 0.65 ms
[INFO] [1790670252.252300762] [ego_subscriber]: Received from TM_1 | Latency: 0.60 ms
[INFO] [1790670252.256194460] [ego_subscriber]: Received from TM_7 | Latency: 0.78 ms
[INFO] [1790670252.264404965] [ego_subscriber]: Received from TM_6 | Latency: 0.64 ms
[INFO] [1790670252.266435206] [ego_subscriber]: Received from TM_9 | Latency: 0.53 ms
[INFO] [1790670252.270684587] [ego_subscriber]: Received from TM_2 | Latency: 0.55 ms
[INFO] [1790670252.271178575] [ego_subscriber]: Received from TM_5 | Latency: 0.54 ms
[INFO] [1790670252.279184011] [ego_subscriber]: Received from TM_4 | Latency: 0.73 ms
[INFO] [1790670252.280105321] [ego_subscriber]: Received from TM_8 | Latency: 0.76 ms
[INFO] [1790670252.280164172] [ego_subscriber]: Received from TM_7 | Latency: 0.65 ms
[INFO] [1790670252.281687629] [ego_subscriber]: Received from TM_6 | Latency: 0.39 ms
[INFO] [1790670252.285170689] [ego_subscriber]: Received from TM_4 | Latency: 0.30 ms
[INFO] [1790670252.285840618] [ego_subscriber]: Received from TM_1 | Latency: 0.30 ms
[INFO] [1790670252.288981813] [ego_subscriber]: Received from TM_3 | Latency: 0.78 ms
[INFO] [1790670252.290747738] [ego_subscriber]: Received from TM_1 | Latency: 0.51 ms
[INFO] [1790670252.291603753] [ego_subscriber]: Received from TM_2 | Latency: 0.38 ms
[INFO] [1790670252.294018080] [ego_subscriber]: Received from TM_9 | Latency: 0.41 ms
[INFO] [1790670252.297119249] [ego_subscriber]: Received from TM_9 | Latency: 0.54 ms
[INFO] [1790670252.304319039] [ego_subscriber]: Received from TM_7 | Latency: 0.64 ms
[INFO] [1790670252.307280197] [ego_subscriber]: Received from TM_3 | Latency: 0.42 ms
[INFO] [1790670252.309710311] [ego_subscriber]: Received from TM_4 | Latency: 0.37 ms
[INFO] [1790670252.311248569] [ego_subscriber]: Received from TM_5 | Latency: 0.33 ms
[INFO] [1790670252.326356433] [ego_subscriber]: Received from TM_8 | Latency: 0.74 ms
[INFO] [1790670252.346017080] [ego_subscriber]: Received from TM_5 | Latency: 0.54 ms
[INFO] [1790670252.346521381] [ego_subscriber]: Received from TM_3 | Latency: 0.43 ms
[INFO] [1790670252.349252722] [ego_subscriber]: Received from TM_8 | Latency: 0.53 ms
[INFO] [1790670252.349323287] [ego_subscriber]: Received from TM_6 | Latency: 0.29 ms
[INFO] [1790670252.350729239] [ego_subscriber]: Received from TM_2 | Latency: 0.55 ms
[INFO] [1790670252.352170622] [ego_subscriber]: Received from TM_1 | Latency: 0.48 ms
[INFO] [1790670252.355972195] [ego_subscriber]: Received from TM_7 | Latency: 0.55 ms
[INFO] [1790670252.364404561] [ego_subscriber]: Received from TM_6 | Latency: 0.65 ms
[INFO] [1790670252.366459306] [ego_subscriber]: Received from TM_9 | Latency: 0.50 ms
[INFO] [1790670252.370727390] [ego_subscriber]: Received from TM_2 | Latency: 0.60 ms
[INFO] [1790670252.371121449] [ego_subscriber]: Received from TM_5 | Latency: 0.48 ms
[INFO] [1790670252.379228980] [ego_subscriber]: Received from TM_4 | Latency: 0.78 ms
[INFO] [1790670252.379792537] [ego_subscriber]: Received from TM_8 | Latency: 0.42 ms
[INFO] [1790670252.379860648] [ego_subscriber]: Received from TM_7 | Latency: 0.37 ms
[INFO] [1790670252.381789028] [ego_subscriber]: Received from TM_6 | Latency: 0.46 ms
[INFO] [1790670252.385193286] [ego_subscriber]: Received from TM_4 | Latency: 0.34 ms
[INFO] [1790670252.385883623] [ego_subscriber]: Received from TM_1 | Latency: 0.34 ms
[INFO] [1790670252.388759043] [ego_subscriber]: Received from TM_3 | Latency: 0.55 ms
[INFO] [1790670252.390626617] [ego_subscriber]: Received from TM_1 | Latency: 0.35 ms
[INFO] [1790670252.391557508] [ego_subscriber]: Received from TM_2 | Latency: 0.38 ms
[INFO] [1790670252.393949476] [ego_subscriber]: Received from TM_9 | Latency: 0.44 ms
[INFO] [1790670252.396976365] [ego_subscriber]: Received from TM_9 | Latency: 0.38 ms
[INFO] [1790670252.404274259] [ego_subscriber]: Received from TM_7 | Latency: 0.61 ms
[INFO] [1790670252.407415773] [ego_subscriber]: Received from TM_3 | Latency: 0.54 ms
[INFO] [1790670252.409848913] [ego_subscriber]: Received from TM_4 | Latency: 0.51 ms
[INFO] [1790670252.411406889] [ego_subscriber]: Received from TM_5 | Latency: 0.48 ms
[INFO] [1790670252.426251483] [ego_subscriber]: Received from TM_8 | Latency: 0.60 ms
[INFO] [1790670252.446026012] [ego_subscriber]: Received from TM_5 | Latency: 0.53 ms
[INFO] [1790670252.446541104] [ego_subscriber]: Received from TM_3 | Latency: 0.49 ms
[INFO] [1790670252.449334824] [ego_subscriber]: Received from TM_8 | Latency: 0.62 ms
[INFO] [1790670252.449416330] [ego_subscriber]: Received from TM_6 | Latency: 0.37 ms
[INFO] [1790670252.450720408] [ego_subscriber]: Received from TM_2 | Latency: 0.47 ms
[INFO] [1790670252.452114441] [ego_subscriber]: Received from TM_1 | Latency: 0.41 ms
[INFO] [1790670252.455902864] [ego_subscriber]: Received from TM_7 | Latency: 0.46 ms
[INFO] [1790670252.464374640] [ego_subscriber]: Received from TM_6 | Latency: 0.58 ms
[INFO] [1790670252.466498830] [ego_subscriber]: Received from TM_9 | Latency: 0.58 ms
[INFO] [1790670252.470988213] [ego_subscriber]: Received from TM_2 | Latency: 0.77 ms
[INFO] [1790670252.471328329] [ego_subscriber]: Received from TM_5 | Latency: 0.70 ms
[INFO] [1790670252.479192584] [ego_subscriber]: Received from TM_4 | Latency: 0.72 ms
[INFO] [1790670252.479745719] [ego_subscriber]: Received from TM_8 | Latency: 0.38 ms
[INFO] [1790670252.480118692] [ego_subscriber]: Received from TM_7 | Latency: 0.58 ms
[INFO] [1790670252.481733989] [ego_subscriber]: Received from TM_6 | Latency: 0.35 ms
[INFO] [1790670252.485233930] [ego_subscriber]: Received from TM_4 | Latency: 0.37 ms
[INFO] [1790670252.486087370] [ego_subscriber]: Received from TM_1 | Latency: 0.51 ms
[INFO] [1790670252.489036410] [ego_subscriber]: Received from TM_3 | Latency: 0.82 ms
[INFO] [1790670252.490819683] [ego_subscriber]: Received from TM_1 | Latency: 0.54 ms
[INFO] [1790670252.491743399] [ego_subscriber]: Received from TM_2 | Latency: 0.53 ms
[INFO] [1790670252.493871146] [ego_subscriber]: Received from TM_9 | Latency: 0.37 ms
[INFO] [1790670252.496960775] [ego_subscriber]: Received from TM_9 | Latency: 0.38 ms
[INFO] [1790670252.504140467] [ego_subscriber]: Received from TM_7 | Latency: 0.45 ms
[INFO] [1790670252.507317304] [ego_subscriber]: Received from TM_3 | Latency: 0.44 ms
[INFO] [1790670252.509786894] [ego_subscriber]: Received from TM_4 | Latency: 0.40 ms
[INFO] [1790670252.511351325] [ego_subscriber]: Received from TM_5 | Latency: 0.43 ms
[INFO] [1790670252.526218554] [ego_subscriber]: Received from TM_8 | Latency: 0.57 ms
[INFO] [1790670252.545992467] [ego_subscriber]: Received from TM_5 | Latency: 0.51 ms
[INFO] [1790670252.546533762] [ego_subscriber]: Received from TM_3 | Latency: 0.48 ms
[INFO] [1790670252.549177451] [ego_subscriber]: Received from TM_8 | Latency: 0.46 ms
[INFO] [1790670252.549411736] [ego_subscriber]: Received from TM_6 | Latency: 0.35 ms
[INFO] [1790670252.550514690] [ego_subscriber]: Received from TM_2 | Latency: 0.33 ms
[INFO] [1790670252.552114274] [ego_subscriber]: Received from TM_1 | Latency: 0.37 ms
[INFO] [1790670252.555909301] [ego_subscriber]: Received from TM_7 | Latency: 0.43 ms
[INFO] [1790670252.564468379] [ego_subscriber]: Received from TM_6 | Latency: 0.66 ms
[INFO] [1790670252.566371355] [ego_subscriber]: Received from TM_9 | Latency: 0.43 ms
[INFO] [1790670252.571016560] [ego_subscriber]: Received from TM_2 | Latency: 0.78 ms
[INFO] [1790670252.571108613] [ego_subscriber]: Received from TM_5 | Latency: 0.47 ms
[INFO] [1790670252.579271106] [ego_subscriber]: Received from TM_4 | Latency: 0.81 ms
[INFO] [1790670252.579780758] [ego_subscriber]: Received from TM_8 | Latency: 0.40 ms
[INFO] [1790670252.580076447] [ego_subscriber]: Received from TM_7 | Latency: 0.52 ms
[INFO] [1790670252.581740695] [ego_subscriber]: Received from TM_6 | Latency: 0.43 ms
[INFO] [1790670252.585271033] [ego_subscriber]: Received from TM_4 | Latency: 0.41 ms
[INFO] [1790670252.585959821] [ego_subscriber]: Received from TM_1 | Latency: 0.41 ms
[INFO] [1790670252.589170637] [ego_subscriber]: Received from TM_3 | Latency: 0.95 ms
[INFO] [1790670252.590820389] [ego_subscriber]: Received from TM_1 | Latency: 0.57 ms
[INFO] [1790670252.591673430] [ego_subscriber]: Received from TM_2 | Latency: 0.44 ms
[INFO] [1790670252.593901703] [ego_subscriber]: Received from TM_9 | Latency: 0.39 ms
[INFO] [1790670252.597111390] [ego_subscriber]: Received from TM_9 | Latency: 0.56 ms
[INFO] [1790670252.604464024] [ego_subscriber]: Received from TM_7 | Latency: 0.72 ms
[INFO] [1790670252.607478337] [ego_subscriber]: Received from TM_3 | Latency: 0.60 ms
[INFO] [1790670252.609995127] [ego_subscriber]: Received from TM_4 | Latency: 0.65 ms
[INFO] [1790670252.611559159] [ego_subscriber]: Received from TM_5 | Latency: 0.64 ms
[INFO] [1790670252.626430406] [ego_subscriber]: Received from TM_8 | Latency: 0.77 ms
[INFO] [1790670252.646186325] [ego_subscriber]: Received from TM_5 | Latency: 0.74 ms
[INFO] [1790670252.646567060] [ego_subscriber]: Received from TM_3 | Latency: 0.50 ms
[INFO] [1790670252.649329256] [ego_subscriber]: Received from TM_8 | Latency: 0.54 ms
[INFO] [1790670252.649421301] [ego_subscriber]: Received from TM_6 | Latency: 0.34 ms
[INFO] [1790670252.650688116] [ego_subscriber]: Received from TM_2 | Latency: 0.42 ms
[INFO] [1790670252.652081000] [ego_subscriber]: Received from TM_1 | Latency: 0.37 ms
[INFO] [1790670252.655891872] [ego_subscriber]: Received from TM_7 | Latency: 0.43 ms
[INFO] [1790670252.664478481] [ego_subscriber]: Received from TM_6 | Latency: 0.68 ms
[INFO] [1790670252.666324517] [ego_subscriber]: Received from TM_9 | Latency: 0.42 ms
[INFO] [1790670252.670718722] [ego_subscriber]: Received from TM_2 | Latency: 0.52 ms
[INFO] [1790670252.671162808] [ego_subscriber]: Received from TM_5 | Latency: 0.53 ms
[INFO] [1790670252.679246628] [ego_subscriber]: Received from TM_4 | Latency: 0.77 ms
[INFO] [1790670252.679887641] [ego_subscriber]: Received from TM_8 | Latency: 0.49 ms
[INFO] [1790670252.680005105] [ego_subscriber]: Received from TM_7 | Latency: 0.45 ms
[INFO] [1790670252.681894517] [ego_subscriber]: Received from TM_6 | Latency: 0.53 ms
[INFO] [1790670252.685441660] [ego_subscriber]: Received from TM_4 | Latency: 0.57 ms
[INFO] [1790670252.686087704] [ego_subscriber]: Received from TM_1 | Latency: 0.56 ms
[INFO] [1790670252.689005806] [ego_subscriber]: Received from TM_3 | Latency: 0.78 ms
[INFO] [1790670252.690840292] [ego_subscriber]: Received from TM_1 | Latency: 0.57 ms
[INFO] [1790670252.691649822] [ego_subscriber]: Received from TM_2 | Latency: 0.36 ms
[INFO] [1790670252.693998148] [ego_subscriber]: Received from TM_9 | Latency: 0.50 ms
[INFO] [1790670252.697097227] [ego_subscriber]: Received from TM_9 | Latency: 0.51 ms
[INFO] [1790670252.704347999] [ego_subscriber]: Received from TM_7 | Latency: 0.69 ms
[INFO] [1790670252.707524165] [ego_subscriber]: Received from TM_3 | Latency: 0.66 ms
[INFO] [1790670252.709725272] [ego_subscriber]: Received from TM_4 | Latency: 0.37 ms
[INFO] [1790670252.711354240] [ego_subscriber]: Received from TM_5 | Latency: 0.42 ms
[INFO] [1790670252.726218225] [ego_subscriber]: Received from TM_8 | Latency: 0.56 ms
[INFO] [1790670252.746189925] [ego_subscriber]: Received from TM_5 | Latency: 0.74 ms
[INFO] [1790670252.746535302] [ego_subscriber]: Received from TM_3 | Latency: 0.47 ms
[INFO] [1790670252.749353280] [ego_subscriber]: Received from TM_8 | Latency: 0.62 ms
[INFO] [1790670252.749433946] [ego_subscriber]: Received from TM_6 | Latency: 0.35 ms
[INFO] [1790670252.750544848] [ego_subscriber]: Received from TM_2 | Latency: 0.37 ms
[INFO] [1790670252.752173750] [ego_subscriber]: Received from TM_1 | Latency: 0.45 ms
[INFO] [1790670252.756014102] [ego_subscriber]: Received from TM_7 | Latency: 0.56 ms
[INFO] [1790670252.764263775] [ego_subscriber]: Received from TM_6 | Latency: 0.46 ms
[INFO] [1790670252.766474027] [ego_subscriber]: Received from TM_9 | Latency: 0.57 ms
[INFO] [1790670252.770958509] [ego_subscriber]: Received from TM_2 | Latency: 0.74 ms
[INFO] [1790670252.771068545] [ego_subscriber]: Received from TM_5 | Latency: 0.42 ms
[INFO] [1790670252.779156537] [ego_subscriber]: Received from TM_4 | Latency: 0.71 ms
[INFO] [1790670252.779866350] [ego_subscriber]: Received from TM_8 | Latency: 0.48 ms
[INFO] [1790670252.780137008] [ego_subscriber]: Received from TM_7 | Latency: 0.54 ms
[INFO] [1790670252.781694117] [ego_subscriber]: Received from TM_6 | Latency: 0.34 ms
[INFO] [1790670252.785247511] [ego_subscriber]: Received from TM_4 | Latency: 0.43 ms
[INFO] [1790670252.785941262] [ego_subscriber]: Received from TM_1 | Latency: 0.38 ms
[INFO] [1790670252.789173390] [ego_subscriber]: Received from TM_3 | Latency: 0.89 ms
[INFO] [1790670252.790849178] [ego_subscriber]: Received from TM_1 | Latency: 0.59 ms
[INFO] [1790670252.791786168] [ego_subscriber]: Received from TM_2 | Latency: 0.54 ms
[INFO] [1790670252.794034104] [ego_subscriber]: Received from TM_9 | Latency: 0.53 ms
[INFO] [1790670252.797194772] [ego_subscriber]: Received from TM_9 | Latency: 0.60 ms
[INFO] [1790670252.804137590] [ego_subscriber]: Received from TM_7 | Latency: 0.46 ms
[INFO] [1790670252.807535906] [ego_subscriber]: Received from TM_3 | Latency: 0.63 ms
[INFO] [1790670252.810028569] [ego_subscriber]: Received from TM_4 | Latency: 0.68 ms
[INFO] [1790670252.811511227] [ego_subscriber]: Received from TM_5 | Latency: 0.59 ms
[INFO] [1790670252.826468512] [ego_subscriber]: Received from TM_8 | Latency: 0.81 ms
[INFO] [1790670252.846191781] [ego_subscriber]: Received from TM_5 | Latency: 0.74 ms
[INFO] [1790670252.846627962] [ego_subscriber]: Received from TM_3 | Latency: 0.51 ms
[INFO] [1790670252.849479695] [ego_subscriber]: Received from TM_8 | Latency: 0.72 ms
[INFO] [1790670252.849570956] [ego_subscriber]: Received from TM_6 | Latency: 0.46 ms
[INFO] [1790670252.850812036] [ego_subscriber]: Received from TM_2 | Latency: 0.60 ms
[INFO] [1790670252.852187659] [ego_subscriber]: Received from TM_1 | Latency: 0.48 ms
[INFO] [1790670252.856030065] [ego_subscriber]: Received from TM_7 | Latency: 0.60 ms
[INFO] [1790670252.864431202] [ego_subscriber]: Received from TM_6 | Latency: 0.65 ms
[INFO] [1790670252.866272910] [ego_subscriber]: Received from TM_9 | Latency: 0.37 ms
[INFO] [1790670252.870858051] [ego_subscriber]: Received from TM_2 | Latency: 0.63 ms
[INFO] [1790670252.871161190] [ego_subscriber]: Received from TM_5 | Latency: 0.52 ms
[INFO] [1790670252.879212217] [ego_subscriber]: Received from TM_4 | Latency: 0.74 ms
[INFO] [1790670252.879784271] [ego_subscriber]: Received from TM_8 | Latency: 0.43 ms
[INFO] [1790670252.880087416] [ego_subscriber]: Received from TM_7 | Latency: 0.47 ms
[INFO] [1790670252.882010072] [ego_subscriber]: Received from TM_6 | Latency: 0.55 ms
[INFO] [1790670252.885346077] [ego_subscriber]: Received from TM_4 | Latency: 0.51 ms
[INFO] [1790670252.885991940] [ego_subscriber]: Received from TM_1 | Latency: 0.44 ms
[INFO] [1790670252.888783890] [ego_subscriber]: Received from TM_3 | Latency: 0.53 ms
[INFO] [1790670252.890750792] [ego_subscriber]: Received from TM_1 | Latency: 0.49 ms
[INFO] [1790670252.891592509] [ego_subscriber]: Received from TM_2 | Latency: 0.36 ms
[INFO] [1790670252.894036819] [ego_subscriber]: Received from TM_9 | Latency: 0.53 ms
[INFO] [1790670252.897268216] [ego_subscriber]: Received from TM_9 | Latency: 0.68 ms
[INFO] [1790670252.904392334] [ego_subscriber]: Received from TM_7 | Latency: 0.68 ms
[INFO] [1790670252.907497249] [ego_subscriber]: Received from TM_3 | Latency: 0.59 ms
[INFO] [1790670252.910030790] [ego_subscriber]: Received from TM_4 | Latency: 0.69 ms
[INFO] [1790670252.911400627] [ego_subscriber]: Received from TM_5 | Latency: 0.41 ms
[INFO] [1790670252.926438087] [ego_subscriber]: Received from TM_8 | Latency: 0.78 ms
[INFO] [1790670252.946239945] [ego_subscriber]: Received from TM_5 | Latency: 0.78 ms
[INFO] [1790670252.946636547] [ego_subscriber]: Received from TM_3 | Latency: 0.56 ms
[INFO] [1790670252.949357686] [ego_subscriber]: Received from TM_8 | Latency: 0.57 ms
[INFO] [1790670252.949433495] [ego_subscriber]: Received from TM_6 | Latency: 0.34 ms
[INFO] [1790670252.950740740] [ego_subscriber]: Received from TM_2 | Latency: 0.51 ms
[INFO] [1790670252.952059084] [ego_subscriber]: Received from TM_1 | Latency: 0.35 ms
[INFO] [1790670252.956246859] [ego_subscriber]: Received from TM_7 | Latency: 0.74 ms
[INFO] [1790670252.964313810] [ego_subscriber]: Received from TM_6 | Latency: 0.47 ms
[INFO] [1790670252.966286785] [ego_subscriber]: Received from TM_9 | Latency: 0.35 ms
[INFO] [1790670252.970907329] [ego_subscriber]: Received from TM_2 | Latency: 0.61 ms
[INFO] [1790670252.971055541] [ego_subscriber]: Received from TM_5 | Latency: 0.43 ms
[INFO] [1790670252.978984337] [ego_subscriber]: Received from TM_4 | Latency: 0.51 ms
[INFO] [1790670252.979743491] [ego_subscriber]: Received from TM_8 | Latency: 0.36 ms
[INFO] [1790670252.979913778] [ego_subscriber]: Received from TM_7 | Latency: 0.29 ms
[INFO] [1790670252.981696384] [ego_subscriber]: Received from TM_6 | Latency: 0.25 ms
[INFO] [1790670252.985222053] [ego_subscriber]: Received from TM_4 | Latency: 0.36 ms
[INFO] [1790670252.985933189] [ego_subscriber]: Received from TM_1 | Latency: 0.34 ms
[INFO] [1790670252.988960581] [ego_subscriber]: Received from TM_3 | Latency: 0.67 ms
[INFO] [1790670252.990695408] [ego_subscriber]: Received from TM_1 | Latency: 0.33 ms
[INFO] [1790670252.991597448] [ego_subscriber]: Received from TM_2 | Latency: 0.33 ms
[INFO] [1790670252.993823660] [ego_subscriber]: Received from TM_9 | Latency: 0.31 ms
[INFO] [1790670252.996900036] [ego_subscriber]: Received from TM_9 | Latency: 0.31 ms
[INFO] [1790670253.004106694] [ego_subscriber]: Received from TM_7 | Latency: 0.37 ms
[INFO] [1790670253.007274974] [ego_subscriber]: Received from TM_3 | Latency: 0.37 ms
[INFO] [1790670253.009733308] [ego_subscriber]: Received from TM_4 | Latency: 0.39 ms
[INFO] [1790670253.011393685] [ego_subscriber]: Received from TM_5 | Latency: 0.40 ms
[INFO] [1790670253.026178600] [ego_subscriber]: Received from TM_8 | Latency: 0.52 ms
[INFO] [1790670253.045953359] [ego_subscriber]: Received from TM_5 | Latency: 0.49 ms
[INFO] [1790670253.046440722] [ego_subscriber]: Received from TM_3 | Latency: 0.36 ms
[INFO] [1790670253.049230563] [ego_subscriber]: Received from TM_8 | Latency: 0.47 ms
[INFO] [1790670253.049498030] [ego_subscriber]: Received from TM_6 | Latency: 0.36 ms
[INFO] [1790670253.050735905] [ego_subscriber]: Received from TM_2 | Latency: 0.46 ms
[INFO] [1790670253.052148542] [ego_subscriber]: Received from TM_1 | Latency: 0.41 ms
[INFO] [1790670253.055958418] [ego_subscriber]: Received from TM_7 | Latency: 0.45 ms
[INFO] [1790670253.064305483] [ego_subscriber]: Received from TM_6 | Latency: 0.50 ms
[INFO] [1790670253.066309469] [ego_subscriber]: Received from TM_9 | Latency: 0.39 ms
[INFO] [1790670253.070807905] [ego_subscriber]: Received from TM_2 | Latency: 0.53 ms
[INFO] [1790670253.071025414] [ego_subscriber]: Received from TM_5 | Latency: 0.40 ms
[INFO] [1790670253.079222308] [ego_subscriber]: Received from TM_4 | Latency: 0.77 ms
[INFO] [1790670253.080105191] [ego_subscriber]: Received from TM_8 | Latency: 0.70 ms
[INFO] [1790670253.080165241] [ego_subscriber]: Received from TM_7 | Latency: 0.54 ms
[INFO] [1790670253.081733719] [ego_subscriber]: Received from TM_6 | Latency: 0.29 ms
[INFO] [1790670253.085191452] [ego_subscriber]: Received from TM_4 | Latency: 0.35 ms
[INFO] [1790670253.085942433] [ego_subscriber]: Received from TM_1 | Latency: 0.36 ms
[INFO] [1790670253.088964394] [ego_subscriber]: Received from TM_3 | Latency: 0.67 ms
[INFO] [1790670253.090751596] [ego_subscriber]: Received from TM_1 | Latency: 0.46 ms
[INFO] [1790670253.091908614] [ego_subscriber]: Received from TM_2 | Latency: 0.63 ms
[INFO] [1790670253.093959500] [ego_subscriber]: Received from TM_9 | Latency: 0.44 ms
[INFO] [1790670253.097118603] [ego_subscriber]: Received from TM_9 | Latency: 0.53 ms
[INFO] [1790670253.104720770] [ego_subscriber]: Received from TM_7 | Latency: 0.79 ms
[INFO] [1790670253.107570446] [ego_subscriber]: Received from TM_3 | Latency: 0.62 ms
[INFO] [1790670253.109907417] [ego_subscriber]: Received from TM_4 | Latency: 0.56 ms
[INFO] [1790670253.111477091] [ego_subscriber]: Received from TM_5 | Latency: 0.55 ms
[INFO] [1790670253.126456740] [ego_subscriber]: Received from TM_8 | Latency: 0.76 ms
[INFO] [1790670253.146215688] [ego_subscriber]: Received from TM_5 | Latency: 0.75 ms
[INFO] [1790670253.146539960] [ego_subscriber]: Received from TM_3 | Latency: 0.44 ms
[INFO] [1790670253.149460991] [ego_subscriber]: Received from TM_8 | Latency: 0.65 ms
[INFO] [1790670253.149528525] [ego_subscriber]: Received from TM_6 | Latency: 0.41 ms
[INFO] [1790670253.150771291] [ego_subscriber]: Received from TM_2 | Latency: 0.48 ms
[INFO] [1790670253.152116957] [ego_subscriber]: Received from TM_1 | Latency: 0.39 ms
[INFO] [1790670253.156031749] [ego_subscriber]: Received from TM_7 | Latency: 0.52 ms
[INFO] [1790670253.164509899] [ego_subscriber]: Received from TM_6 | Latency: 0.65 ms
[INFO] [1790670253.166446069] [ego_subscriber]: Received from TM_9 | Latency: 0.52 ms
[INFO] [1790670253.170815914] [ego_subscriber]: Received from TM_2 | Latency: 0.58 ms
[INFO] [1790670253.171137984] [ego_subscriber]: Received from TM_5 | Latency: 0.49 ms
[INFO] [1790670253.179246238] [ego_subscriber]: Received from TM_4 | Latency: 0.79 ms
[INFO] [1790670253.180111011] [ego_subscriber]: Received from TM_8 | Latency: 0.68 ms
[INFO] [1790670253.180196788] [ego_subscriber]: Received from TM_7 | Latency: 0.58 ms
[INFO] [1790670253.181890493] [ego_subscriber]: Received from TM_6 | Latency: 0.51 ms
[INFO] [1790670253.185397544] [ego_subscriber]: Received from TM_4 | Latency: 0.53 ms
[INFO] [1790670253.185981422] [ego_subscriber]: Received from TM_1 | Latency: 0.45 ms
[INFO] [1790670253.189173632] [ego_subscriber]: Received from TM_3 | Latency: 0.79 ms
[INFO] [1790670253.191007409] [ego_subscriber]: Received from TM_1 | Latency: 0.72 ms
[INFO] [1790670253.191656378] [ego_subscriber]: Received from TM_2 | Latency: 0.36 ms
[INFO] [1790670253.193871078] [ego_subscriber]: Received from TM_9 | Latency: 0.39 ms
[INFO] [1790670253.197304094] [ego_subscriber]: Received from TM_9 | Latency: 0.71 ms
[INFO] [1790670253.204622951] [ego_subscriber]: Received from TM_7 | Latency: 0.80 ms
[INFO] [1790670253.207506389] [ego_subscriber]: Received from TM_3 | Latency: 0.60 ms
[INFO] [1790670253.209938204] [ego_subscriber]: Received from TM_4 | Latency: 0.59 ms
[INFO] [1790670253.211448249] [ego_subscriber]: Received from TM_5 | Latency: 0.52 ms
[INFO] [1790670253.226443227] [ego_subscriber]: Received from TM_8 | Latency: 0.76 ms
[INFO] [1790670253.246008374] [ego_subscriber]: Received from TM_5 | Latency: 0.51 ms
[INFO] [1790670253.246645349] [ego_subscriber]: Received from TM_3 | Latency: 0.51 ms
[INFO] [1790670253.249532675] [ego_subscriber]: Received from TM_8 | Latency: 0.72 ms
[INFO] [1790670253.249590818] [ego_subscriber]: Received from TM_6 | Latency: 0.46 ms
[INFO] [1790670253.251171264] [ego_subscriber]: Received from TM_2 | Latency: 0.88 ms
[INFO] [1790670253.252255952] [ego_subscriber]: Received from TM_1 | Latency: 0.51 ms
[INFO] [1790670253.256183269] [ego_subscriber]: Received from TM_7 | Latency: 0.68 ms
[INFO] [1790670253.264479781] [ego_subscriber]: Received from TM_6 | Latency: 0.62 ms
[INFO] [1790670253.266486264] [ego_subscriber]: Received from TM_9 | Latency: 0.57 ms
[INFO] [1790670253.270982156] [ego_subscriber]: Received from TM_2 | Latency: 0.71 ms
[INFO] [1790670253.271181574] [ego_subscriber]: Received from TM_5 | Latency: 0.51 ms
[INFO] [1790670253.279167213] [ego_subscriber]: Received from TM_4 | Latency: 0.69 ms
[INFO] [1790670253.279809135] [ego_subscriber]: Received from TM_8 | Latency: 0.37 ms
[INFO] [1790670253.280043568] [ego_subscriber]: Received from TM_7 | Latency: 0.39 ms
[INFO] [1790670253.281715356] [ego_subscriber]: Received from TM_6 | Latency: 0.32 ms
[INFO] [1790670253.285427400] [ego_subscriber]: Received from TM_4 | Latency: 0.55 ms
[INFO] [1790670253.285901384] [ego_subscriber]: Received from TM_1 | Latency: 0.34 ms
[INFO] [1790670253.288769565] [ego_subscriber]: Received from TM_3 | Latency: 0.45 ms
[INFO] [1790670253.291052195] [ego_subscriber]: Received from TM_1 | Latency: 0.72 ms
[INFO] [1790670253.291625450] [ego_subscriber]: Received from TM_2 | Latency: 0.34 ms
[INFO] [1790670253.293941756] [ego_subscriber]: Received from TM_9 | Latency: 0.44 ms
[INFO] [1790670253.297048489] [ego_subscriber]: Received from TM_9 | Latency: 0.45 ms
[INFO] [1790670253.304152797] [ego_subscriber]: Received from TM_7 | Latency: 0.43 ms
[INFO] [1790670253.307436644] [ego_subscriber]: Received from TM_3 | Latency: 0.46 ms
[INFO] [1790670253.309778304] [ego_subscriber]: Received from TM_4 | Latency: 0.42 ms
[INFO] [1790670253.311379558] [ego_subscriber]: Received from TM_5 | Latency: 0.39 ms
[INFO] [1790670253.326290478] [ego_subscriber]: Received from TM_8 | Latency: 0.57 ms
[INFO] [1790670253.346064706] [ego_subscriber]: Received from TM_5 | Latency: 0.60 ms
[INFO] [1790670253.346541594] [ego_subscriber]: Received from TM_3 | Latency: 0.42 ms
[INFO] [1790670253.349230396] [ego_subscriber]: Received from TM_8 | Latency: 0.38 ms
[INFO] [1790670253.349486558] [ego_subscriber]: Received from TM_6 | Latency: 0.34 ms
[INFO] [1790670253.350610757] [ego_subscriber]: Received from TM_2 | Latency: 0.35 ms
[INFO] [1790670253.352080132] [ego_subscriber]: Received from TM_1 | Latency: 0.34 ms
[INFO] [1790670253.356064717] [ego_subscriber]: Received from TM_7 | Latency: 0.52 ms
[INFO] [1790670253.364308136] [ego_subscriber]: Received from TM_6 | Latency: 0.42 ms
[INFO] [1790670253.366332961] [ego_subscriber]: Received from TM_9 | Latency: 0.38 ms
[INFO] [1790670253.370646202] [ego_subscriber]: Received from TM_2 | Latency: 0.41 ms
[INFO] [1790670253.370963726] [ego_subscriber]: Received from TM_5 | Latency: 0.33 ms
[INFO] [1790670253.379042572] [ego_subscriber]: Received from TM_4 | Latency: 0.56 ms
[INFO] [1790670253.379753334] [ego_subscriber]: Received from TM_8 | Latency: 0.35 ms
[INFO] [1790670253.380077144] [ego_subscriber]: Received from TM_7 | Latency: 0.45 ms
[INFO] [1790670253.381761160] [ego_subscriber]: Received from TM_6 | Latency: 0.31 ms
[INFO] [1790670253.385286771] [ego_subscriber]: Received from TM_4 | Latency: 0.41 ms
[INFO] [1790670253.385879988] [ego_subscriber]: Received from TM_1 | Latency: 0.32 ms
[INFO] [1790670253.388745867] [ego_subscriber]: Received from TM_3 | Latency: 0.43 ms
[INFO] [1790670253.390645552] [ego_subscriber]: Received from TM_1 | Latency: 0.37 ms
[INFO] [1790670253.391726835] [ego_subscriber]: Received from TM_2 | Latency: 0.40 ms
[INFO] [1790670253.393882209] [ego_subscriber]: Received from TM_9 | Latency: 0.37 ms
[INFO] [1790670253.396975754] [ego_subscriber]: Received from TM_9 | Latency: 0.39 ms
