timestamp,sender,latency_ms
1.79064e+09,TM_3,0.486837
1.79064e+09,TM_3,0.434199
1.79064e+09,TM_3,0.463207
1.79064e+09,TM_2,0.489192
1.79064e+09,TM_3,0.43719
1.79064e+09,TM_2,0.520902
1.79064e+09,TM_3,0.415914
1.79064e+09,TM_2,0.583156
1.79064e+09,TM_3,0.353379
1.79064e+09,TM_1,0.451486
1.79064e+09,TM_2,0.468493
1.79064e+09,TM_3,0.338162
1.79064e+09,TM_1,0.620049
1.79064e+09,TM_9,0.626318
1.79064e+09,TM_2,0.426453
1.79064e+09,TM_3,0.389761
1.79064e+09,TM_1,0.642418
1.79064e+09,TM_9,0.582314
1.79064e+09,TM_2,0.51392
1.79064e+09,TM_3,0.41202
1.79064e+09,TM_1,0.61844
1.79064e+09,TM_9,0.484525
1.79064e+09,TM_2,0.531717
1.79064e+09,TM_3,0.391846
1.79064e+09,TM_1,0.549605
1.79064e+09,TM_9,0.49671
1.79064e+09,TM_2,0.507371
1.79064e+09,TM_3,0.327314
1.79064e+09,TM_6,0.53856
1.79064e+09,TM_1,0.584121
1.79064e+09,TM_9,0.649364
1.79064e+09,TM_2,0.47719
1.79064e+09,TM_3,0.430357
1.79064e+09,TM_6,0.447054
1.79064e+09,TM_7,0.494729
1.79064e+09,TM_1,0.536267
1.79064e+09,TM_9,0.569024
1.79064e+09,TM_2,0.537666
1.79064e+09,TM_3,0.382704
1.79064e+09,TM_6,0.760367
1.79064e+09,TM_7,0.537655
1.79064e+09,TM_1,0.433468
1.79064e+09,TM_9,0.418911
1.79064e+09,TM_2,0.481105
1.79064e+09,TM_3,0.370964
1.79064e+09,TM_2,56.7391
1.79064e+09,TM_6,0.419969
1.79064e+09,TM_7,0.464511
1.79064e+09,TM_1,0.560298
1.79064e+09,TM_2,0.386214
1.79064e+09,TM_9,0.488226
1.79064e+09,TM_2,0.40288
1.79064e+09,TM_3,0.390396
1.79064e+09,TM_6,0.483956
1.79064e+09,TM_7,0.519077
1.79064e+09,TM_1,0.498385
1.79064e+09,TM_1,0.250854
1.79064e+09,TM_2,0.290227
1.79064e+09,TM_9,0.543822
1.79064e+09,TM_2,0.479979
1.79064e+09,TM_3,0.349344
1.79064e+09,TM_6,0.274576
1.79064e+09,TM_7,0.47788
1.79064e+09,TM_1,0.537638
1.79064e+09,TM_1,0.401741
1.79064e+09,TM_4,0.336807
1.79064e+09,TM_2,0.318438
1.79064e+09,TM_9,0.523275
1.79064e+09,TM_2,0.524464
1.79064e+09,TM_3,0.380609
1.79064e+09,TM_9,0.48437
1.79064e+09,TM_6,0.360589
1.79064e+09,TM_5,0.341657
1.79064e+09,TM_7,1.32247
1.79064e+09,TM_1,0.365737
1.79064e+09,TM_1,0.279766
1.79064e+09,TM_4,0.331846
1.79064e+09,TM_2,0.384602
1.79064e+09,TM_9,0.585254
1.79064e+09,TM_2,0.472892
1.79064e+09,TM_3,0.40181
1.79064e+09,TM_9,0.483942
1.79064e+09,TM_6,55.5594
1.79064e+09,TM_6,0.413451
1.79064e+09,TM_5,0.594157
1.79064e+09,TM_7,0.371502
1.79064e+09,TM_1,0.392738
1.79064e+09,TM_1,0.303252
1.79064e+09,TM_4,0.357844
1.79064e+09,TM_2,0.389844
1.79064e+09,TM_9,0.609937
1.79064e+09,TM_6,0.471364
1.79064e+09,TM_2,0.436334
1.79064e+09,TM_3,0.29588
1.79064e+09,TM_8,0.953509
1.79064e+09,TM_9,0.475644
1.79064e+09,TM_7,0.340102
1.79064e+09,TM_6,0.29957
1.79064e+09,TM_5,0.718333
1.79064e+09,TM_7,0.478929
1.79064e+09,TM_5,0.459312
1.79064e+09,TM_1,0.466637
1.79064e+09,TM_1,0.294181
1.79064e+09,TM_4,0.375303
1.79064e+09,TM_2,0.553151
1.79064e+09,TM_9,0.456952
1.79064e+09,TM_6,0.355973
1.79064e+09,TM_8,0.276244
1.79064e+09,TM_2,0.493163
1.79064e+09,TM_3,0.389237
1.79064e+09,TM_8,0.39612
1.79064e+09,TM_9,0.543947
1.79064e+09,TM_7,0.350042
1.79064e+09,TM_6,0.36206
1.79064e+09,TM_5,0.646972
1.79064e+09,TM_7,0.503036
1.79064e+09,TM_5,0.462619
1.79064e+09,TM_1,0.429884
1.79064e+09,TM_1,0.321798
1.79064e+09,TM_4,0.430832
1.79064e+09,TM_2,0.346357
1.79064e+09,TM_9,0.418635
1.79064e+09,TM_6,0.340838
1.79064e+09,TM_8,0.381194
1.79064e+09,TM_2,0.462418
1.79064e+09,TM_3,0.350366
1.79064e+09,TM_8,0.404889
1.79064e+09,TM_9,0.552525
1.79064e+09,TM_7,0.325749
1.79064e+09,TM_6,0.342557
1.79064e+09,TM_5,0.540952
1.79064e+09,TM_7,0.517209
1.79064e+09,TM_5,0.423184
1.79064e+09,TM_1,0.405946
1.79064e+09,TM_1,0.344791
1.79064e+09,TM_4,0.461852
1.79064e+09,TM_2,0.36669
1.79064e+09,TM_9,0.486183
1.79064e+09,TM_6,0.396071
1.79064e+09,TM_8,0.4132
1.79064e+09,TM_2,0.485987
1.79064e+09,TM_3,0.434512
1.79064e+09,TM_8,0.438601
1.79064e+09,TM_9,0.55743
1.79064e+09,TM_7,0.551272
1.79064e+09,TM_6,0.328428
1.79064e+09,TM_5,0.578537
1.79064e+09,TM_7,0.496323
1.79064e+09,TM_5,0.482455
1.79064e+09,TM_1,0.348812
1.79064e+09,TM_1,0.324782
1.79064e+09,TM_4,0.344727
1.79064e+09,TM_2,0.37022
1.79064e+09,TM_9,1.08586
1.79064e+09,TM_6,0.952122
1.79064e+09,TM_8,0.583503
1.79064e+09,TM_2,0.496962
1.79064e+09,TM_3,0.307446
1.79064e+09,TM_8,0.440292
1.79064e+09,TM_9,0.488257
1.79064e+09,TM_7,0.341486
1.79064e+09,TM_6,0.326414
1.79064e+09,TM_5,0.548067
1.79064e+09,TM_7,0.43184
1.79064e+09,TM_5,0.478138
1.79064e+09,TM_1,0.394605
1.79064e+09,TM_1,0.344877
1.79064e+09,TM_4,0.321155
1.79064e+09,TM_2,0.372728
1.79064e+09,TM_9,0.422481
1.79064e+09,TM_6,0.830034
1.79064e+09,TM_8,0.347069
1.79064e+09,TM_2,0.489027
1.79064e+09,TM_3,0.362309
1.79064e+09,TM_8,0.411455
1.79064e+09,TM_9,0.628453
1.79064e+09,TM_7,0.300894
1.79064e+09,TM_6,0.333419
1.79064e+09,TM_5,0.641673
1.79064e+09,TM_7,0.52732
1.79064e+09,TM_5,0.447699
1.79064e+09,TM_1,0.426858
1.79064e+09,TM_1,0.408961
1.79064e+09,TM_4,0.347733
1.79064e+09,TM_2,0.458333
1.79064e+09,TM_9,0.474666
1.79064e+09,TM_6,0.376029
1.79064e+09,TM_8,0.3895
1.79064e+09,TM_2,0.465169
1.79064e+09,TM_3,0.359069
1.79064e+09,TM_8,0.459147
1.79064e+09,TM_9,0.471411
1.79064e+09,TM_7,0.389465
1.79064e+09,TM_6,0.310496
1.79064e+09,TM_5,0.570003
1.79064e+09,TM_7,0.48686
1.79064e+09,TM_5,0.422073
1.79064e+09,TM_1,0.391206
1.79064e+09,TM_1,0.399867
1.79064e+09,TM_4,1.10546
1.79064e+09,TM_2,0.70162
1.79064e+09,TM_9,0.396086
1.79064e+09,TM_6,0.366376
1.79064e+09,TM_8,0.375126
1.79064e+09,TM_2,0.423923
1.79064e+09,TM_3,0.348846
1.79064e+09,TM_8,0.372302
1.79064e+09,TM_9,0.535164
1.79064e+09,TM_7,0.431681
1.79064e+09,TM_6,0.391575
1.79064e+09,TM_5,0.284016
1.79064e+09,TM_7,0.397016
1.79064e+09,TM_5,0.549579
1.79064e+09,TM_1,0.558809
1.79064e+09,TM_4,0.333598
1.79064e+09,TM_1,0.31348
1.79064e+09,TM_4,0.256161
1.79064e+09,TM_2,0.372161
1.79064e+09,TM_9,0.44952
1.79064e+09,TM_6,0.365426
1.79064e+09,TM_8,0.354974
1.79064e+09,TM_2,0.436896
1.79064e+09,TM_3,0.433705
1.79064e+09,TM_8,0.407346
1.79064e+09,TM_3,0.728022
1.79064e+09,TM_9,0.433253
1.79064e+09,TM_7,0.389415
1.79064e+09,TM_6,0.356674
1.79064e+09,TM_5,0.538255
1.79064e+09,TM_7,0.421744
1.79064e+09,TM_5,0.396828
1.79064e+09,TM_1,0.398537
1.79064e+09,TM_4,0.313753
1.79064e+09,TM_1,0.427509
1.79064e+09,TM_4,0.268175
1.79064e+09,TM_2,0.369211
1.79064e+09,TM_9,0.553016
1.79064e+09,TM_6,0.445552
1.79064e+09,TM_8,0.386412
1.79064e+09,TM_2,0.44182
1.79064e+09,TM_3,0.33857
1.79064e+09,TM_8,0.397314
1.79064e+09,TM_3,0.378573
1.79064e+09,TM_9,0.413917
1.79064e+09,TM_7,0.396486
1.79064e+09,TM_6,0.314227
1.79064e+09,TM_5,0.487353
1.79064e+09,TM_7,0.487162
1.79064e+09,TM_5,0.490291
1.79064e+09,TM_1,0.477966
1.79064e+09,TM_4,0.41164
1.79064e+09,TM_1,0.438202
1.79064e+09,TM_4,0.344481
1.79064e+09,TM_2,0.389819
1.79064e+09,TM_9,0.530892
1.79064e+09,TM_6,0.43412
1.79064e+09,TM_8,0.529381
1.79064e+09,TM_2,0.440918
1.79064e+09,TM_3,0.314764
1.79064e+09,TM_8,0.479252
1.79064e+09,TM_3,0.421762
1.79064e+09,TM_9,0.452521
1.79064e+09,TM_7,0.367578
1.79064e+09,TM_6,0.419808
1.79064e+09,TM_5,0.54231
1.79064e+09,TM_7,0.487112
1.79064e+09,TM_5,0.433084
1.79064e+09,TM_1,0.447313
1.79064e+09,TM_4,0.356085
1.79064e+09,TM_1,0.331476
1.79064e+09,TM_4,0.361969
1.79064e+09,TM_2,0.376916
1.79064e+09,TM_9,0.470317
1.79064e+09,TM_6,0.491858
1.79064e+09,TM_8,0.430822
1.79064e+09,TM_2,0.499637
1.79064e+09,TM_3,0.371234
1.79064e+09,TM_8,0.388119
1.79064e+09,TM_3,0.403044
1.79064e+09,TM_9,0.39294
1.79064e+09,TM_7,0.394145
1.79064e+09,TM_6,0.37478
1.79064e+09,TM_5,0.500805
1.79064e+09,TM_7,0.413522
1.79064e+09,TM_5,0.500683
1.79064e+09,TM_1,0.389097
1.79064e+09,TM_4,0.378287
1.79064e+09,TM_1,0.397228
1.79064e+09,TM_4,0.323232
1.79064e+09,TM_2,0.412321
1.79064e+09,TM_9,0.473598
1.79064e+09,TM_6,0.425496
1.79064e+09,TM_8,0.341509
1.79064e+09,TM_2,0.47258
1.79064e+09,TM_3,0.381615
1.79064e+09,TM_8,0.402571
1.79064e+09,TM_3,0.500734
1.79064e+09,TM_9,0.445422
1.79064e+09,TM_7,0.359748
1.79064e+09,TM_6,0.409454
1.79064e+09,TM_5,0.444502
1.79064e+09,TM_7,0.566948
1.79064e+09,TM_5,0.38716
1.79064e+09,TM_1,0.399726
1.79064e+09,TM_4,0.371455
1.79064e+09,TM_1,0.285189
1.79064e+09,TM_4,0.260294
1.79064e+09,TM_2,0.364902
1.79064e+09,TM_9,0.493828
1.79064e+09,TM_6,0.421619
1.79064e+09,TM_8,0.358955
1.79064e+09,TM_2,0.495128
1.79064e+09,TM_3,0.462265
1.79064e+09,TM_8,0.400486
1.79064e+09,TM_3,0.436383
1.79064e+09,TM_9,0.479853
1.79064e+09,TM_7,0.408273
1.79064e+09,TM_6,0.298926
1.79064e+09,TM_5,0.541239
1.79064e+09,TM_7,0.51478
1.79064e+09,TM_5,0.423169
1.79064e+09,TM_1,0.412022
1.79064e+09,TM_4,0.541078
1.79064e+09,TM_1,0.300887
1.79064e+09,TM_4,0.286229
1.79064e+09,TM_2,0.340943
1.79064e+09,TM_9,0.444152
1.79064e+09,TM_6,0.479017
1.79064e+09,TM_8,0.375381
1.79064e+09,TM_2,0.449893
1.79064e+09,TM_3,0.308477
1.79064e+09,TM_8,0.383535
1.79064e+09,TM_3,0.363303
1.79064e+09,TM_9,0.422321
1.79064e+09,TM_7,0.423835
1.79064e+09,TM_6,0.372117
1.79064e+09,TM_5,0.435467
1.79064e+09,TM_7,0.549214
1.79064e+09,TM_5,0.505177
1.79064e+09,TM_1,0.539956
1.79064e+09,TM_4,0.398773
1.79064e+09,TM_1,0.378786
1.79064e+09,TM_4,0.344966
1.79064e+09,TM_2,0.381598
1.79064e+09,TM_9,0.502706
1.79064e+09,TM_6,0.428905
1.79064e+09,TM_8,0.367426
1.79064e+09,TM_2,0.446466
1.79064e+09,TM_3,0.353168
1.79064e+09,TM_8,0.455118
1.79064e+09,TM_3,0.397624
1.79064e+09,TM_9,0.473597
1.79064e+09,TM_7,0.658038
1.79064e+09,TM_6,0.289927
1.79064e+09,TM_5,0.498905
1.79064e+09,TM_7,0.79971
1.79064e+09,TM_5,0.376685
1.79064e+09,TM_1,0.383559
1.79064e+09,TM_4,0.401205
1.79064e+09,TM_1,0.284604
1.79064e+09,TM_4,0.265643
1.79064e+09,TM_2,0.472471
1.79064e+09,TM_9,0.450146
1.79064e+09,TM_6,0.349765
1.79064e+09,TM_8,0.39936
1.79064e+09,TM_2,0.489277
1.79064e+09,TM_3,0.363406
1.79064e+09,TM_8,0.391845
1.79064e+09,TM_3,0.457074
1.79064e+09,TM_9,0.514543
1.79064e+09,TM_7,0.483003
1.79064e+09,TM_6,0.353014
1.79064e+09,TM_5,0.422522
1.79064e+09,TM_7,0.61558
1.79064e+09,TM_5,0.456817
1.79064e+09,TM_1,0.389576
1.79064e+09,TM_4,0.314237
1.79064e+09,TM_1,0.311745
1.79064e+09,TM_4,0.315917
1.79064e+09,TM_2,0.383868
1.79064e+09,TM_9,0.562088
1.79064e+09,TM_6,0.540488
1.79064e+09,TM_8,0.376023
1.79064e+09,TM_2,0.499858
1.79064e+09,TM_3,0.383876
1.79064e+09,TM_8,0.401535
1.79064e+09,TM_3,0.704976
1.79064e+09,TM_9,0.59624
1.79064e+09,TM_7,0.447078
1.79064e+09,TM_6,0.339996
1.79064e+09,TM_5,0.55829
1.79064e+09,TM_7,0.679416
1.79064e+09,TM_5,0.377743
1.79064e+09,TM_1,0.418076
1.79064e+09,TM_4,0.341038
1.79064e+09,TM_1,0.521144
1.79064e+09,TM_4,0.258007
1.79064e+09,TM_2,0.448456
1.79064e+09,TM_9,0.480593
1.79064e+09,TM_6,0.41308
1.79064e+09,TM_8,0.358832
1.79064e+09,TM_2,0.435506
1.79064e+09,TM_3,0.330472
1.79064e+09,TM_8,0.369322
1.79064e+09,TM_3,0.571468
1.79064e+09,TM_9,0.47684
1.79064e+09,TM_7,0.527392
1.79064e+09,TM_6,0.346581
1.79064e+09,TM_5,0.542912
1.79064e+09,TM_7,0.544404
1.79064e+09,TM_5,0.448253
1.79064e+09,TM_1,0.358157
1.79064e+09,TM_4,0.344102
1.79064e+09,TM_1,0.301874
1.79064e+09,TM_4,0.260446
1.79064e+09,TM_2,0.338326
1.79064e+09,TM_9,0.488434
1.79064e+09,TM_6,0.531761
1.79064e+09,TM_8,0.373303
1.79064e+09,TM_2,0.415732
1.79064e+09,TM_3,0.39386
1.79064e+09,TM_8,0.380947
1.79064e+09,TM_3,0.46589
1.79064e+09,TM_9,0.475447
1.79064e+09,TM_7,0.581057
1.79064e+09,TM_6,0.276672
1.79064e+09,TM_5,0.734722
1.79064e+09,TM_7,0.564303
1.79064e+09,TM_5,0.520495
1.79064e+09,TM_1,0.430887
1.79064e+09,TM_4,0.364391
1.79064e+09,TM_1,0.31451
1.79064e+09,TM_4,0.327915
1.79064e+09,TM_2,0.362145
1.79064e+09,TM_9,0.481419
1.79064e+09,TM_6,0.433696
1.79064e+09,TM_8,0.407133
1.79064e+09,TM_2,0.4483
1.79064e+09,TM_3,0.351087
1.79064e+09,TM_8,0.457468
1.79064e+09,TM_3,0.387214
1.79064e+09,TM_9,0.443225
1.79064e+09,TM_7,0.441772
1.79064e+09,TM_6,0.347621
1.79064e+09,TM_5,0.527112
1.79064e+09,TM_7,0.485183
1.79064e+09,TM_5,0.375284
1.79064e+09,TM_1,0.407487
1.79064e+09,TM_4,0.376241
1.79064e+09,TM_1,0.355998
1.79064e+09,TM_4,0.286021
1.79064e+09,TM_2,0.357512
1.79064e+09,TM_9,0.498435
1.79064e+09,TM_6,0.375279
1.79064e+09,TM_8,0.399318
1.79064e+09,TM_2,0.45734
1.79064e+09,TM_3,0.384107
1.79064e+09,TM_8,0.409404
1.79064e+09,TM_3,0.416985
1.79064e+09,TM_9,0.414595
1.79064e+09,TM_7,0.382326
1.79064e+09,TM_6,0.400411
1.79064e+09,TM_5,0.525245
1.79064e+09,TM_7,0.520583
1.79064e+09,TM_5,0.449099
1.79064e+09,TM_1,0.441243
1.79064e+09,TM_4,0.415459
1.79064e+09,TM_1,0.389855
1.79064e+09,TM_4,0.365339
1.79064e+09,TM_2,0.385624
1.79064e+09,TM_9,0.463765
1.79064e+09,TM_6,0.407775
1.79064e+09,TM_8,0.454388
1.79064e+09,TM_2,0.520189
1.79064e+09,TM_3,0.355237
1.79064e+09,TM_8,0.388417
1.79064e+09,TM_3,0.547273
1.79064e+09,TM_9,0.530054
1.79064e+09,TM_7,0.406856
1.79064e+09,TM_6,0.747306
1.79064e+09,TM_5,0.556581
1.79064e+09,TM_7,0.650896
1.79064e+09,TM_5,0.379566
1.79064e+09,TM_1,0.414034
1.79064e+09,TM_4,0.369103
1.79064e+09,TM_1,0.493058
1.79064e+09,TM_4,0.309698
1.79064e+09,TM_2,0.360972
1.79064e+09,TM_9,0.519475
1.79064e+09,TM_6,0.419069
1.79064e+09,TM_8,0.37009
1.79064e+09,TM_2,0.428825
1.79064e+09,TM_3,0.358925
1.79064e+09,TM_8,0.450648
1.79064e+09,TM_3,0.440442
1.79064e+09,TM_9,0.507903
1.79064e+09,TM_7,0.430194
1.79064e+09,TM_6,0.3937
1.79064e+09,TM_5,0.510303
1.79064e+09,TM_7,0.465338
1.79064e+09,TM_5,0.419071
1.79064e+09,TM_1,0.399439
1.79064e+09,TM_4,0.314248
1.79064e+09,TM_1,0.296011
1.79064e+09,TM_4,0.338759
1.79064e+09,TM_2,0.27369
1.79064e+09,TM_9,0.41344
1.79064e+09,TM_6,0.337492
1.79064e+09,TM_8,0.421848
1.79064e+09,TM_2,0.504505
1.79064e+09,TM_3,0.368239
1.79064e+09,TM_8,0.450558
1.79064e+09,TM_3,0.394336
1.79064e+09,TM_9,0.413708
1.79064e+09,TM_7,0.35614
1.79064e+09,TM_6,0.360796
1.79064e+09,TM_5,0.559408
1.79064e+09,TM_7,0.52091
1.79064e+09,TM_5,0.417398
1.79064e+09,TM_1,0.436414
1.79064e+09,TM_4,0.361202
1.79064e+09,TM_1,0.374453
1.79064e+09,TM_4,0.325607
1.79064e+09,TM_2,0.29154
1.79064e+09,TM_9,0.53878
1.79064e+09,TM_6,0.49375
1.79064e+09,TM_8,0.388517
1.79064e+09,TM_2,0.505428
1.79064e+09,TM_3,0.390772
1.79064e+09,TM_8,0.458697
1.79064e+09,TM_3,0.450623
1.79064e+09,TM_9,0.645549
1.79064e+09,TM_7,0.373854
1.79064e+09,TM_6,0.336887
1.79064e+09,TM_5,0.532509
1.79064e+09,TM_7,0.51678
1.79064e+09,TM_5,0.495788
1.79064e+09,TM_1,0.428357
1.79064e+09,TM_4,0.36866
1.79064e+09,TM_1,0.348972
1.79064e+09,TM_4,0.307677
1.79064e+09,TM_2,0.397716
1.79064e+09,TM_9,0.512383
1.79064e+09,TM_6,0.452011
1.79064e+09,TM_8,0.382836
1.79064e+09,TM_2,0.566341
1.79064e+09,TM_3,0.457732
1.79064e+09,TM_8,0.505328
1.79064e+09,TM_3,0.548299
1.79064e+09,TM_9,0.693926
1.79064e+09,TM_7,0.416629
1.79064e+09,TM_6,0.336195
1.79064e+09,TM_5,0.506029
1.79064e+09,TM_7,0.598687
1.79064e+09,TM_5,0.424582
1.79064e+09,TM_1,0.445446
1.79064e+09,TM_4,0.290628
1.79064e+09,TM_1,0.336629
1.79064e+09,TM_4,0.308826
1.79064e+09,TM_2,0.336357
1.79064e+09,TM_9,0.521931
1.79064e+09,TM_6,0.501281
1.79064e+09,TM_8,0.392632
1.79064e+09,TM_2,0.484025
1.79064e+09,TM_3,0.411436
1.79064e+09,TM_8,0.407582
1.79064e+09,TM_3,0.592276
1.79064e+09,TM_9,0.509326
1.79064e+09,TM_7,0.417831
1.79064e+09,TM_6,0.313329
1.79064e+09,TM_5,0.592792
1.79064e+09,TM_7,0.476253
1.79064e+09,TM_5,0.378964
1.79064e+09,TM_1,0.399699
1.79064e+09,TM_4,0.346179
1.79064e+09,TM_1,0.742782
1.79064e+09,TM_4,0.31605
1.79064e+09,TM_2,0.323679
1.79064e+09,TM_9,0.51808
1.79064e+09,TM_6,0.416234
1.79064e+09,TM_8,0.446201
1.79064e+09,TM_2,0.394589
1.79064e+09,TM_3,0.373077
1.79064e+09,TM_8,0.37699
1.79064e+09,TM_3,0.525517
1.79064e+09,TM_9,0.505853
1.79064e+09,TM_7,0.398891
1.79064e+09,TM_6,0.51895
1.79064e+09,TM_5,0.524957
1.79064e+09,TM_7,0.467017
1.79064e+09,TM_5,0.449743
1.79064e+09,TM_1,0.386251
1.79064e+09,TM_4,0.303056
1.79064e+09,TM_1,0.270847
1.79064e+09,TM_4,0.283522
1.79064e+09,TM_2,0.31833
1.79064e+09,TM_9,0.530973
1.79064e+09,TM_6,0.41138
1.79064e+09,TM_8,0.326607
1.79064e+09,TM_2,0.430819
1.79064e+09,TM_3,0.38755
1.79064e+09,TM_8,0.389069
1.79064e+09,TM_3,0.802037
1.79064e+09,TM_9,0.489481
1.79064e+09,TM_7,0.379365
1.79064e+09,TM_6,0.325559
1.79064e+09,TM_5,0.744484
1.79064e+09,TM_7,0.497497
1.79064e+09,TM_5,0.4967
1.79064e+09,TM_1,0.418177
1.79064e+09,TM_4,0.297831
1.79064e+09,TM_1,0.27673
1.79064e+09,TM_4,0.314509
1.79064e+09,TM_2,0.360707
1.79064e+09,TM_9,0.523818
1.79064e+09,TM_6,0.615518
1.79064e+09,TM_8,0.365806
1.79064e+09,TM_2,0.379825
1.79064e+09,TM_3,0.391713
1.79064e+09,TM_8,0.386026
1.79064e+09,TM_3,0.371181
1.79064e+09,TM_9,0.506202
1.79064e+09,TM_7,0.340574
1.79064e+09,TM_6,0.300481
1.79064e+09,TM_5,0.487173
1.79064e+09,TM_7,0.436489
1.79064e+09,TM_5,0.343031
1.79064e+09,TM_1,0.441086
1.79064e+09,TM_4,0.294921
1.79064e+09,TM_1,0.26731
1.79064e+09,TM_4,0.249203
1.79064e+09,TM_2,0.30333
1.79064e+09,TM_9,0.448019
1.79064e+09,TM_6,0.430338
1.79064e+09,TM_8,0.443365
1.79064e+09,TM_2,0.379577
1.79064e+09,TM_3,0.373698
1.79064e+09,TM_8,0.384435
1.79064e+09,TM_3,0.350366
1.79064e+09,TM_9,0.443263
1.79064e+09,TM_7,0.412349
1.79064e+09,TM_6,0.318979
1.79064e+09,TM_5,0.394102
1.79064e+09,TM_7,0.457435
1.79064e+09,TM_5,0.437614
1.79064e+09,TM_1,0.382437
1.79064e+09,TM_4,0.315722
1.79064e+09,TM_1,0.262301
1.79064e+09,TM_4,0.278011
1.79064e+09,TM_2,0.314089
1.79064e+09,TM_9,0.399147
1.79064e+09,TM_6,0.56253
1.79064e+09,TM_8,0.351635
1.79064e+09,TM_2,0.411185
1.79064e+09,TM_3,0.306825
1.79064e+09,TM_8,0.361733
1.79064e+09,TM_3,0.354707
1.79064e+09,TM_9,0.455105
1.79064e+09,TM_7,0.328381
1.79064e+09,TM_6,0.285779
1.79064e+09,TM_5,0.493279
1.79064e+09,TM_7,0.445438
1.79064e+09,TM_5,0.436472
1.79064e+09,TM_1,0.380373
1.79064e+09,TM_4,0.304551
1.79064e+09,TM_1,0.264102
1.79064e+09,TM_4,0.290543
1.79064e+09,TM_2,0.318115
1.79064e+09,TM_9,0.420264
1.79064e+09,TM_6,0.445637
1.79064e+09,TM_8,0.316055
1.79064e+09,TM_2,0.432869
1.79064e+09,TM_3,0.377578
1.79064e+09,TM_8,0.373908
1.79064e+09,TM_3,0.381611
1.79064e+09,TM_9,0.489685
1.79064e+09,TM_7,0.570678
1.79064e+09,TM_6,0.376232
1.79064e+09,TM_5,0.579368
1.79064e+09,TM_7,0.551444
1.79064e+09,TM_5,0.397504
1.79064e+09,TM_1,0.362743
1.79064e+09,TM_4,0.299824
1.79064e+09,TM_1,0.264415
1.79064e+09,TM_4,0.252112
1.79064e+09,TM_2,0.330379
1.79064e+09,TM_9,0.520919
1.79064e+09,TM_6,0.569037
1.79064e+09,TM_8,0.321857
1.79064e+09,TM_2,0.476619
1.79064e+09,TM_3,0.415759
1.79064e+09,TM_8,0.372144
1.79064e+09,TM_3,0.485313
1.79064e+09,TM_9,0.610872
1.79064e+09,TM_7,0.404411
1.79064e+09,TM_6,0.293436
1.79064e+09,TM_5,0.526465
1.79064e+09,TM_7,0.6412
1.79064e+09,TM_5,0.426964
1.79064e+09,TM_1,0.371073
1.79064e+09,TM_4,0.312729
1.79064e+09,TM_1,0.275531
1.79064e+09,TM_4,0.269127
1.79064e+09,TM_2,0.423561
1.79064e+09,TM_9,0.37906
1.79064e+09,TM_6,0.461822
1.79064e+09,TM_8,0.383464
1.79064e+09,TM_2,0.55936
1.79064e+09,TM_3,0.375696
1.79064e+09,TM_8,0.373245
1.79064e+09,TM_3,0.399949
1.79064e+09,TM_9,0.468138
1.79064e+09,TM_7,0.354558
1.79064e+09,TM_6,0.404902
1.79064e+09,TM_5,0.655179
1.79064e+09,TM_7,0.655163
1.79064e+09,TM_5,0.404161
1.79064e+09,TM_1,0.422399
1.79064e+09,TM_4,0.289908
1.79064e+09,TM_1,0.270329
1.79064e+09,TM_4,0.248052
1.79064e+09,TM_2,0.332986
1.79064e+09,TM_9,0.42306
1.79064e+09,TM_6,0.453598
1.79064e+09,TM_8,0.350582
1.79064e+09,TM_2,0.490755
1.79064e+09,TM_3,0.47607
1.79064e+09,TM_8,0.399667
1.79064e+09,TM_3,0.469111
1.79064e+09,TM_9,0.557694
1.79064e+09,TM_7,0.356542
1.79064e+09,TM_6,0.319385
1.79064e+09,TM_5,0.559967
1.79064e+09,TM_7,0.769129
1.79064e+09,TM_5,0.508622
1.79064e+09,TM_1,0.530176
1.79064e+09,TM_4,0.327228
1.79064e+09,TM_1,0.280535
1.79064e+09,TM_4,0.368245
1.79064e+09,TM_2,0.32554
1.79064e+09,TM_9,0.426067
1.79064e+09,TM_6,0.541082
1.79064e+09,TM_8,0.387936
1.79064e+09,TM_2,0.478278
1.79064e+09,TM_3,0.378595
1.79064e+09,TM_8,0.385893
1.79064e+09,TM_3,0.445808
1.79064e+09,TM_9,0.519007
1.79064e+09,TM_7,0.464843
1.79064e+09,TM_6,0.373176
1.79064e+09,TM_5,0.501102
1.79064e+09,TM_7,0.54844
1.79064e+09,TM_5,0.402988
1.79064e+09,TM_1,0.460399
1.79064e+09,TM_4,0.366914
1.79064e+09,TM_1,0.311585
1.79064e+09,TM_4,0.285843
1.79064e+09,TM_2,0.30867
1.79064e+09,TM_9,0.466797
1.79064e+09,TM_6,0.508655
1.79064e+09,TM_8,0.327613
1.79064e+09,TM_2,0.493629
1.79064e+09,TM_3,0.375568
1.79064e+09,TM_8,0.390071
1.79064e+09,TM_3,0.445794
1.79064e+09,TM_9,0.490277
1.79064e+09,TM_7,0.353647
1.79064e+09,TM_6,0.381009
1.79064e+09,TM_5,0.588558
1.79064e+09,TM_7,0.541113
1.79064e+09,TM_5,0.374395
1.79064e+09,TM_1,0.332679
1.79064e+09,TM_4,0.333556
1.79064e+09,TM_1,0.286526
1.79064e+09,TM_4,0.268999
1.79064e+09,TM_2,0.356247
1.79064e+09,TM_9,0.427143
1.79064e+09,TM_6,0.396971
1.79064e+09,TM_8,0.336227
1.79064e+09,TM_2,0.443539
1.79064e+09,TM_3,0.442321
1.79064e+09,TM_8,0.360914
1.79064e+09,TM_3,0.404988
1.79064e+09,TM_9,0.467941
1.79064e+09,TM_7,0.430753
1.79064e+09,TM_6,0.288915
1.79064e+09,TM_5,0.537031
1.79064e+09,TM_7,0.614185
1.79064e+09,TM_5,0.39167
1.79064e+09,TM_1,0.428882
1.79064e+09,TM_4,0.421824
1.79064e+09,TM_1,0.303144
1.79064e+09,TM_4,0.565571
1.79064e+09,TM_2,0.353419
1.79064e+09,TM_9,0.534864
1.79064e+09,TM_6,0.563734
1.79064e+09,TM_8,0.358909
1.79064e+09,TM_2,0.502198
1.79064e+09,TM_3,0.466114
1.79064e+09,TM_8,0.384647
1.79064e+09,TM_3,0.602056
1.79064e+09,TM_9,0.486018
1.79064e+09,TM_7,0.473125
1.79064e+09,TM_6,0.325612
1.79064e+09,TM_5,0.527095
1.79064e+09,TM_7,0.689595
1.79064e+09,TM_5,0.463773
1.79064e+09,TM_1,0.344423
1.79064e+09,TM_4,0.330134
1.79064e+09,TM_1,0.309816
1.79064e+09,TM_4,0.324257
1.79064e+09,TM_2,0.392215
1.79064e+09,TM_9,0.445471
1.79064e+09,TM_6,0.377854
1.79064e+09,TM_8,0.400137
1.79064e+09,TM_2,0.514326
1.79064e+09,TM_3,0.474508
1.79064e+09,TM_8,0.378852
1.79064e+09,TM_3,0.467767
1.79064e+09,TM_9,0.473203
1.79064e+09,TM_7,0.440285
1.79064e+09,TM_6,0.275872
1.79064e+09,TM_5,0.519352
1.79064e+09,TM_7,0.555969
1.79064e+09,TM_5,0.389466
1.79064e+09,TM_1,0.366406
1.79064e+09,TM_4,0.282076
1.79064e+09,TM_1,0.303258
1.79064e+09,TM_4,0.299692
1.79064e+09,TM_2,0.317327
1.79064e+09,TM_9,0.468042
1.79064e+09,TM_6,0.501102
1.79064e+09,TM_8,0.346776
1.79064e+09,TM_2,0.446723
1.79064e+09,TM_3,0.434487
1.79064e+09,TM_8,0.398223
1.79064e+09,TM_3,0.410487
1.79064e+09,TM_9,0.482924
1.79064e+09,TM_7,0.390627
1.79064e+09,TM_6,0.411595
1.79064e+09,TM_5,0.530569
1.79064e+09,TM_7,0.585235
1.79064e+09,TM_5,0.375527
1.79064e+09,TM_1,0.412825
1.79064e+09,TM_4,0.314295
1.79064e+09,TM_1,0.684622
1.79064e+09,TM_4,0.460696
1.79064e+09,TM_2,0.309805
1.79064e+09,TM_9,0.509679
1.79064e+09,TM_6,0.511257
1.79064e+09,TM_8,0.34526
1.79064e+09,TM_2,0.575364
1.79064e+09,TM_3,0.425916
1.79064e+09,TM_8,0.450646
1.79064e+09,TM_3,0.475145
1.79064e+09,TM_9,0.502035
1.79064e+09,TM_7,0.454598
1.79064e+09,TM_6,0.389687
1.79064e+09,TM_5,0.40397
1.79064e+09,TM_7,0.548819
1.79064e+09,TM_5,0.347868
1.79064e+09,TM_1,0.362518
1.79064e+09,TM_4,0.317113
1.79064e+09,TM_1,0.258083
1.79064e+09,TM_4,0.29869
1.79064e+09,TM_2,0.308445
1.79064e+09,TM_9,0.637034
1.79064e+09,TM_6,0.543494
1.79064e+09,TM_8,0.360918
1.79064e+09,TM_2,0.422405
1.79064e+09,TM_3,0.362825
1.79064e+09,TM_8,0.386959
1.79064e+09,TM_3,0.452796
1.79064e+09,TM_9,0.473747
1.79064e+09,TM_7,0.338395
1.79064e+09,TM_6,0.304754
1.79064e+09,TM_5,0.509305
1.79064e+09,TM_7,0.486772
1.79064e+09,TM_5,0.433816
1.79064e+09,TM_1,0.561979
1.79064e+09,TM_4,0.335062
1.79064e+09,TM_1,0.296799
1.79064e+09,TM_4,0.353632
1.79064e+09,TM_2,0.295917
1.79064e+09,TM_9,0.437393
1.79064e+09,TM_6,0.509612
1.79064e+09,TM_8,0.338047
1.79064e+09,TM_2,0.429805
1.79064e+09,TM_3,0.434486
1.79064e+09,TM_8,0.406364
1.79064e+09,TM_3,0.507606
1.79064e+09,TM_9,0.47803
1.79064e+09,TM_7,0.425055
1.79064e+09,TM_6,0.39402
1.79064e+09,TM_5,2.27462
1.79064e+09,TM_7,0.710044
1.79064e+09,TM_5,0.384299
1.79064e+09,TM_1,0.357719
1.79064e+09,TM_4,0.303619
1.79064e+09,TM_1,0.248592
1.79064e+09,TM_4,0.283275
1.79064e+09,TM_2,0.326415
1.79064e+09,TM_9,0.608056
1.79064e+09,TM_6,0.552043
1.79064e+09,TM_8,0.400395
1.79064e+09,TM_2,0.623379
1.79064e+09,TM_3,0.394001
1.79064e+09,TM_8,0.413982
1.79064e+09,TM_3,0.50325
1.79064e+09,TM_9,0.533844
1.79064e+09,TM_7,0.327931
1.79064e+09,TM_6,0.373836
1.79064e+09,TM_5,0.489072
1.79064e+09,TM_7,0.65879
1.79064e+09,TM_5,0.410357
1.79064e+09,TM_1,0.449022
1.79064e+09,TM_4,0.308287
1.79064e+09,TM_1,0.238269
1.79064e+09,TM_4,0.316745
1.79064e+09,TM_2,0.285767
1.79064e+09,TM_9,0.503976
1.79064e+09,TM_6,0.554025
1.79064e+09,TM_8,0.385709
1.79064e+09,TM_2,0.585834
1.79064e+09,TM_3,0.432225
1.79064e+09,TM_8,0.389373
1.79064e+09,TM_3,0.50458
1.79064e+09,TM_9,0.521901
1.79064e+09,TM_7,0.470622
1.79064e+09,TM_6,0.426537
1.79064e+09,TM_5,0.544343
1.79064e+09,TM_7,0.521522
1.79064e+09,TM_5,0.42325
1.79064e+09,TM_1,0.367601
1.79064e+09,TM_4,0.290913
1.79064e+09,TM_1,0.2483
1.79064e+09,TM_4,0.317604
1.79064e+09,TM_2,0.335678
1.79064e+09,TM_9,0.524951
1.79064e+09,TM_6,0.522473
1.79064e+09,TM_8,0.375795
1.79064e+09,TM_2,0.628224
1.79064e+09,TM_3,0.417164
1.79064e+09,TM_8,0.432113
1.79064e+09,TM_3,0.496972
1.79064e+09,TM_9,0.48846
1.79064e+09,TM_7,0.394378
1.79064e+09,TM_6,0.367014
1.79064e+09,TM_5,0.555028
1.79064e+09,TM_7,0.646086
1.79064e+09,TM_5,0.357188
1.79064e+09,TM_1,0.329737
1.79064e+09,TM_4,0.376434
1.79064e+09,TM_1,0.242736
1.79064e+09,TM_4,0.312407
1.79064e+09,TM_2,0.306725
1.79064e+09,TM_9,0.467071
1.79064e+09,TM_6,0.515706
1.79064e+09,TM_8,0.31258
1.79064e+09,TM_2,0.527642
1.79064e+09,TM_3,0.433701
1.79064e+09,TM_8,0.420895
1.79064e+09,TM_3,0.44822
1.79064e+09,TM_9,0.474733
1.79064e+09,TM_7,0.362913
1.79064e+09,TM_6,0.399577
1.79064e+09,TM_5,0.54857
1.79064e+09,TM_7,0.704381
1.79064e+09,TM_5,0.420976
1.79064e+09,TM_1,0.450507
1.79064e+09,TM_4,0.427078
1.79064e+09,TM_1,0.28502
1.79064e+09,TM_4,0.332499
1.79064e+09,TM_2,0.335385
1.79064e+09,TM_9,0.557606
1.79064e+09,TM_6,0.606636
1.79064e+09,TM_8,0.504168
1.79064e+09,TM_2,0.557976
1.79064e+09,TM_3,0.384511
1.79064e+09,TM_8,0.435146
1.79064e+09,TM_3,0.456606
1.79064e+09,TM_9,0.47213
1.79064e+09,TM_7,0.538681
1.79064e+09,TM_6,0.360926
1.79064e+09,TM_5,0.524947
1.79064e+09,TM_7,0.615221
1.79064e+09,TM_5,0.379247
1.79064e+09,TM_1,0.358987
1.79064e+09,TM_4,0.350345
1.79064e+09,TM_1,0.282328
1.79064e+09,TM_4,0.258165
1.79064e+09,TM_2,0.35055
1.79064e+09,TM_9,0.458404
1.79064e+09,TM_6,0.461273
1.79064e+09,TM_8,0.385116
1.79064e+09,TM_2,0.541533
1.79064e+09,TM_3,0.363608
1.79064e+09,TM_8,0.404322
1.79064e+09,TM_3,0.449786
1.79064e+09,TM_9,0.459687
1.79064e+09,TM_7,0.409616
1.79064e+09,TM_6,0.306036
1.79064e+09,TM_5,0.510439
1.79064e+09,TM_7,0.6443
1.79064e+09,TM_5,0.35639
1.79064e+09,TM_1,0.394868
1.79064e+09,TM_4,0.310738
1.79064e+09,TM_1,0.272602
1.79064e+09,TM_4,0.281186
1.79064e+09,TM_2,0.381828
1.79064e+09,TM_9,0.54571
1.79064e+09,TM_6,0.567143
1.79064e+09,TM_8,0.340592
1.79064e+09,TM_2,0.531937
1.79064e+09,TM_3,0.434323
1.79064e+09,TM_8,0.44244
1.79064e+09,TM_3,0.475051
1.79064e+09,TM_9,0.618906
1.79064e+09,TM_7,0.461852
1.79064e+09,TM_6,0.379178
1.79064e+09,TM_5,0.54737
1.79064e+09,TM_7,0.69593
1.79064e+09,TM_5,0.406539
1.79064e+09,TM_1,0.361161
1.79064e+09,TM_4,0.3249
1.79064e+09,TM_1,0.247773
1.79064e+09,TM_4,0.273464
1.79064e+09,TM_2,0.316741
1.79064e+09,TM_9,0.576711
1.79064e+09,TM_6,0.586963
1.79064e+09,TM_8,0.326766
1.79064e+09,TM_2,0.53813
1.79064e+09,TM_3,0.429606
1.79064e+09,TM_8,0.408669
1.79064e+09,TM_3,0.4737
1.79064e+09,TM_9,0.486106
1.79064e+09,TM_7,0.409617
1.79064e+09,TM_6,0.39645
1.79064e+09,TM_5,0.481999
1.79064e+09,TM_7,0.683312
1.79064e+09,TM_5,0.36352
1.79064e+09,TM_1,0.381574
1.79064e+09,TM_4,0.302721
1.79064e+09,TM_1,0.274198
1.79064e+09,TM_4,0.262973
1.79064e+09,TM_2,0.336731
1.79064e+09,TM_9,0.552735
1.79064e+09,TM_6,0.482966
1.79064e+09,TM_8,0.327291
1.79064e+09,TM_2,0.533447
1.79064e+09,TM_3,0.40571
1.79064e+09,TM_8,0.458428
1.79064e+09,TM_3,0.452822
1.79064e+09,TM_9,0.538303
1.79064e+09,TM_7,0.527749
1.79064e+09,TM_6,0.498366
1.79064e+09,TM_5,0.643519
1.79064e+09,TM_7,0.571719
1.79064e+09,TM_5,0.37262
1.79064e+09,TM_1,0.422001
1.79064e+09,TM_4,0.709731
1.79064e+09,TM_1,0.349449
1.79064e+09,TM_4,0.394853
1.79064e+09,TM_2,0.321084
1.79064e+09,TM_9,0.469549
1.79064e+09,TM_6,0.500672
1.79064e+09,TM_8,0.390291
1.79064e+09,TM_2,0.504482
1.79064e+09,TM_3,0.367265
1.79064e+09,TM_8,0.43192
1.79064e+09,TM_3,0.415793
1.79064e+09,TM_9,0.48308
1.79064e+09,TM_7,0.623326
1.79064e+09,TM_6,0.397951
1.79064e+09,TM_5,0.549654
1.79064e+09,TM_7,0.525181
1.79064e+09,TM_5,0.37514
1.79064e+09,TM_1,0.40815
1.79064e+09,TM_4,0.312558
1.79064e+09,TM_1,0.246493
1.79064e+09,TM_4,0.321636
1.79064e+09,TM_2,0.265203
1.79064e+09,TM_9,0.46052
1.79064e+09,TM_6,0.550945
1.79064e+09,TM_8,0.39433
1.79064e+09,TM_2,0.539491
1.79064e+09,TM_3,0.384852
1.79064e+09,TM_8,0.436385
1.79064e+09,TM_3,0.46938
1.79064e+09,TM_9,0.463524
1.79064e+09,TM_7,0.39448
1.79064e+09,TM_6,0.388617
1.79064e+09,TM_5,0.494116
1.79064e+09,TM_7,0.656935
1.79064e+09,TM_5,0.431039
1.79064e+09,TM_1,0.38816
1.79064e+09,TM_4,0.359802
1.79064e+09,TM_1,0.296088
1.79064e+09,TM_4,0.334865
1.79064e+09,TM_2,0.304828
1.79064e+09,TM_9,0.524331
1.79064e+09,TM_6,0.581648
1.79064e+09,TM_8,0.399217
1.79064e+09,TM_2,0.561933
1.79064e+09,TM_3,0.374811
1.79064e+09,TM_8,0.70876
1.79064e+09,TM_3,0.442608
1.79064e+09,TM_9,0.463291
1.79064e+09,TM_7,0.645511
1.79064e+09,TM_6,0.411105
1.79064e+09,TM_5,0.543961
1.79064e+09,TM_7,0.646106
1.79064e+09,TM_5,0.360772
1.79064e+09,TM_1,0.443307
1.79064e+09,TM_4,0.376091
1.79064e+09,TM_1,0.253705
1.79064e+09,TM_4,0.342235
1.79064e+09,TM_2,0.309309
1.79064e+09,TM_9,0.531852
1.79064e+09,TM_6,0.511247
1.79064e+09,TM_8,0.394642
1.79064e+09,TM_2,0.480319
1.79064e+09,TM_3,0.350193
1.79064e+09,TM_8,0.384926
1.79064e+09,TM_3,0.463812
1.79064e+09,TM_9,0.457805
1.79064e+09,TM_7,0.405162
1.79064e+09,TM_6,0.360068
1.79064e+09,TM_5,0.513806
1.79064e+09,TM_7,0.521072
1.79064e+09,TM_5,0.435417
1.79064e+09,TM_1,0.407147
1.79064e+09,TM_4,0.378482
1.79064e+09,TM_1,0.27679
1.79064e+09,TM_4,0.360861
1.79064e+09,TM_2,0.284407
1.79064e+09,TM_9,0.523956
1.79064e+09,TM_6,0.542384
1.79064e+09,TM_8,0.421552
1.79064e+09,TM_2,0.49386
1.79064e+09,TM_3,0.366426
1.79064e+09,TM_8,0.436889
1.79064e+09,TM_3,0.441138
1.79064e+09,TM_9,0.507592
1.79064e+09,TM_7,0.563602
1.79064e+09,TM_6,0.439433
1.79064e+09,TM_5,0.703075
1.79064e+09,TM_7,0.625263
1.79064e+09,TM_5,0.447607
1.79064e+09,TM_1,0.53149
1.79064e+09,TM_4,0.414498
1.79064e+09,TM_1,0.254006
1.79064e+09,TM_4,0.380384
1.79064e+09,TM_2,0.336773
1.79064e+09,TM_9,0.532072
1.79064e+09,TM_6,0.575081
1.79064e+09,TM_8,0.39478
1.79064e+09,TM_2,0.501599
1.79064e+09,TM_3,0.367544
1.79064e+09,TM_8,0.52961
1.79064e+09,TM_3,0.430043
1.79064e+09,TM_9,0.50581
1.79064e+09,TM_7,0.41024
1.79064e+09,TM_6,0.459123
1.79064e+09,TM_5,0.509284
1.79064e+09,TM_7,0.542433
1.79064e+09,TM_5,0.381284
1.79064e+09,TM_1,0.422379
1.79064e+09,TM_4,0.376107
1.79064e+09,TM_1,0.292479
1.79064e+09,TM_4,0.302153
1.79064e+09,TM_2,0.282327
1.79064e+09,TM_9,0.480881
1.79064e+09,TM_6,0.501479
1.79064e+09,TM_8,0.475263
1.79064e+09,TM_2,0.455999
1.79064e+09,TM_3,0.470211
1.79064e+09,TM_8,0.437611
1.79064e+09,TM_3,0.413644
1.79064e+09,TM_9,0.454683
1.79064e+09,TM_7,0.424772
1.79064e+09,TM_6,0.406136
1.79064e+09,TM_5,0.483232
1.79064e+09,TM_7,0.504079
1.79064e+09,TM_5,0.413433
1.79064e+09,TM_1,0.393733
1.79064e+09,TM_4,0.338474
1.79064e+09,TM_1,0.248797
1.79064e+09,TM_4,0.343181
1.79064e+09,TM_2,0.330383
1.79064e+09,TM_9,0.470508
1.79064e+09,TM_6,0.534815
1.79064e+09,TM_8,0.393849
1.79064e+09,TM_2,0.476917
1.79064e+09,TM_3,0.394304
1.79064e+09,TM_8,0.482725
1.79064e+09,TM_3,0.44835
1.79064e+09,TM_9,0.453727
1.79064e+09,TM_7,0.507461
1.79064e+09,TM_6,0.350087
1.79064e+09,TM_5,0.522868
1.79064e+09,TM_7,0.538133
1.79064e+09,TM_5,0.383804
1.79064e+09,TM_1,0.399367
1.79064e+09,TM_4,0.377963
1.79064e+09,TM_1,0.315909
1.79064e+09,TM_4,0.385473
1.79064e+09,TM_2,0.319298
1.79064e+09,TM_9,0.488506
1.79064e+09,TM_6,0.535263
1.79064e+09,TM_8,0.446547
1.79064e+09,TM_2,0.520366
1.79064e+09,TM_3,0.421047
1.79064e+09,TM_8,0.46619
1.79064e+09,TM_3,0.423997
1.79064e+09,TM_9,0.477286
1.79064e+09,TM_7,0.475724
1.79064e+09,TM_6,0.509579
1.79064e+09,TM_5,0.463299
1.79064e+09,TM_7,0.649769
1.79064e+09,TM_5,0.372806
1.79064e+09,TM_1,0.387157
1.79064e+09,TM_4,0.303671
1.79064e+09,TM_1,0.24007
1.79064e+09,TM_4,0.300131
1.79064e+09,TM_2,0.371001
1.79064e+09,TM_9,0.511403
1.79064e+09,TM_6,0.576989
1.79064e+09,TM_8,0.390153
1.79064e+09,TM_2,0.479189
1.79064e+09,TM_3,0.391476
1.79064e+09,TM_8,0.42967
1.79064e+09,TM_3,0.428747
1.79064e+09,TM_9,0.446591
1.79064e+09,TM_7,0.425894
1.79064e+09,TM_6,0.435234
1.79064e+09,TM_5,0.533655
1.79064e+09,TM_7,0.613215
1.79064e+09,TM_5,0.392183
1.79064e+09,TM_1,0.397732
1.79064e+09,TM_4,0.444936
1.79064e+09,TM_1,0.300976
1.79064e+09,TM_4,0.349834
1.79064e+09,TM_2,0.31178
1.79064e+09,TM_9,0.525986
1.79064e+09,TM_6,0.565315
1.79064e+09,TM_8,0.403165
1.79064e+09,TM_2,0.476282
1.79064e+09,TM_3,0.468994
1.79064e+09,TM_8,0.472288
1.79064e+09,TM_3,0.39819
1.79064e+09,TM_9,0.411237
1.79064e+09,TM_7,0.543271
1.79064e+09,TM_6,0.380443
1.79064e+09,TM_5,0.536915
1.79064e+09,TM_7,0.606302
1.79064e+09,TM_5,0.397304
1.79064e+09,TM_1,0.4146
1.79064e+09,TM_4,0.317328
1.79064e+09,TM_1,0.297767
1.79064e+09,TM_4,0.357003
1.79064e+09,TM_2,0.29929
1.79064e+09,TM_9,0.50383
1.79064e+09,TM_6,0.538579
1.79064e+09,TM_8,0.381093
1.79064e+09,TM_2,0.469855
1.79064e+09,TM_3,0.357689
1.79064e+09,TM_8,0.525088
1.79064e+09,TM_3,0.395138
1.79064e+09,TM_9,0.448907
1.79064e+09,TM_7,0.440944
1.79064e+09,TM_6,0.337022
1.79064e+09,TM_5,0.481534
1.79064e+09,TM_7,0.548486
1.79064e+09,TM_5,0.383762
1.79064e+09,TM_1,0.45281
1.79064e+09,TM_4,0.268858
1.79064e+09,TM_1,0.285824
1.79064e+09,TM_4,0.285174
1.79064e+09,TM_2,0.379941
1.79064e+09,TM_9,0.498519
1.79064e+09,TM_6,0.554328
1.79064e+09,TM_8,0.47236
1.79064e+09,TM_2,0.468477
1.79064e+09,TM_3,0.335153
1.79064e+09,TM_8,0.440698
1.79064e+09,TM_3,0.407958
1.79064e+09,TM_9,0.514733
1.79064e+09,TM_7,0.435749
1.79064e+09,TM_6,0.377277
1.79064e+09,TM_5,0.46604
1.79064e+09,TM_7,0.562077
1.79064e+09,TM_5,0.378252
1.79064e+09,TM_1,0.393637
1.79064e+09,TM_4,0.314783
1.79064e+09,TM_1,0.272801
1.79064e+09,TM_4,0.270274
1.79064e+09,TM_2,0.30781
1.79064e+09,TM_9,0.4338
1.79064e+09,TM_6,0.450986
1.79064e+09,TM_8,0.384344
1.79064e+09,TM_2,0.453674
1.79064e+09,TM_3,0.340761
1.79064e+09,TM_8,0.456719
1.79064e+09,TM_3,0.415532
1.79064e+09,TM_9,0.508076
1.79064e+09,TM_7,0.468163
1.79064e+09,TM_6,0.386808
1.79064e+09,TM_5,0.535072
1.79064e+09,TM_7,0.584961
1.79064e+09,TM_5,0.386248
1.79064e+09,TM_1,0.519674
1.79064e+09,TM_4,0.440426
1.79064e+09,TM_1,0.276554
1.79064e+09,TM_4,0.313165
1.79064e+09,TM_2,0.304669
1.79064e+09,TM_9,0.458198
1.79064e+09,TM_6,0.445125
1.79064e+09,TM_8,0.363194
1.79064e+09,TM_2,0.470426
1.79064e+09,TM_3,0.368728
1.79064e+09,TM_8,0.424725
1.79064e+09,TM_3,0.407959
1.79064e+09,TM_9,0.459451
1.79064e+09,TM_7,0.432591
1.79064e+09,TM_6,0.380506
1.79064e+09,TM_5,0.488279
1.79064e+09,TM_7,0.524438
1.79064e+09,TM_5,0.359795
1.79064e+09,TM_1,0.404831
1.79064e+09,TM_4,0.34832
1.79064e+09,TM_1,0.270134
1.79064e+09,TM_4,0.355513
1.79064e+09,TM_2,0.367138
1.79064e+09,TM_9,0.51606
1.79064e+09,TM_6,0.580601
1.79064e+09,TM_8,0.433779
1.79064e+09,TM_2,0.490537
1.79064e+09,TM_3,0.336713
1.79064e+09,TM_8,0.450309
1.79064e+09,TM_3,0.37891
1.79064e+09,TM_9,0.601586
1.79064e+09,TM_7,0.457004
1.79064e+09,TM_6,0.415542
1.79064e+09,TM_5,0.533993
1.79064e+09,TM_7,0.491806
1.79064e+09,TM_5,0.413059
1.79064e+09,TM_1,0.400078
1.79064e+09,TM_4,0.324088
1.79064e+09,TM_1,0.272965
1.79064e+09,TM_4,0.259534
1.79064e+09,TM_2,0.459555
1.79064e+09,TM_9,0.450011
1.79064e+09,TM_6,0.46571
1.79064e+09,TM_8,0.406489
1.79064e+09,TM_2,0.507102
1.79064e+09,TM_3,0.444485
1.79064e+09,TM_8,0.453314
1.79064e+09,TM_3,0.44015
1.79064e+09,TM_9,0.578524
1.79064e+09,TM_7,0.497517
1.79064e+09,TM_6,0.367872
1.79064e+09,TM_5,0.556772
1.79064e+09,TM_7,0.745042
1.79064e+09,TM_5,0.381396
1.79064e+09,TM_1,0.316327
1.79064e+09,TM_4,0.272017
1.79064e+09,TM_1,0.246587
1.79064e+09,TM_4,0.258927
1.79064e+09,TM_2,0.350698
1.79064e+09,TM_9,0.433739
1.79064e+09,TM_6,0.476497
1.79064e+09,TM_8,0.359896
1.79064e+09,TM_2,0.618849
1.79064e+09,TM_3,0.417394
1.79064e+09,TM_8,0.428771
1.79064e+09,TM_3,0.472765
1.79064e+09,TM_9,0.610116
1.79064e+09,TM_7,0.604226
1.79064e+09,TM_6,0.37805
1.79064e+09,TM_5,0.550172
1.79064e+09,TM_7,0.586596
1.79064e+09,TM_5,0.476892
1.79064e+09,TM_1,0.409612
1.79064e+09,TM_4,0.473239
1.79064e+09,TM_1,0.31743
1.79064e+09,TM_4,0.279214
1.79064e+09,TM_2,0.384853
1.79064e+09,TM_9,0.47579
1.79064e+09,TM_6,0.574503
1.79064e+09,TM_8,0.377319
1.79064e+09,TM_2,0.896276
1.79064e+09,TM_3,0.39633
1.79064e+09,TM_8,0.425455
1.79064e+09,TM_3,0.490958
1.79064e+09,TM_9,0.578108
1.79064e+09,TM_7,0.48347
1.79064e+09,TM_6,0.386822
1.79064e+09,TM_5,0.544128
1.79064e+09,TM_7,0.588328
1.79064e+09,TM_5,0.395371
1.79064e+09,TM_1,0.385571
1.79064e+09,TM_4,0.371989
1.79064e+09,TM_1,0.35288
1.79064e+09,TM_4,0.285302
1.79064e+09,TM_2,0.401019
1.79064e+09,TM_9,0.432936
1.79064e+09,TM_6,0.484997
1.79064e+09,TM_8,0.383741
1.79064e+09,TM_2,0.475622
1.79064e+09,TM_3,0.434344
1.79064e+09,TM_8,0.423935
1.79064e+09,TM_3,0.516113
1.79064e+09,TM_9,0.602898
1.79064e+09,TM_7,0.426376
1.79064e+09,TM_6,0.371418
1.79064e+09,TM_5,0.583767
1.79064e+09,TM_7,0.546905
1.79064e+09,TM_5,0.453702
1.79064e+09,TM_1,0.388919
1.79064e+09,TM_4,0.368403
1.79064e+09,TM_1,0.2411
1.79064e+09,TM_4,0.289891
1.79064e+09,TM_2,0.400002
1.79064e+09,TM_9,0.450289
1.79064e+09,TM_6,0.514952
1.79064e+09,TM_8,0.407386
1.79064e+09,TM_2,0.403273
1.79064e+09,TM_3,0.395124
1.79064e+09,TM_8,0.488138
1.79064e+09,TM_3,0.412762
1.79064e+09,TM_9,0.570938
1.79064e+09,TM_7,0.656076
1.79064e+09,TM_6,0.361379
1.79064e+09,TM_5,0.501554
1.79064e+09,TM_7,0.58959
1.79064e+09,TM_5,0.430846
1.79064e+09,TM_1,0.430699
1.79064e+09,TM_4,0.362454
1.79064e+09,TM_1,0.254267
1.79064e+09,TM_4,0.293577
1.79064e+09,TM_2,0.36016
1.79064e+09,TM_9,0.414594
1.79064e+09,TM_6,0.475562
1.79064e+09,TM_8,0.399285
1.79064e+09,TM_2,0.541752
1.79064e+09,TM_3,0.377144
1.79064e+09,TM_8,0.398089
1.79064e+09,TM_3,0.455448
1.79064e+09,TM_9,0.565068
1.79064e+09,TM_7,0.4633
1.79064e+09,TM_6,0.388195
1.79064e+09,TM_5,0.532737
1.79064e+09,TM_7,0.487821
1.79064e+09,TM_5,0.338262
1.79064e+09,TM_1,0.427388
1.79064e+09,TM_4,0.346194
1.79064e+09,TM_1,0.293786
1.79064e+09,TM_4,0.298915
1.79064e+09,TM_2,0.509033
1.79064e+09,TM_9,0.470419
1.79064e+09,TM_6,0.529691
1.79064e+09,TM_8,0.427311
1.79064e+09,TM_2,0.467289
1.79064e+09,TM_3,0.412845
1.79064e+09,TM_8,0.435655
1.79064e+09,TM_3,0.411029
1.79064e+09,TM_9,0.768663
1.79064e+09,TM_7,0.411492
1.79064e+09,TM_6,0.329101
1.79064e+09,TM_5,0.494764
1.79064e+09,TM_7,0.582434
1.79064e+09,TM_5,0.349401
1.79064e+09,TM_1,0.477392
1.79064e+09,TM_4,0.362586
1.79064e+09,TM_1,0.280276
1.79064e+09,TM_4,0.313894
1.79064e+09,TM_2,0.324614
1.79064e+09,TM_6,0.415917
1.79064e+09,TM_9,0.524524
1.79064e+09,TM_8,0.350156
1.79064e+09,TM_2,0.441502
1.79064e+09,TM_3,0.337595
1.79064e+09,TM_8,0.412334
1.79064e+09,TM_3,0.422599
1.79064e+09,TM_9,0.446133
1.79064e+09,TM_7,0.486499
1.79064e+09,TM_6,0.439343
1.79064e+09,TM_5,0.527402
1.79064e+09,TM_7,0.506543
1.79064e+09,TM_5,0.446698
1.79064e+09,TM_1,0.36084
1.79064e+09,TM_4,0.387051
1.79064e+09,TM_1,0.295205
1.79064e+09,TM_4,0.320179
1.79064e+09,TM_2,0.339623
1.79064e+09,TM_9,0.447648
1.79064e+09,TM_6,0.563703
1.79064e+09,TM_8,0.342015
1.79064e+09,TM_2,0.472611
1.79064e+09,TM_3,0.490688
1.79064e+09,TM_8,0.437624
1.79064e+09,TM_3,0.443165
1.79064e+09,TM_9,0.536857
1.79064e+09,TM_7,0.524895
1.79064e+09,TM_6,0.407489
1.79064e+09,TM_5,0.540795
1.79064e+09,TM_7,0.547331
1.79064e+09,TM_5,0.455985
1.79064e+09,TM_1,0.418409
1.79064e+09,TM_4,0.33353
1.79064e+09,TM_1,0.264974
1.79064e+09,TM_4,0.388912
1.79064e+09,TM_2,0.404767
1.79064e+09,TM_9,0.518991
1.79064e+09,TM_6,0.64554
1.79064e+09,TM_8,0.433953
1.79064e+09,TM_2,0.544944
1.79064e+09,TM_3,0.433868
1.79064e+09,TM_8,0.460127
1.79064e+09,TM_3,0.491778
1.79064e+09,TM_9,0.56447
1.79064e+09,TM_7,0.423844
1.79064e+09,TM_6,0.364017
1.79064e+09,TM_5,0.548306
1.79064e+09,TM_7,0.610935
1.79064e+09,TM_5,0.559746
1.79064e+09,TM_1,0.379313
1.79064e+09,TM_4,0.413814
1.79064e+09,TM_1,0.309459
1.79064e+09,TM_4,0.313072
1.79064e+09,TM_2,0.304693
1.79064e+09,TM_9,0.497875
1.79064e+09,TM_6,0.555052
1.79064e+09,TM_8,0.417188
1.79064e+09,TM_2,0.452758
1.79064e+09,TM_3,0.389549
1.79064e+09,TM_8,0.464691
1.79064e+09,TM_3,0.393636
1.79064e+09,TM_9,0.509084
1.79064e+09,TM_7,0.366628
1.79064e+09,TM_6,0.351768
1.79064e+09,TM_5,0.546033
1.79064e+09,TM_7,0.554175
1.79064e+09,TM_5,0.533462
1.79064e+09,TM_1,0.425513
1.79064e+09,TM_4,0.41445
1.79064e+09,TM_1,0.288191
1.79064e+09,TM_4,0.363783
1.79064e+09,TM_2,0.309432
1.79064e+09,TM_9,0.390907
1.79064e+09,TM_6,0.457991
1.79064e+09,TM_8,0.395861
1.79064e+09,TM_2,0.481094
1.79064e+09,TM_3,0.410092
1.79064e+09,TM_8,0.473876
1.79064e+09,TM_3,0.41116
1.79064e+09,TM_9,0.54635
1.79064e+09,TM_7,0.516725
1.79064e+09,TM_6,0.340039
1.79064e+09,TM_5,0.578187
1.79064e+09,TM_7,0.503981
1.79064e+09,TM_5,0.343736
1.79064e+09,TM_1,0.452099
1.79064e+09,TM_4,0.35652
1.79064e+09,TM_1,0.301241
1.79064e+09,TM_4,0.28947
1.79064e+09,TM_2,0.325164
1.79064e+09,TM_9,0.490395
1.79064e+09,TM_6,0.607263
1.79064e+09,TM_8,0.412932
1.79064e+09,TM_2,0.563165
1.79064e+09,TM_3,0.335706
1.79064e+09,TM_8,0.422397
1.79064e+09,TM_3,0.369788
1.79064e+09,TM_9,0.504683
1.79064e+09,TM_7,0.559404
1.79064e+09,TM_6,0.359067
1.79064e+09,TM_5,0.452834
1.79064e+09,TM_7,0.412157
1.79064e+09,TM_5,0.383133
1.79064e+09,TM_1,0.381078
1.79064e+09,TM_4,0.352122
1.79064e+09,TM_1,0.249525
1.79064e+09,TM_4,0.334211
1.79064e+09,TM_2,0.294225
1.79064e+09,TM_9,0.459862
1.79064e+09,TM_6,0.593696
1.79064e+09,TM_8,0.380094
1.79064e+09,TM_2,0.502631
1.79064e+09,TM_3,0.465634
1.79064e+09,TM_8,0.41586
1.79064e+09,TM_3,0.410319
1.79064e+09,TM_9,0.51178
1.79064e+09,TM_7,0.41888
1.79064e+09,TM_6,0.423327
1.79064e+09,TM_5,0.613121
1.79064e+09,TM_7,0.51558
1.79064e+09,TM_5,0.325812
1.79064e+09,TM_1,0.370544
1.79064e+09,TM_4,0.350376
1.79064e+09,TM_1,0.324203
1.79064e+09,TM_4,0.282079
1.79064e+09,TM_2,0.30354
1.79064e+09,TM_9,0.458909
1.79064e+09,TM_6,0.567167
1.79064e+09,TM_8,0.378354
1.79064e+09,TM_2,0.528502
1.79064e+09,TM_3,0.456369
1.79064e+09,TM_8,0.487124
1.79064e+09,TM_3,0.451148
1.79064e+09,TM_9,0.554725
1.79064e+09,TM_7,0.391462
1.79064e+09,TM_6,0.342877
1.79064e+09,TM_5,0.512927
1.79064e+09,TM_7,0.528345
1.79064e+09,TM_5,0.38626
1.79064e+09,TM_1,0.44239
1.79064e+09,TM_4,0.398292
1.79064e+09,TM_1,0.270705
1.79064e+09,TM_4,0.320611
1.79064e+09,TM_2,0.553745
1.79064e+09,TM_9,0.415558
1.79064e+09,TM_6,0.527828
1.79064e+09,TM_8,0.431512
1.79064e+09,TM_2,0.545569
1.79064e+09,TM_3,0.428353
1.79064e+09,TM_8,0.433543
1.79064e+09,TM_3,0.570332
1.79064e+09,TM_9,0.553022
1.79064e+09,TM_7,0.430246
1.79064e+09,TM_6,0.411068
1.79064e+09,TM_5,0.458149
1.79064e+09,TM_7,0.492525
1.79064e+09,TM_5,0.336245
1.79064e+09,TM_1,0.502297
1.79064e+09,TM_4,0.349438
1.79064e+09,TM_1,0.249336
1.79064e+09,TM_4,0.36154
1.79064e+09,TM_2,0.371946
1.79064e+09,TM_9,0.425235
1.79064e+09,TM_6,0.497374
1.79064e+09,TM_8,0.419982
1.79064e+09,TM_2,0.531352
1.79064e+09,TM_3,0.379999
1.79064e+09,TM_8,0.452263
1.79064e+09,TM_3,0.459715
1.79064e+09,TM_9,0.507115
1.79064e+09,TM_7,0.376936
1.79064e+09,TM_6,0.350217
1.79064e+09,TM_5,0.494991
1.79064e+09,TM_7,0.662585
1.79064e+09,TM_5,0.371356
1.79064e+09,TM_1,0.508161
1.79064e+09,TM_4,0.365437
1.79064e+09,TM_1,0.255278
1.79064e+09,TM_4,0.302324
1.79064e+09,TM_2,0.37499
1.79064e+09,TM_9,0.50391
1.79064e+09,TM_6,0.579487
1.79064e+09,TM_8,0.335278
1.79064e+09,TM_2,0.495724
1.79064e+09,TM_3,0.395872
1.79064e+09,TM_8,0.425815
1.79064e+09,TM_3,0.431122
1.79064e+09,TM_9,0.596914
1.79064e+09,TM_7,0.364949
1.79064e+09,TM_6,0.347261
1.79064e+09,TM_5,0.52123
1.79064e+09,TM_7,0.576272
1.79064e+09,TM_5,0.361103
1.79064e+09,TM_1,0.430294
1.79064e+09,TM_4,0.369936
1.79064e+09,TM_1,0.23712
1.79064e+09,TM_4,0.343686
1.79064e+09,TM_2,0.357539
1.79064e+09,TM_9,0.420617
1.79064e+09,TM_6,0.502803
1.79064e+09,TM_8,0.374682
1.79064e+09,TM_2,0.519876
1.79064e+09,TM_3,0.384644
1.79064e+09,TM_8,0.427887
1.79064e+09,TM_3,0.502559
1.79064e+09,TM_9,0.463673
1.79064e+09,TM_7,0.407985
1.79064e+09,TM_6,0.450343
1.79064e+09,TM_5,0.692993
1.79064e+09,TM_7,0.538646
1.79064e+09,TM_5,0.432217
1.79064e+09,TM_1,0.499768
1.79064e+09,TM_4,0.420661
1.79064e+09,TM_1,0.22516
1.79064e+09,TM_4,0.341902
1.79064e+09,TM_2,0.344946
1.79064e+09,TM_9,0.448913
1.79064e+09,TM_6,0.572282
1.79064e+09,TM_8,0.403865
1.79064e+09,TM_2,0.541127
1.79064e+09,TM_3,0.36833
1.79064e+09,TM_8,0.460849
1.79064e+09,TM_3,0.420261
1.79064e+09,TM_9,0.491706
1.79064e+09,TM_7,0.409977
1.79064e+09,TM_6,0.42325
1.79064e+09,TM_5,0.585637
1.79064e+09,TM_7,0.575464
1.79064e+09,TM_5,0.395821
1.79064e+09,TM_1,0.484556
1.79064e+09,TM_4,0.396283
1.79064e+09,TM_1,0.334599
1.79064e+09,TM_4,0.33576
1.79064e+09,TM_2,0.410656
1.79064e+09,TM_9,0.592762
1.79064e+09,TM_6,0.648549
1.79064e+09,TM_8,0.43757
1.79064e+09,TM_2,0.750295
1.79064e+09,TM_3,0.49771
1.79064e+09,TM_8,0.43388
1.79064e+09,TM_3,0.47336
1.79064e+09,TM_9,0.466849
1.79064e+09,TM_7,0.351454
1.79064e+09,TM_6,0.330527
1.79064e+09,TM_5,0.523356
1.79064e+09,TM_7,0.580001
1.79064e+09,TM_5,0.385719
1.79064e+09,TM_1,0.525973
1.79064e+09,TM_4,0.301185
1.79064e+09,TM_1,0.263213
1.79064e+09,TM_4,0.320745
1.79064e+09,TM_2,0.321412
1.79064e+09,TM_9,0.401871
1.79064e+09,TM_6,0.494357
1.79064e+09,TM_8,0.340636
1.79064e+09,TM_2,0.514322
1.79064e+09,TM_3,0.399555
1.79064e+09,TM_8,0.405483
1.79064e+09,TM_3,0.521572
1.79064e+09,TM_9,0.515852
1.79064e+09,TM_7,0.358702
1.79064e+09,TM_6,0.48389
1.79064e+09,TM_5,0.51529
1.79064e+09,TM_7,0.490754
1.79064e+09,TM_5,0.355352
1.79064e+09,TM_1,0.383746
1.79064e+09,TM_4,0.353087
1.79064e+09,TM_1,0.276216
1.79064e+09,TM_4,0.301679
1.79064e+09,TM_2,0.332685
1.79064e+09,TM_9,0.465458
1.79064e+09,TM_6,0.580218
1.79064e+09,TM_8,0.406614
1.79064e+09,TM_2,0.559061
1.79064e+09,TM_3,0.36136
1.79064e+09,TM_8,0.401084
1.79064e+09,TM_3,0.449855
1.79064e+09,TM_9,0.459541
1.79064e+09,TM_7,0.414396
1.79064e+09,TM_6,0.425171
1.79064e+09,TM_5,0.530934
1.79064e+09,TM_7,0.504652
1.79064e+09,TM_5,0.34302
1.79064e+09,TM_1,0.458528
1.79064e+09,TM_4,0.309093
1.79064e+09,TM_1,0.242426
1.79064e+09,TM_4,0.326148
1.79064e+09,TM_2,0.391096
1.79064e+09,TM_6,0.297557
1.79064e+09,TM_9,0.497972
1.79064e+09,TM_8,0.380746
1.79064e+09,TM_2,0.629649
1.79064e+09,TM_3,0.375785
1.79064e+09,TM_8,0.507964
1.79064e+09,TM_3,0.451933
1.79064e+09,TM_9,0.502646
1.79064e+09,TM_7,0.385014
1.79064e+09,TM_6,0.325184
1.79064e+09,TM_5,0.672765
1.79064e+09,TM_7,0.547544
1.79064e+09,TM_5,0.461385
1.79064e+09,TM_1,0.516866
1.79064e+09,TM_4,0.354308
1.79064e+09,TM_1,0.334146
1.79064e+09,TM_4,0.324224
1.79064e+09,TM_2,0.421214
1.79064e+09,TM_9,0.460529
1.79064e+09,TM_6,0.615419
1.79064e+09,TM_8,0.361505
1.79064e+09,TM_2,0.552753
1.79064e+09,TM_3,0.39109
1.79064e+09,TM_8,0.555495
1.79064e+09,TM_3,0.452896
1.79064e+09,TM_9,0.473193
1.79064e+09,TM_7,0.37236
1.79064e+09,TM_6,0.376529
1.79064e+09,TM_5,0.51211
1.79064e+09,TM_7,0.54911
1.79064e+09,TM_5,0.486906
1.79064e+09,TM_1,0.591701
1.79064e+09,TM_4,0.362622
1.79064e+09,TM_1,0.244686
1.79064e+09,TM_4,0.277874
1.79064e+09,TM_2,0.355259
1.79064e+09,TM_9,0.36851
1.79064e+09,TM_6,0.48569
1.79064e+09,TM_8,0.426588
1.79064e+09,TM_2,0.746838
1.79064e+09,TM_3,0.551777
1.79064e+09,TM_8,0.463932
1.79064e+09,TM_3,0.483746
1.79064e+09,TM_9,0.486434
1.79064e+09,TM_7,0.319824
1.79064e+09,TM_6,0.321056
1.79064e+09,TM_5,0.554686
1.79064e+09,TM_7,0.662601
1.79064e+09,TM_5,0.406096
1.79064e+09,TM_1,0.526538
1.79064e+09,TM_4,0.348167
1.79064e+09,TM_1,0.285017
1.79064e+09,TM_4,0.291079
1.79064e+09,TM_2,0.359273
1.79064e+09,TM_9,0.499883
1.79064e+09,TM_6,0.623838
1.79064e+09,TM_8,0.387624
1.79064e+09,TM_2,0.753234
1.79064e+09,TM_3,0.380495
1.79064e+09,TM_8,0.380276
1.79064e+09,TM_3,0.426762
1.79064e+09,TM_9,0.505524
1.79064e+09,TM_7,0.373472
1.79064e+09,TM_6,0.311605
1.79064e+09,TM_5,0.48979
1.79064e+09,TM_7,0.656083
1.79064e+09,TM_5,0.419119
1.79064e+09,TM_1,0.554039
1.79064e+09,TM_4,0.397578
1.79064e+09,TM_1,0.245274
1.79064e+09,TM_4,0.310872
1.79064e+09,TM_2,0.355495
1.79064e+09,TM_9,0.384225
1.79064e+09,TM_6,0.513026
1.79064e+09,TM_8,0.328731
1.79064e+09,TM_2,0.555749
1.79064e+09,TM_3,0.354437
1.79064e+09,TM_8,0.413182
1.79064e+09,TM_3,0.328225
1.79064e+09,TM_9,0.454608
1.79064e+09,TM_7,0.604602
1.79064e+09,TM_6,0.313782
1.79064e+09,TM_5,0.586146
1.79064e+09,TM_7,0.513959
1.79064e+09,TM_5,0.371559
1.79064e+09,TM_1,0.483294
1.79064e+09,TM_4,0.400105
1.79064e+09,TM_1,0.218811
1.79064e+09,TM_4,0.280006
1.79064e+09,TM_2,0.337346
1.79064e+09,TM_6,0.394513
1.79064e+09,TM_9,0.486006
1.79064e+09,TM_8,0.331287
1.79064e+09,TM_2,0.496437
1.79064e+09,TM_3,0.375482
1.79064e+09,TM_8,0.397021
1.79064e+09,TM_3,0.474186
1.79064e+09,TM_9,0.509612
1.79064e+09,TM_7,0.388912
1.79064e+09,TM_6,0.351577
1.79064e+09,TM_5,0.534263
1.79064e+09,TM_7,0.536663
1.79064e+09,TM_5,0.461604
1.79064e+09,TM_1,0.510786
1.79064e+09,TM_4,0.327644
1.79064e+09,TM_1,0.219759
1.79064e+09,TM_4,0.270868
1.79064e+09,TM_2,0.327952
1.79064e+09,TM_9,0.472563
1.79064e+09,TM_6,0.601858
1.79064e+09,TM_8,0.395333
1.79064e+09,TM_2,0.602624
1.79064e+09,TM_3,0.529287
1.79064e+09,TM_8,0.455499
1.79064e+09,TM_3,0.455888
1.79064e+09,TM_9,0.543871
1.79064e+09,TM_7,0.492789
1.79064e+09,TM_6,0.375027
1.79064e+09,TM_5,0.561565
1.79064e+09,TM_7,0.581245
1.79064e+09,TM_5,0.371769
1.79064e+09,TM_1,0.587184
1.79064e+09,TM_4,0.360891
1.79064e+09,TM_1,0.259027
1.79064e+09,TM_4,0.308158
1.79064e+09,TM_2,0.357166
1.79064e+09,TM_9,0.405552
1.79064e+09,TM_6,0.536294
1.79064e+09,TM_8,0.533155
1.79064e+09,TM_2,0.532802
1.79064e+09,TM_3,0.418356
1.79064e+09,TM_8,0.448655
1.79064e+09,TM_3,0.452061
1.79064e+09,TM_9,0.480593
1.79064e+09,TM_7,0.333213
1.79064e+09,TM_6,0.329791
1.79064e+09,TM_5,0.590146
1.79064e+09,TM_7,0.55614
1.79064e+09,TM_5,0.341409
1.79064e+09,TM_1,0.508959
1.79064e+09,TM_4,0.314786
1.79064e+09,TM_1,0.241178
1.79064e+09,TM_4,0.272655
1.79064e+09,TM_2,0.359024
1.79064e+09,TM_9,0.407482
1.79064e+09,TM_6,0.493111
1.79064e+09,TM_8,0.438578
1.79064e+09,TM_2,0.491939
1.79064e+09,TM_3,0.404869
1.79064e+09,TM_8,0.435736
1.79064e+09,TM_3,0.485802
1.79064e+09,TM_9,0.559694
1.79064e+09,TM_7,0.370109
1.79064e+09,TM_6,0.414658
1.79064e+09,TM_5,0.57825
1.79064e+09,TM_7,0.600334
1.79064e+09,TM_5,0.418851
1.79064e+09,TM_1,0.559838
1.79064e+09,TM_4,0.345843
1.79064e+09,TM_1,0.542264
1.79064e+09,TM_4,0.316188
1.79064e+09,TM_2,0.350709
1.79064e+09,TM_6,0.461222
1.79064e+09,TM_9,0.61739
1.79064e+09,TM_8,0.43817
1.79064e+09,TM_2,0.614352
1.79064e+09,TM_3,0.441014
1.79064e+09,TM_8,0.455577
1.79064e+09,TM_3,0.516895
1.79064e+09,TM_9,0.541974
1.79064e+09,TM_7,0.338143
1.79064e+09,TM_6,0.46511
1.79064e+09,TM_5,0.540814
1.79064e+09,TM_7,0.598613
1.79064e+09,TM_5,0.429256
1.79064e+09,TM_1,0.510134
1.79064e+09,TM_4,0.316746
1.79064e+09,TM_1,0.265851
1.79064e+09,TM_4,0.32472
1.79064e+09,TM_2,0.378223
1.79064e+09,TM_9,0.418262
1.79064e+09,TM_6,0.554364
1.79064e+09,TM_8,0.394834
1.79064e+09,TM_2,0.601024
1.79064e+09,TM_3,0.413761
1.79064e+09,TM_8,0.485929
1.79064e+09,TM_3,0.479397
1.79064e+09,TM_9,0.545541
1.79064e+09,TM_7,0.365202
1.79064e+09,TM_6,0.384934
1.79064e+09,TM_5,0.560887
1.79064e+09,TM_7,0.548327
1.79064e+09,TM_5,0.37204
1.79064e+09,TM_1,0.502415
1.79064e+09,TM_4,0.276895
1.79064e+09,TM_1,0.251422
1.79064e+09,TM_4,0.299133
1.79064e+09,TM_2,0.373097
1.79064e+09,TM_6,0.424867
1.79064e+09,TM_9,0.589784
1.79064e+09,TM_8,0.438669
1.79064e+09,TM_2,0.464736
1.79064e+09,TM_3,0.518071
1.79064e+09,TM_8,0.387643
1.79064e+09,TM_3,0.486113
1.79064e+09,TM_9,0.565849
1.79064e+09,TM_7,0.345078
1.79064e+09,TM_6,0.444791
1.79064e+09,TM_5,0.532877
1.79064e+09,TM_7,0.541217
1.79064e+09,TM_5,0.394398
1.79064e+09,TM_1,0.424721
1.79064e+09,TM_4,0.348431
1.79064e+09,TM_1,0.267335
1.79064e+09,TM_4,0.312685
1.79064e+09,TM_2,0.287845
1.79064e+09,TM_6,0.372301
1.79064e+09,TM_9,0.497608
1.79064e+09,TM_8,0.416978
1.79064e+09,TM_2,0.470041
1.79064e+09,TM_3,0.356095
1.79064e+09,TM_8,0.431057
1.79064e+09,TM_3,0.481135
1.79064e+09,TM_9,0.533258
1.79064e+09,TM_7,0.570209
1.79064e+09,TM_6,0.457912
1.79064e+09,TM_5,0.575321
1.79064e+09,TM_7,0.546142
1.79064e+09,TM_5,0.350045
1.79064e+09,TM_1,0.553253
1.79064e+09,TM_4,0.384947
1.79064e+09,TM_1,0.39452
1.79064e+09,TM_4,0.332073
1.79064e+09,TM_2,0.375766
1.79064e+09,TM_9,0.427838
1.79064e+09,TM_6,0.567318
1.79064e+09,TM_8,0.44512
1.79064e+09,TM_2,0.633471
1.79064e+09,TM_3,0.362257
1.79064e+09,TM_8,0.463199
1.79064e+09,TM_3,0.438174
1.79064e+09,TM_9,0.518897
1.79064e+09,TM_7,0.332475
1.79064e+09,TM_6,0.358465
1.79064e+09,TM_5,0.553314
1.79064e+09,TM_7,0.484439
1.79064e+09,TM_5,0.366525
1.79064e+09,TM_1,0.398736
1.79064e+09,TM_4,0.318498
1.79064e+09,TM_1,0.390857
1.79064e+09,TM_4,0.337746
1.79064e+09,TM_2,0.347976
1.79064e+09,TM_6,0.455834
1.79064e+09,TM_9,0.546968
1.79064e+09,TM_8,0.348538
1.79064e+09,TM_2,0.580485
1.79064e+09,TM_3,0.36286
1.79064e+09,TM_8,0.444783
1.79064e+09,TM_3,0.463696
1.79064e+09,TM_9,0.500969
1.79064e+09,TM_7,0.525521
1.79064e+09,TM_6,0.415772
1.79064e+09,TM_5,0.528137
1.79064e+09,TM_7,0.514214
1.79064e+09,TM_5,0.345827
1.79064e+09,TM_1,0.451732
1.79064e+09,TM_4,0.337099
1.79064e+09,TM_1,0.273635
1.79064e+09,TM_4,0.312641
1.79064e+09,TM_2,0.284908
1.79064e+09,TM_6,0.475627
1.79064e+09,TM_9,0.581851
1.79064e+09,TM_8,0.466276
1.79064e+09,TM_2,0.454192
1.79064e+09,TM_3,0.341844
1.79064e+09,TM_8,0.434174
1.79064e+09,TM_3,0.428982
1.79064e+09,TM_9,0.415891
1.79064e+09,TM_7,0.316534
1.79064e+09,TM_6,0.370299
1.79064e+09,TM_5,0.51417
1.79064e+09,TM_7,0.616526
1.79064e+09,TM_5,0.447122
1.79064e+09,TM_1,0.555014
1.79064e+09,TM_4,0.359342
1.79064e+09,TM_1,0.283613
1.79064e+09,TM_4,0.353823
1.79064e+09,TM_2,0.340664
1.79064e+09,TM_6,0.511557
1.79064e+09,TM_9,0.644368
1.79064e+09,TM_8,0.617201
1.79064e+09,TM_2,0.525551
1.79064e+09,TM_3,0.371741
1.79064e+09,TM_8,0.471423
1.79064e+09,TM_3,0.462947
1.79064e+09,TM_9,0.454608
1.79064e+09,TM_7,0.46283
1.79064e+09,TM_6,0.433789
1.79064e+09,TM_5,0.516371
1.79064e+09,TM_7,0.497073
1.79064e+09,TM_5,0.354575
1.79064e+09,TM_1,0.534468
1.79064e+09,TM_4,0.465787
1.79064e+09,TM_1,0.385114
1.79064e+09,TM_4,0.325911
1.79064e+09,TM_2,0.412766
1.79064e+09,TM_6,0.438323
1.79064e+09,TM_9,0.519111
1.79064e+09,TM_8,0.42898
1.79064e+09,TM_2,0.593533
1.79064e+09,TM_3,0.376711
1.79064e+09,TM_8,0.436951
1.79064e+09,TM_3,0.456644
1.79064e+09,TM_9,0.429628
1.79064e+09,TM_7,0.362804
1.79064e+09,TM_6,0.425629
1.79064e+09,TM_5,0.523565
1.79064e+09,TM_7,0.438498
1.79064e+09,TM_5,0.362863
1.79064e+09,TM_1,0.377759
1.79064e+09,TM_4,0.285594
1.79064e+09,TM_1,0.273698
1.79064e+09,TM_4,0.304053
1.79064e+09,TM_2,0.359607
1.79064e+09,TM_6,0.442782
1.79064e+09,TM_9,0.492524
1.79064e+09,TM_8,0.381415
1.79064e+09,TM_2,0.458477
1.79064e+09,TM_3,0.337132
1.79064e+09,TM_8,0.495859
1.79064e+09,TM_3,0.440502
1.79064e+09,TM_9,0.493957
1.79064e+09,TM_7,0.4427
1.79064e+09,TM_6,0.3865
1.79064e+09,TM_5,0.459241
1.79064e+09,TM_7,0.496146
1.79064e+09,TM_5,0.44565
1.79064e+09,TM_1,0.44275
1.79064e+09,TM_4,0.329378
1.79064e+09,TM_1,0.392082
1.79064e+09,TM_4,0.310093
1.79064e+09,TM_2,0.393456
1.79064e+09,TM_6,0.450792
1.79064e+09,TM_9,0.555484
1.79064e+09,TM_8,0.498301
1.79064e+09,TM_2,0.621514
1.79064e+09,TM_3,0.42964
1.79064e+09,TM_8,0.443442
1.79064e+09,TM_3,0.411629
1.79064e+09,TM_9,0.632321
1.79064e+09,TM_7,0.395128
1.79064e+09,TM_6,0.399757
1.79064e+09,TM_5,0.486958
1.79064e+09,TM_7,0.35987
1.79064e+09,TM_5,0.38974
1.79064e+09,TM_1,0.387135
1.79064e+09,TM_4,0.360717
1.79064e+09,TM_1,0.37195
1.79064e+09,TM_4,0.334135
1.79064e+09,TM_2,0.346712
1.79064e+09,TM_9,0.411771
1.79064e+09,TM_6,0.554703
1.79064e+09,TM_8,0.338211
1.79064e+09,TM_2,0.609001
1.79064e+09,TM_3,0.473017
1.79064e+09,TM_8,0.449235
1.79064e+09,TM_3,0.507894
1.79064e+09,TM_9,0.561724
1.79064e+09,TM_7,0.404509
1.79064e+09,TM_6,0.454283
1.79064e+09,TM_5,0.519915
1.79064e+09,TM_7,0.464894
1.79064e+09,TM_5,0.338478
1.79064e+09,TM_1,0.378729
1.79064e+09,TM_4,0.350385
1.79064e+09,TM_1,0.27775
1.79064e+09,TM_4,0.298061
1.79064e+09,TM_2,0.327708
1.79064e+09,TM_6,0.487034
1.79064e+09,TM_9,0.691935
1.79064e+09,TM_8,0.42213
1.79064e+09,TM_2,0.638912
1.79064e+09,TM_3,0.449165
1.79064e+09,TM_8,0.437754
1.79064e+09,TM_3,0.460078
1.79064e+09,TM_9,0.459498
1.79064e+09,TM_7,0.384745
1.79064e+09,TM_6,0.389966
1.79064e+09,TM_5,0.6129
1.79064e+09,TM_7,0.532147
1.79064e+09,TM_5,0.378498
1.79064e+09,TM_1,0.444308
1.79064e+09,TM_4,0.400282
1.79064e+09,TM_1,0.519129
1.79064e+09,TM_4,0.395308
1.79064e+09,TM_2,0.508646
1.79064e+09,TM_6,0.452322
1.79064e+09,TM_9,0.581405
1.79064e+09,TM_8,0.474646
1.79064e+09,TM_2,0.487174
1.79064e+09,TM_3,0.407378
1.79064e+09,TM_8,0.465631
1.79064e+09,TM_3,0.429119
1.79064e+09,TM_9,0.489334
1.79064e+09,TM_7,0.361673
1.79064e+09,TM_6,0.423329
1.79064e+09,TM_5,0.435453
1.79064e+09,TM_7,0.501594
1.79064e+09,TM_5,0.356737
1.79064e+09,TM_1,0.549777
1.79064e+09,TM_4,0.349725
1.79064e+09,TM_1,0.398583
1.79064e+09,TM_4,0.304591
1.79064e+09,TM_2,0.36915
1.79064e+09,TM_9,0.443987
1.79064e+09,TM_6,0.491708
1.79064e+09,TM_8,0.394456
1.79064e+09,TM_2,0.491062
1.79064e+09,TM_3,0.421092
1.79064e+09,TM_8,0.414435
1.79064e+09,TM_3,0.44715
1.79064e+09,TM_9,0.509643
1.79064e+09,TM_7,0.451451
1.79064e+09,TM_6,0.372777
1.79064e+09,TM_5,0.504754
1.79064e+09,TM_7,0.533193
1.79064e+09,TM_5,0.357769
1.79064e+09,TM_1,0.409351
1.79064e+09,TM_4,0.313564
1.79064e+09,TM_1,0.5229
1.79064e+09,TM_4,0.386432
1.79064e+09,TM_2,0.43093
1.79064e+09,TM_9,0.414065
1.79064e+09,TM_6,0.555893
1.79064e+09,TM_8,0.386687
1.79064e+09,TM_2,0.490851
1.79064e+09,TM_3,0.456708
1.79064e+09,TM_8,0.424466
1.79064e+09,TM_3,0.454414
1.79064e+09,TM_9,0.712274
1.79064e+09,TM_7,0.451055
1.79064e+09,TM_6,0.356682
1.79064e+09,TM_5,0.531559
1.79064e+09,TM_7,0.468514
1.79064e+09,TM_5,0.348345
1.79064e+09,TM_1,0.386987
1.79064e+09,TM_4,0.331232
1.79064e+09,TM_1,0.450613
1.79064e+09,TM_4,0.276956
1.79064e+09,TM_2,0.349701
1.79064e+09,TM_6,0.276928
1.79064e+09,TM_9,0.402937
1.79064e+09,TM_8,0.329727
1.79064e+09,TM_2,0.500394
1.79064e+09,TM_3,0.460432
1.79064e+09,TM_8,0.399364
1.79064e+09,TM_3,0.419299
1.79064e+09,TM_9,0.464515
1.79064e+09,TM_7,0.455573
1.79064e+09,TM_6,0.574762
1.79064e+09,TM_5,0.510418
1.79064e+09,TM_7,0.570786
1.79064e+09,TM_5,0.38128
1.79064e+09,TM_1,0.478079
1.79064e+09,TM_4,0.274956
1.79064e+09,TM_1,0.284521
1.79064e+09,TM_4,0.301224
1.79064e+09,TM_2,0.327597
1.79064e+09,TM_9,0.434313
1.79064e+09,TM_6,0.583485
1.79064e+09,TM_8,0.435654
1.79064e+09,TM_2,0.545896
1.79064e+09,TM_3,0.467142
1.79064e+09,TM_8,0.466037
1.79064e+09,TM_3,0.441958
1.79064e+09,TM_9,0.591204
1.79064e+09,TM_7,0.423902
1.79064e+09,TM_6,0.303355
1.79064e+09,TM_5,0.526215
1.79064e+09,TM_7,0.534536
1.79064e+09,TM_5,0.391994
1.79064e+09,TM_1,0.347248
1.79064e+09,TM_4,0.299413
1.79064e+09,TM_1,0.343747
1.79064e+09,TM_4,0.283665
1.79064e+09,TM_2,0.398284
1.79064e+09,TM_6,0.379305
1.79064e+09,TM_9,0.49413
1.79064e+09,TM_8,0.392626
1.79064e+09,TM_2,0.640954
1.79064e+09,TM_3,0.467581
1.79064e+09,TM_8,0.433798
1.79064e+09,TM_3,0.462872
1.79064e+09,TM_9,0.550704
1.79064e+09,TM_7,0.384674
1.79064e+09,TM_6,0.322947
1.79064e+09,TM_5,0.549781
1.79064e+09,TM_7,0.531489
1.79064e+09,TM_5,0.427314
1.79064e+09,TM_1,0.407453
1.79064e+09,TM_4,0.270563
1.79064e+09,TM_1,0.349668
1.79064e+09,TM_4,0.324413
1.79064e+09,TM_2,0.369157
1.79064e+09,TM_9,0.35814
1.79064e+09,TM_6,0.469254
1.79064e+09,TM_8,0.339678
1.79064e+09,TM_2,0.584883
1.79064e+09,TM_3,0.433603
1.79064e+09,TM_8,0.447475
1.79064e+09,TM_3,0.512441
1.79064e+09,TM_9,0.677736
1.79064e+09,TM_7,0.413109
1.79064e+09,TM_6,0.294983
1.79064e+09,TM_5,0.549752
1.79064e+09,TM_7,0.52826
1.79064e+09,TM_5,0.384616
1.79064e+09,TM_1,0.421585
1.79064e+09,TM_4,0.326749
1.79064e+09,TM_1,0.266625
1.79064e+09,TM_4,0.39386
1.79064e+09,TM_2,0.367569
1.79064e+09,TM_9,0.427634
1.79064e+09,TM_6,0.557819
1.79064e+09,TM_8,0.371548
1.79064e+09,TM_2,0.639796
1.79064e+09,TM_3,0.483663
1.79064e+09,TM_8,0.432636
1.79064e+09,TM_3,0.538704
1.79064e+09,TM_9,0.639437
1.79064e+09,TM_7,0.369792
1.79064e+09,TM_6,0.305695
1.79064e+09,TM_5,0.558451
1.79064e+09,TM_7,0.582687
1.79064e+09,TM_5,0.421552
1.79064e+09,TM_1,0.4026
1.79064e+09,TM_4,0.308768
1.79064e+09,TM_1,0.313821
1.79064e+09,TM_4,0.263596
1.79064e+09,TM_2,0.394247
1.79064e+09,TM_9,0.36472
1.79064e+09,TM_6,0.453758
1.79064e+09,TM_8,0.339404
1.79064e+09,TM_2,0.597729
1.79064e+09,TM_3,0.491903
1.79064e+09,TM_8,0.419116
1.79064e+09,TM_3,0.395403
1.79064e+09,TM_9,0.535025
1.79064e+09,TM_7,0.40724
1.79064e+09,TM_6,0.260246
1.79064e+09,TM_5,0.520643
1.79064e+09,TM_7,0.575053
1.79064e+09,TM_5,0.387074
1.79064e+09,TM_1,0.357296
1.79064e+09,TM_4,0.298022
1.79064e+09,TM_1,0.288535
1.79064e+09,TM_4,0.256276
1.79064e+09,TM_2,0.398179
1.79064e+09,TM_9,0.359928
1.79064e+09,TM_6,0.487844
1.79064e+09,TM_8,0.394221
1.79064e+09,TM_2,0.573145
1.79064e+09,TM_3,0.442292
1.79064e+09,TM_8,0.394586
1.79064e+09,TM_3,0.497563
1.79064e+09,TM_9,0.595128
1.79064e+09,TM_7,0.405381
1.79064e+09,TM_6,0.296378
1.79064e+09,TM_5,0.517751
1.79064e+09,TM_7,0.660705
1.79064e+09,TM_5,0.378534
1.79064e+09,TM_1,0.431263
1.79064e+09,TM_4,0.298688
1.79064e+09,TM_1,0.302609
1.79064e+09,TM_4,0.304048
1.79064e+09,TM_2,0.384892
1.79064e+09,TM_9,0.454702
1.79064e+09,TM_6,0.605593
1.79064e+09,TM_8,0.450418
1.79064e+09,TM_2,0.553147
1.79064e+09,TM_3,0.424879
1.79064e+09,TM_8,0.409145
1.79064e+09,TM_3,0.426443
1.79064e+09,TM_9,0.623112
1.79064e+09,TM_7,0.424546
1.79064e+09,TM_6,0.335086
1.79064e+09,TM_5,0.536887
1.79064e+09,TM_7,0.550645
1.79064e+09,TM_5,0.367119
1.79064e+09,TM_1,0.446781
1.79064e+09,TM_4,0.264588
1.79064e+09,TM_1,0.337953
1.79064e+09,TM_4,0.276547
1.79064e+09,TM_2,0.310219
1.79064e+09,TM_6,0.302544
1.79064e+09,TM_9,0.448238
1.79064e+09,TM_8,0.367177
1.79064e+09,TM_2,0.566947
1.79064e+09,TM_3,0.443678
1.79064e+09,TM_8,0.41042
1.79064e+09,TM_3,0.450579
1.79064e+09,TM_9,0.492109
1.79064e+09,TM_7,0.476002
1.79064e+09,TM_6,0.297876
1.79064e+09,TM_5,0.556534
1.79064e+09,TM_7,0.625459
1.79064e+09,TM_5,0.367503
1.79064e+09,TM_1,0.364178
1.79064e+09,TM_4,0.394655
1.79064e+09,TM_1,0.405334
1.79064e+09,TM_4,0.253521
1.79064e+09,TM_2,0.297837
1.79064e+09,TM_9,0.460902
1.79064e+09,TM_6,0.601108
1.79064e+09,TM_8,0.386075
1.79064e+09,TM_2,0.611666
1.79064e+09,TM_3,0.440519
1.79064e+09,TM_8,0.381964
1.79064e+09,TM_3,0.389059
1.79064e+09,TM_9,0.492907
1.79064e+09,TM_7,0.418445
1.79064e+09,TM_6,0.336769
1.79064e+09,TM_5,0.592194
1.79064e+09,TM_7,0.567888
1.79064e+09,TM_5,0.354356
1.79064e+09,TM_1,0.50273
1.79064e+09,TM_4,0.318997
1.79064e+09,TM_1,0.479803
1.79064e+09,TM_4,0.438421
1.79064e+09,TM_2,0.434758
1.79064e+09,TM_6,0.329781
1.79064e+09,TM_9,0.561375
1.79064e+09,TM_8,0.504441
1.79064e+09,TM_2,0.582794
1.79064e+09,TM_3,0.411996
1.79064e+09,TM_8,0.407338
1.79064e+09,TM_3,0.388293
1.79064e+09,TM_9,0.541322
1.79064e+09,TM_7,0.413364
1.79064e+09,TM_6,0.366075
1.79064e+09,TM_5,0.493949
1.79064e+09,TM_7,0.58889
1.79064e+09,TM_5,0.359801
1.79064e+09,TM_1,0.442551
1.79064e+09,TM_4,0.347972
1.79064e+09,TM_1,0.298997
1.79064e+09,TM_4,0.398602
1.79064e+09,TM_2,0.273973
1.79064e+09,TM_6,0.413357
1.79064e+09,TM_9,0.642578
1.79064e+09,TM_8,0.620281
1.79064e+09,TM_2,0.541552
1.79064e+09,TM_3,0.463226
1.79064e+09,TM_8,0.467497
1.79064e+09,TM_3,0.886564
1.79064e+09,TM_9,0.555073
1.79064e+09,TM_7,0.472614
1.79064e+09,TM_6,0.371707
1.79064e+09,TM_5,0.576383
1.79064e+09,TM_7,0.523869
1.79064e+09,TM_5,0.372481
1.79064e+09,TM_1,0.437673
1.79064e+09,TM_4,0.395411
1.79064e+09,TM_1,0.368854
1.79064e+09,TM_4,0.328484
1.79064e+09,TM_2,0.285284
1.79064e+09,TM_6,0.464157
1.79064e+09,TM_9,0.649233
1.79064e+09,TM_8,0.448665
1.79064e+09,TM_2,0.542654
1.79064e+09,TM_3,0.434495
1.79064e+09,TM_8,0.511529
1.79064e+09,TM_3,0.395549
1.79064e+09,TM_9,0.565121
1.79064e+09,TM_7,0.383729
1.79064e+09,TM_6,0.343405
1.79064e+09,TM_5,0.510473
1.79064e+09,TM_7,0.561729
1.79064e+09,TM_5,0.321708
1.79064e+09,TM_1,0.406177
1.79064e+09,TM_4,0.332276
1.79064e+09,TM_1,0.406847
1.79064e+09,TM_4,0.390131
1.79064e+09,TM_2,0.319116
1.79064e+09,TM_6,0.434573
1.79064e+09,TM_9,0.465711
1.79064e+09,TM_8,0.435139
1.79064e+09,TM_2,0.507313
1.79064e+09,TM_3,0.374329
1.79064e+09,TM_8,0.410932
1.79064e+09,TM_3,0.42521
1.79064e+09,TM_9,0.592906
1.79064e+09,TM_7,0.519425
1.79064e+09,TM_6,0.340797
1.79064e+09,TM_5,0.490357
1.79064e+09,TM_7,0.677455
1.79064e+09,TM_5,0.328754
1.79064e+09,TM_1,0.455701
1.79064e+09,TM_4,0.402875
1.79064e+09,TM_1,0.322553
1.79064e+09,TM_4,0.364764
1.79064e+09,TM_2,0.254311
1.79064e+09,TM_6,0.41469
1.79064e+09,TM_9,0.431314
1.79064e+09,TM_8,0.495875
1.79064e+09,TM_2,0.564728
1.79064e+09,TM_3,0.465404
1.79064e+09,TM_8,0.449146
1.79064e+09,TM_3,0.412175
1.79064e+09,TM_9,0.562384
1.79064e+09,TM_7,0.402534
1.79064e+09,TM_6,0.38583
1.79064e+09,TM_5,0.494516
1.79064e+09,TM_7,0.505539
1.79064e+09,TM_5,0.347958
1.79064e+09,TM_1,0.414318
1.79064e+09,TM_4,0.402357
1.79064e+09,TM_1,0.295089
1.79064e+09,TM_4,0.332723
1.79064e+09,TM_2,0.297622
1.79064e+09,TM_6,0.353373
1.79064e+09,TM_9,0.373034
1.79064e+09,TM_8,0.396023
1.79064e+09,TM_2,0.535076
1.79064e+09,TM_3,0.375497
1.79064e+09,TM_8,0.62967
1.79064e+09,TM_3,0.426763
1.79064e+09,TM_9,0.549958
1.79064e+09,TM_7,0.361364
1.79064e+09,TM_6,0.368459
1.79064e+09,TM_5,0.509929
1.79064e+09,TM_7,0.523164
1.79064e+09,TM_5,0.368093
1.79064e+09,TM_1,0.411805
1.79064e+09,TM_4,0.312812
1.79064e+09,TM_1,0.329319
1.79064e+09,TM_4,0.453171
1.79064e+09,TM_2,0.405099
1.79064e+09,TM_6,0.367494
1.79064e+09,TM_9,0.377223
1.79064e+09,TM_8,0.477379
1.79064e+09,TM_2,0.3871
1.79064e+09,TM_3,0.435572
1.79064e+09,TM_8,0.422317
1.79064e+09,TM_3,0.417512
1.79064e+09,TM_9,0.546774
1.79064e+09,TM_7,0.369743
1.79064e+09,TM_6,0.400091
1.79064e+09,TM_5,0.551338
1.79064e+09,TM_7,0.929748
1.79064e+09,TM_5,0.401439
1.79064e+09,TM_1,0.458039
1.79064e+09,TM_4,0.332139
1.79064e+09,TM_1,0.351921
1.79064e+09,TM_4,0.462002
1.79064e+09,TM_2,0.295579
1.79064e+09,TM_6,0.375819
1.79064e+09,TM_9,0.48666
1.79064e+09,TM_8,0.440949
1.79064e+09,TM_2,0.510256
1.79064e+09,TM_3,0.382203
1.79064e+09,TM_8,0.43949
1.79064e+09,TM_3,0.418599
1.79064e+09,TM_9,0.503082
1.79064e+09,TM_7,0.391069
1.79064e+09,TM_6,0.353308
1.79064e+09,TM_5,0.677205
1.79064e+09,TM_7,0.569089
1.79064e+09,TM_5,0.399359
1.79064e+09,TM_1,0.468632
1.79064e+09,TM_4,0.364262
1.79064e+09,TM_1,0.290906
1.79064e+09,TM_4,0.342414
1.79064e+09,TM_2,0.322608
1.79064e+09,TM_6,0.466973
1.79064e+09,TM_9,0.511284
1.79064e+09,TM_8,0.422311
1.79064e+09,TM_2,0.516086
1.79064e+09,TM_3,0.387998
1.79064e+09,TM_8,0.41672
1.79064e+09,TM_3,0.38548
1.79064e+09,TM_9,0.483855
1.79064e+09,TM_7,0.400845
1.79064e+09,TM_6,0.360365
1.79064e+09,TM_5,0.502954
1.79064e+09,TM_7,0.613311
1.79064e+09,TM_5,0.41707
1.79064e+09,TM_1,0.41161
1.79064e+09,TM_4,0.316125
1.79064e+09,TM_1,0.284927
1.79064e+09,TM_4,0.360564
1.79064e+09,TM_2,0.24315
1.79064e+09,TM_6,0.453028
1.79064e+09,TM_9,0.517695
1.79064e+09,TM_8,0.492806
1.79064e+09,TM_2,0.506663
1.79064e+09,TM_3,0.391774
1.79064e+09,TM_8,0.40349
1.79064e+09,TM_3,0.423507
1.79064e+09,TM_9,0.567669
1.79064e+09,TM_7,0.363448
1.79064e+09,TM_6,0.509661
1.79064e+09,TM_5,0.572196
1.79064e+09,TM_7,0.697779
1.79064e+09,TM_5,0.367596
1.79064e+09,TM_1,0.410802
1.79064e+09,TM_4,0.405964
1.79064e+09,TM_1,0.310778
1.79064e+09,TM_4,0.382278
1.79064e+09,TM_2,0.414613
1.79064e+09,TM_6,0.418261
1.79064e+09,TM_9,0.582645
1.79064e+09,TM_8,0.405255
1.79064e+09,TM_2,0.531987
1.79064e+09,TM_3,0.436696
1.79064e+09,TM_8,0.490201
1.79064e+09,TM_3,0.418117
1.79064e+09,TM_9,0.576515
1.79064e+09,TM_7,0.432951
1.79064e+09,TM_6,0.374124
1.79064e+09,TM_5,0.520196
1.79064e+09,TM_7,0.554292
1.79064e+09,TM_5,0.484718
1.79064e+09,TM_1,0.465102
1.79064e+09,TM_4,0.365942
1.79064e+09,TM_1,0.322802
1.79064e+09,TM_4,0.394255
1.79064e+09,TM_2,0.298433
1.79064e+09,TM_6,0.445409
1.79064e+09,TM_9,0.531649
1.79064e+09,TM_8,0.466722
1.79064e+09,TM_2,0.537225
1.79064e+09,TM_3,0.42719
1.79064e+09,TM_8,0.535517
1.79064e+09,TM_3,0.441637
1.79064e+09,TM_9,0.585957
1.79064e+09,TM_7,0.462592
1.79064e+09,TM_6,0.331291
1.79064e+09,TM_5,0.499915
1.79064e+09,TM_7,0.681593
1.79064e+09,TM_5,0.392837
1.79064e+09,TM_1,0.491435
1.79064e+09,TM_4,0.300131
1.79064e+09,TM_1,0.323599
1.79064e+09,TM_4,0.40607
1.79064e+09,TM_2,0.353365
1.79064e+09,TM_6,0.444068
1.79064e+09,TM_9,0.529019
1.79064e+09,TM_8,0.420094
1.79064e+09,TM_2,0.613817
1.79064e+09,TM_3,0.425249
1.79064e+09,TM_8,0.46053
1.79064e+09,TM_3,0.422346
1.79064e+09,TM_9,0.481302
1.79064e+09,TM_7,0.47965
1.79064e+09,TM_6,0.359968
1.79064e+09,TM_5,0.518927
1.79064e+09,TM_7,0.593203
1.79064e+09,TM_5,0.35008
1.79064e+09,TM_1,0.448048
1.79064e+09,TM_4,0.301666
1.79064e+09,TM_1,0.327219
1.79064e+09,TM_4,0.37979
1.79064e+09,TM_2,0.332055
1.79064e+09,TM_6,0.47279
1.79064e+09,TM_9,0.550452
1.79064e+09,TM_8,0.407485
1.79064e+09,TM_2,0.619991
1.79064e+09,TM_3,0.460352
1.79064e+09,TM_8,0.444957
1.79064e+09,TM_3,0.413757
1.79064e+09,TM_9,0.481285
1.79064e+09,TM_7,0.389939
1.79064e+09,TM_6,0.421965
1.79064e+09,TM_5,0.506514
1.79064e+09,TM_7,0.685084
1.79064e+09,TM_5,0.367018
1.79064e+09,TM_1,0.449154
1.79064e+09,TM_4,0.352973
1.79064e+09,TM_1,0.310396
1.79064e+09,TM_4,0.373292
1.79064e+09,TM_2,0.30159
1.79064e+09,TM_6,0.474254
1.79064e+09,TM_9,0.558882
1.79064e+09,TM_8,0.487313
1.79064e+09,TM_2,0.567165
1.79064e+09,TM_3,0.378976
1.79064e+09,TM_8,0.424771
1.79064e+09,TM_3,0.443769
1.79064e+09,TM_9,0.457572
1.79064e+09,TM_7,0.348998
1.79064e+09,TM_6,0.41242
1.79064e+09,TM_5,0.477866
1.79064e+09,TM_7,0.344493
1.79064e+09,TM_5,0.426311
1.79064e+09,TM_1,0.404338
1.79064e+09,TM_4,0.317679
1.79064e+09,TM_1,0.320243
1.79064e+09,TM_4,0.341396
1.79064e+09,TM_2,0.304531
1.79064e+09,TM_6,0.383592
1.79064e+09,TM_9,0.387391
1.79064e+09,TM_8,0.54971
1.79064e+09,TM_2,0.558655
1.79064e+09,TM_3,0.352051
1.79064e+09,TM_8,0.385135
1.79064e+09,TM_3,0.355574
1.79064e+09,TM_9,0.479182
1.79064e+09,TM_7,0.468112
1.79064e+09,TM_6,0.310241
1.79064e+09,TM_5,0.477229
1.79064e+09,TM_7,0.605284
1.79064e+09,TM_5,0.352688
1.79064e+09,TM_1,0.407454
1.79064e+09,TM_4,0.335866
1.79064e+09,TM_1,0.283835
1.79064e+09,TM_4,0.304602
1.79064e+09,TM_2,0.290615
1.79064e+09,TM_6,0.414028
1.79064e+09,TM_9,0.468878
1.79064e+09,TM_8,0.426088
1.79064e+09,TM_2,0.514705
1.79064e+09,TM_3,0.37986
1.79064e+09,TM_8,0.408277
1.79064e+09,TM_3,0.380207
1.79064e+09,TM_9,0.487904
1.79064e+09,TM_7,0.401277
1.79064e+09,TM_6,0.39039
1.79064e+09,TM_5,0.489238
1.79064e+09,TM_7,0.662657
1.79064e+09,TM_5,0.350104
1.79064e+09,TM_1,0.399506
1.79064e+09,TM_4,0.416405
1.79064e+09,TM_1,0.265995
1.79064e+09,TM_4,0.338233
1.79064e+09,TM_2,0.312639
1.79064e+09,TM_6,0.399979
1.79064e+09,TM_9,0.458631
1.79064e+09,TM_8,0.411548
1.79064e+09,TM_2,0.56589
1.79064e+09,TM_3,0.478191
1.79064e+09,TM_8,0.42899
1.79064e+09,TM_3,0.418692
1.79064e+09,TM_9,0.494996
1.79064e+09,TM_7,0.392782
1.79064e+09,TM_6,0.378938
1.79064e+09,TM_5,0.502724
1.79064e+09,TM_7,0.669575
1.79064e+09,TM_5,0.419404
1.79064e+09,TM_1,0.577752
1.79064e+09,TM_4,0.364486
1.79064e+09,TM_1,0.284101
1.79064e+09,TM_4,0.413073
1.79064e+09,TM_2,0.301477
1.79064e+09,TM_6,0.370113
1.79064e+09,TM_9,0.463053
1.79064e+09,TM_8,0.441093
1.79064e+09,TM_2,0.480128
1.79064e+09,TM_3,0.344863
1.79064e+09,TM_8,0.423262
1.79064e+09,TM_3,0.431487
1.79064e+09,TM_9,0.558232
1.79064e+09,TM_7,0.384455
1.79064e+09,TM_6,0.367672
1.79064e+09,TM_5,0.509506
1.79064e+09,TM_7,0.79657
1.79064e+09,TM_5,0.419696
1.79064e+09,TM_1,0.398731
1.79064e+09,TM_4,0.324447
1.79064e+09,TM_1,0.295606
1.79064e+09,TM_4,0.360967
1.79064e+09,TM_2,0.298957
1.79064e+09,TM_6,0.404085
1.79064e+09,TM_9,0.537792
1.79064e+09,TM_8,0.374563
1.79064e+09,TM_2,0.497681
1.79064e+09,TM_3,0.349137
1.79064e+09,TM_8,0.397162
1.79064e+09,TM_3,0.417298
1.79064e+09,TM_9,0.563156
1.79064e+09,TM_7,0.497821
1.79064e+09,TM_6,0.359514
1.79064e+09,TM_5,0.526913
1.79064e+09,TM_7,0.499375
1.79064e+09,TM_5,0.33853
1.79064e+09,TM_1,0.427387
1.79064e+09,TM_4,0.315113
1.79064e+09,TM_1,0.291344
1.79064e+09,TM_4,0.329033
1.79064e+09,TM_2,0.392496
1.79064e+09,TM_6,0.311646
1.79064e+09,TM_9,0.335476
1.79064e+09,TM_8,0.387094
1.79064e+09,TM_2,0.504891
1.79064e+09,TM_3,0.407165
1.79064e+09,TM_8,0.421398
1.79064e+09,TM_3,0.432665
1.79064e+09,TM_9,0.489925
1.79064e+09,TM_7,0.679648
1.79064e+09,TM_6,0.396419
1.79064e+09,TM_5,0.540732
1.79064e+09,TM_7,0.65344
1.79064e+09,TM_5,0.436176
1.79064e+09,TM_1,0.473716
1.79064e+09,TM_4,0.342046
1.79064e+09,TM_1,0.31759
1.79064e+09,TM_4,0.35679
1.79064e+09,TM_2,0.430275
1.79064e+09,TM_6,0.525933
1.79064e+09,TM_9,0.620678
1.79064e+09,TM_8,0.578451
1.79064e+09,TM_2,0.543786
1.79064e+09,TM_3,0.536044
1.79064e+09,TM_8,0.43399
1.79064e+09,TM_3,0.485713
1.79064e+09,TM_9,0.50438
1.79064e+09,TM_7,0.532006
1.79064e+09,TM_6,0.29903
1.79064e+09,TM_5,0.552644
1.79064e+09,TM_7,0.753893
1.79064e+09,TM_5,0.442132
1.79064e+09,TM_1,0.380884
1.79064e+09,TM_4,0.372686
1.79064e+09,TM_1,0.283392
1.79064e+09,TM_4,0.28159
1.79064e+09,TM_2,0.408058
1.79064e+09,TM_6,0.368905
1.79064e+09,TM_9,0.408643
1.79064e+09,TM_8,0.391859
1.79064e+09,TM_2,0.524687
1.79064e+09,TM_3,0.43272
1.79064e+09,TM_8,0.376919
1.79064e+09,TM_3,0.448888
1.79064e+09,TM_9,0.487955
1.79064e+09,TM_7,0.595776
1.79064e+09,TM_6,0.328865
1.79064e+09,TM_5,0.50819
1.79064e+09,TM_7,0.631817
1.79064e+09,TM_5,0.400164
1.79064e+09,TM_1,0.407124
1.79064e+09,TM_4,0.355588
1.79064e+09,TM_1,0.265216
1.79064e+09,TM_4,0.346636
1.79064e+09,TM_2,0.386999
1.79064e+09,TM_6,0.386647
1.79064e+09,TM_9,0.423866
1.79064e+09,TM_8,0.362965
1.79064e+09,TM_2,0.515875
1.79064e+09,TM_3,0.443726
1.79064e+09,TM_8,0.354123
1.79064e+09,TM_3,0.466009
1.79064e+09,TM_9,0.539283
1.79064e+09,TM_7,0.551899
1.79064e+09,TM_6,0.300141
1.79064e+09,TM_5,0.495386
1.79064e+09,TM_7,0.690002
1.79064e+09,TM_5,0.363515
1.79064e+09,TM_1,0.359016
1.79064e+09,TM_4,0.342649
1.79064e+09,TM_1,0.288576
1.79064e+09,TM_4,0.337401
1.79064e+09,TM_2,0.334301
1.79064e+09,TM_6,0.443692
1.79064e+09,TM_9,0.482995
1.79064e+09,TM_8,0.393017
1.79064e+09,TM_2,0.502871
1.79064e+09,TM_3,0.438187
1.79064e+09,TM_8,0.431617
1.79064e+09,TM_3,0.458176
1.79064e+09,TM_9,0.535308
1.79064e+09,TM_7,0.481401
1.79064e+09,TM_6,0.317762
1.79064e+09,TM_5,0.522885
1.79064e+09,TM_7,0.638273
1.79064e+09,TM_5,0.480007
1.79064e+09,TM_1,0.432233
1.79064e+09,TM_4,0.407122
1.79064e+09,TM_1,0.257017
1.79064e+09,TM_4,0.290991
1.79064e+09,TM_2,0.333763
1.79064e+09,TM_6,0.41072
1.79064e+09,TM_9,0.463603
1.79064e+09,TM_8,0.350606
1.79064e+09,TM_2,0.498997
1.79064e+09,TM_3,0.380884
1.79064e+09,TM_8,0.456871
1.79064e+09,TM_3,0.43962
1.79064e+09,TM_9,0.517058
1.79064e+09,TM_7,0.638631
1.79064e+09,TM_6,0.354613
1.79064e+09,TM_5,0.667736
1.79064e+09,TM_7,0.635417
1.79064e+09,TM_5,0.379278
1.79064e+09,TM_1,0.406488
1.79064e+09,TM_4,0.298878
1.79064e+09,TM_1,0.246508
1.79064e+09,TM_4,0.314153
1.79064e+09,TM_2,0.380588
1.79064e+09,TM_6,0.436912
1.79064e+09,TM_9,0.725013
1.79064e+09,TM_8,0.571362
1.79064e+09,TM_2,0.531095
1.79064e+09,TM_3,0.498832
1.79064e+09,TM_8,0.387174
1.79064e+09,TM_3,0.662652
1.79064e+09,TM_9,0.559734
1.79064e+09,TM_7,0.460419
1.79064e+09,TM_6,0.404942
1.79064e+09,TM_5,0.556827
1.79064e+09,TM_7,0.906393
1.79064e+09,TM_5,0.421634
1.79064e+09,TM_1,0.403775
1.79064e+09,TM_4,0.43731
1.79064e+09,TM_1,0.40006
1.79064e+09,TM_4,0.337728
1.79064e+09,TM_2,0.3962
1.79064e+09,TM_6,0.481483
1.79064e+09,TM_9,0.56506
1.79064e+09,TM_8,0.353438
1.79064e+09,TM_2,0.498131
1.79064e+09,TM_3,0.423166
1.79064e+09,TM_8,0.380525
1.79064e+09,TM_3,0.492292
1.79064e+09,TM_9,0.505047
1.79064e+09,TM_7,0.727313
1.79064e+09,TM_6,0.327722
1.79064e+09,TM_5,0.539639
1.79064e+09,TM_7,0.631379
1.79064e+09,TM_5,0.393119
1.79064e+09,TM_1,0.492856
1.79064e+09,TM_4,0.309338
1.79064e+09,TM_1,0.27432
1.79064e+09,TM_4,0.325499
1.79064e+09,TM_2,0.354927
1.79064e+09,TM_6,0.427901
1.79064e+09,TM_9,0.510717
1.79064e+09,TM_8,0.381116
1.79064e+09,TM_2,0.49267
1.79064e+09,TM_3,0.41779
1.79064e+09,TM_8,0.36671
1.79064e+09,TM_3,0.55073
1.79064e+09,TM_9,0.540912
1.79064e+09,TM_7,0.678419
1.79064e+09,TM_6,0.329705
1.79064e+09,TM_5,0.538859
1.79064e+09,TM_7,0.60331
1.79064e+09,TM_5,0.387915
1.79064e+09,TM_1,0.393787
1.79064e+09,TM_4,0.260342
1.79064e+09,TM_1,0.285117
1.79064e+09,TM_4,0.334214
1.79064e+09,TM_2,0.325807
1.79064e+09,TM_6,0.439858
1.79064e+09,TM_9,0.532422
1.79064e+09,TM_8,0.351453
1.79064e+09,TM_2,0.55322
1.79064e+09,TM_3,0.45893
1.79064e+09,TM_8,0.383716
1.79064e+09,TM_3,0.324331
1.79064e+09,TM_9,0.501583
1.79064e+09,TM_7,0.470568
1.79064e+09,TM_6,0.319936
1.79064e+09,TM_5,0.588511
1.79064e+09,TM_7,0.593431
1.79064e+09,TM_5,0.366832
1.79064e+09,TM_1,0.461948
1.79064e+09,TM_4,0.331857
1.79064e+09,TM_1,0.234192
1.79064e+09,TM_4,0.316179
1.79064e+09,TM_2,0.336185
1.79064e+09,TM_6,0.485966
1.79064e+09,TM_9,0.661862
1.79064e+09,TM_8,0.325004
1.79064e+09,TM_2,0.580145
1.79064e+09,TM_3,0.394211
1.79064e+09,TM_8,0.408363
1.79064e+09,TM_3,0.452595
1.79064e+09,TM_9,0.56254
1.79064e+09,TM_7,0.420299
1.79064e+09,TM_6,0.352859
1.79064e+09,TM_5,0.534649
1.79064e+09,TM_7,0.6103
1.79064e+09,TM_5,0.505536
1.79064e+09,TM_1,0.379963
1.79064e+09,TM_4,0.306315
1.79064e+09,TM_1,0.26856
1.79064e+09,TM_4,0.278528
1.79064e+09,TM_2,0.374378
1.79064e+09,TM_6,0.358287
1.79064e+09,TM_9,0.52285
1.79064e+09,TM_8,0.41499
1.79064e+09,TM_2,0.526078
1.79064e+09,TM_3,0.390461
1.79064e+09,TM_8,0.447837
1.79064e+09,TM_3,0.624827
1.79064e+09,TM_9,0.536319
1.79064e+09,TM_7,0.439666
1.79064e+09,TM_6,0.341059
1.79064e+09,TM_5,0.548449
1.79064e+09,TM_7,0.583784
1.79064e+09,TM_5,0.446506
1.79064e+09,TM_1,0.401365
1.79064e+09,TM_4,0.346202
1.79064e+09,TM_1,0.272786
1.79064e+09,TM_4,0.284019
1.79064e+09,TM_2,0.380207
1.79064e+09,TM_6,0.441744
1.79064e+09,TM_9,0.493846
1.79064e+09,TM_8,0.384802
1.79064e+09,TM_2,0.501889
1.79064e+09,TM_3,0.396733
1.79064e+09,TM_8,0.389711
1.79064e+09,TM_3,0.423595
1.79064e+09,TM_9,0.564993
1.79064e+09,TM_7,0.509221
1.79064e+09,TM_6,0.337599
1.79064e+09,TM_5,0.533176
1.79064e+09,TM_7,0.614608
1.79064e+09,TM_5,0.464137
1.79064e+09,TM_1,0.42137
1.79064e+09,TM_4,0.310383
1.79064e+09,TM_1,0.268592
1.79064e+09,TM_4,0.297831
1.79064e+09,TM_2,0.417864
1.79064e+09,TM_6,0.355143
1.79064e+09,TM_9,0.401265
1.79064e+09,TM_8,0.365392
1.79064e+09,TM_2,0.490911
1.79064e+09,TM_3,0.509998
1.79064e+09,TM_8,0.447857
1.79064e+09,TM_3,0.476024
1.79064e+09,TM_9,0.565114
1.79064e+09,TM_7,0.685895
1.79064e+09,TM_6,0.454044
1.79064e+09,TM_5,0.483042
1.79064e+09,TM_7,0.56579
1.79064e+09,TM_5,0.405586
1.79064e+09,TM_1,0.410419
1.79064e+09,TM_4,0.357699
1.79064e+09,TM_1,0.324229
1.79064e+09,TM_4,0.357333
1.79064e+09,TM_2,0.296275
1.79064e+09,TM_6,0.408067
1.79064e+09,TM_9,0.449468
1.79064e+09,TM_8,0.464061
1.79064e+09,TM_2,0.481027
1.79064e+09,TM_3,0.327944
1.79064e+09,TM_8,0.414054
1.79064e+09,TM_3,0.494969
1.79064e+09,TM_9,0.531947
1.79064e+09,TM_7,0.371982
1.79064e+09,TM_6,0.398435
1.79064e+09,TM_5,0.491946
1.79064e+09,TM_7,0.736631
1.79064e+09,TM_5,0.394919
1.79064e+09,TM_1,0.469423
1.79064e+09,TM_4,0.320299
1.79064e+09,TM_1,0.286831
1.79064e+09,TM_4,0.298568
1.79064e+09,TM_2,0.284696
1.79064e+09,TM_6,0.589733
1.79064e+09,TM_9,0.664238
1.79064e+09,TM_8,0.433071
1.79064e+09,TM_2,0.472823
1.79064e+09,TM_3,0.366534
1.79064e+09,TM_8,0.429639
1.79064e+09,TM_3,0.440058
1.79064e+09,TM_9,0.471606
1.79064e+09,TM_7,0.413889
1.79064e+09,TM_6,0.442158
1.79064e+09,TM_5,0.503269
1.79064e+09,TM_7,0.67069
1.79064e+09,TM_5,0.397047
1.79064e+09,TM_1,0.414429
1.79064e+09,TM_4,0.344363
1.79064e+09,TM_1,0.298903
1.79064e+09,TM_4,0.304765
1.79064e+09,TM_2,0.354196
1.79064e+09,TM_6,0.450461
1.79064e+09,TM_9,0.509759
1.79064e+09,TM_8,0.449187
1.79064e+09,TM_2,0.383457
1.79064e+09,TM_3,0.411119
1.79064e+09,TM_8,0.405908
1.79064e+09,TM_3,0.387513
1.79064e+09,TM_9,0.449358
1.79064e+09,TM_7,0.354972
1.79064e+09,TM_6,0.423824
1.79064e+09,TM_5,0.581549
1.79064e+09,TM_7,0.596801
1.79064e+09,TM_5,0.370626
1.79064e+09,TM_1,0.479944
1.79064e+09,TM_4,0.464208
1.79064e+09,TM_1,0.292233
1.79064e+09,TM_4,0.308316
1.79064e+09,TM_2,0.437981
1.79064e+09,TM_6,0.322007
1.79064e+09,TM_9,0.419565
1.79064e+09,TM_8,0.458476
1.79064e+09,TM_2,0.496024
1.79064e+09,TM_3,0.468575
1.79064e+09,TM_8,0.397457
1.79064e+09,TM_3,0.47994
1.79064e+09,TM_9,0.497155
1.79064e+09,TM_7,0.463742
1.79064e+09,TM_6,0.422533
1.79064e+09,TM_5,0.525604
1.79064e+09,TM_7,0.639488
1.79064e+09,TM_5,0.335211
1.79064e+09,TM_1,0.376184
1.79064e+09,TM_4,0.401372
1.79064e+09,TM_1,0.257297
1.79064e+09,TM_4,0.325082
1.79064e+09,TM_2,0.420488
1.79064e+09,TM_6,0.450043
1.79064e+09,TM_9,0.471385
1.79064e+09,TM_8,0.413091
1.79064e+09,TM_2,0.532841
1.79064e+09,TM_3,0.398514
1.79064e+09,TM_8,0.390234
1.79064e+09,TM_3,0.46861
1.79064e+09,TM_9,0.563446
1.79064e+09,TM_7,0.554198
1.79064e+09,TM_6,0.378648
1.79064e+09,TM_5,0.514653
1.79064e+09,TM_7,0.551686
1.79064e+09,TM_5,0.346191
1.79064e+09,TM_1,0.407516
1.79064e+09,TM_4,0.348156
1.79064e+09,TM_1,0.213508
1.79064e+09,TM_4,0.320671
1.79064e+09,TM_2,0.370801
1.79064e+09,TM_6,0.525562
1.79064e+09,TM_9,0.515042
1.79064e+09,TM_8,0.591673
1.79064e+09,TM_2,0.511399
1.79064e+09,TM_3,0.363584
1.79064e+09,TM_8,0.384654
1.79064e+09,TM_3,0.497947
1.79064e+09,TM_9,0.452668
1.79064e+09,TM_7,0.401404
1.79064e+09,TM_6,0.354734
1.79064e+09,TM_5,0.522947
1.79064e+09,TM_7,0.562073
1.79064e+09,TM_5,0.373437
1.79064e+09,TM_1,0.388623
1.79064e+09,TM_4,0.332858
1.79064e+09,TM_1,0.541969
1.79064e+09,TM_4,0.310769
1.79064e+09,TM_2,0.424784
1.79064e+09,TM_6,0.384742
1.79064e+09,TM_9,0.486587
1.79064e+09,TM_8,0.307222
1.79064e+09,TM_2,0.473766
1.79064e+09,TM_3,0.437218
1.79064e+09,TM_8,0.398759
1.79064e+09,TM_3,0.546636
1.79064e+09,TM_9,0.473477
1.79064e+09,TM_7,0.482249
1.79064e+09,TM_6,0.396629
1.79064e+09,TM_5,0.517571
1.79064e+09,TM_7,0.604114
1.79064e+09,TM_5,0.401121
1.79064e+09,TM_1,0.447169
1.79064e+09,TM_4,0.332788
1.79064e+09,TM_1,0.248152
1.79064e+09,TM_4,0.279364
1.79064e+09,TM_2,0.355514
1.79064e+09,TM_6,0.60527
1.79064e+09,TM_9,0.649885
1.79064e+09,TM_8,0.369016
1.79064e+09,TM_2,0.534635
1.79064e+09,TM_3,0.371143
1.79064e+09,TM_8,0.417172
1.79064e+09,TM_3,0.557755
1.79064e+09,TM_9,0.508081
1.79064e+09,TM_7,0.474734
1.79064e+09,TM_6,0.334539
1.79064e+09,TM_5,0.481162
1.79064e+09,TM_7,0.663681
1.79064e+09,TM_5,0.393719
1.79064e+09,TM_1,0.436555
1.79064e+09,TM_4,0.366558
1.79064e+09,TM_1,0.252852
1.79064e+09,TM_4,0.255079
1.79064e+09,TM_2,0.401832
1.79064e+09,TM_6,0.42409
1.79064e+09,TM_9,0.492199
1.79064e+09,TM_8,0.412348
1.79064e+09,TM_2,0.546796
1.79064e+09,TM_3,0.381231
1.79064e+09,TM_8,0.392603
1.79064e+09,TM_3,0.509254
1.79064e+09,TM_9,0.494745
1.79064e+09,TM_7,0.500655
1.79064e+09,TM_6,0.398303
1.79064e+09,TM_5,0.499567
1.79064e+09,TM_7,0.551326
1.79064e+09,TM_5,0.426322
1.79064e+09,TM_1,0.402564
1.79064e+09,TM_4,0.38878
1.79064e+09,TM_1,0.310328
1.79064e+09,TM_4,0.322247
1.79064e+09,TM_2,0.449431
1.79064e+09,TM_6,0.442625
1.79064e+09,TM_9,0.483861
1.79064e+09,TM_8,0.387749
1.79064e+09,TM_2,0.543085
1.79064e+09,TM_3,0.439746
1.79064e+09,TM_8,0.426361
1.79064e+09,TM_3,0.599153
1.79064e+09,TM_9,0.587782
1.79064e+09,TM_7,0.604467
1.79064e+09,TM_6,0.428623
1.79064e+09,TM_5,0.481709
1.79064e+09,TM_7,0.576342
1.79064e+09,TM_5,0.323422
1.79064e+09,TM_1,0.423928
1.79064e+09,TM_4,0.358225
1.79064e+09,TM_1,0.349194
1.79064e+09,TM_4,0.255994
1.79064e+09,TM_2,0.484564
1.79064e+09,TM_6,0.531626
1.79064e+09,TM_9,0.551499
1.79064e+09,TM_8,0.369999
1.79064e+09,TM_2,0.56522
1.79064e+09,TM_3,0.408762
1.79064e+09,TM_8,0.466836
1.79064e+09,TM_3,0.571251
1.79064e+09,TM_9,0.525704
1.79064e+09,TM_7,0.52259
1.79064e+09,TM_6,0.406718
1.79064e+09,TM_5,0.447344
1.79064e+09,TM_7,0.494146
1.79064e+09,TM_5,0.353049
1.79064e+09,TM_1,0.35937
1.79064e+09,TM_4,0.409332
1.79064e+09,TM_1,0.363057
1.79064e+09,TM_4,0.277453
1.79064e+09,TM_2,0.372786
1.79064e+09,TM_6,0.387492
1.79064e+09,TM_9,0.430328
1.79064e+09,TM_8,0.315928
1.79064e+09,TM_2,0.596909
1.79064e+09,TM_3,0.456372
1.79064e+09,TM_8,0.401238
1.79064e+09,TM_3,0.587482
1.79064e+09,TM_9,0.63657
1.79064e+09,TM_7,0.482241
1.79064e+09,TM_6,0.472826
1.79064e+09,TM_5,0.50217
1.79064e+09,TM_7,0.551942
1.79064e+09,TM_5,0.348827
1.79064e+09,TM_1,0.335724
1.79064e+09,TM_4,0.365653
1.79064e+09,TM_1,0.215404
1.79064e+09,TM_4,0.299559
1.79064e+09,TM_2,0.365139
1.79064e+09,TM_6,0.474021
1.79064e+09,TM_9,0.48695
1.79064e+09,TM_8,0.39309
1.79064e+09,TM_2,0.569237
1.79064e+09,TM_3,0.469832
1.79064e+09,TM_8,0.417115
1.79064e+09,TM_3,0.547644
1.79064e+09,TM_9,0.593316
1.79064e+09,TM_7,0.592743
1.79064e+09,TM_6,0.484444
1.79064e+09,TM_5,0.483548
1.79064e+09,TM_7,0.527452
1.79064e+09,TM_5,0.526228
1.79064e+09,TM_1,0.496102
1.79064e+09,TM_4,0.445068
1.79064e+09,TM_1,0.339917
1.79064e+09,TM_4,0.304094
1.79064e+09,TM_2,0.347197
1.79064e+09,TM_6,0.562951
1.79064e+09,TM_9,0.62362
1.79064e+09,TM_8,0.417699
1.79064e+09,TM_2,0.55989
1.79064e+09,TM_3,0.416334
1.79064e+09,TM_8,0.427415
1.79064e+09,TM_3,0.449321
1.79064e+09,TM_9,0.536971
1.79064e+09,TM_7,0.507182
1.79064e+09,TM_6,0.328391
1.79064e+09,TM_5,0.515608
1.79064e+09,TM_7,0.621554
1.79064e+09,TM_5,0.377712
1.79064e+09,TM_1,0.340491
1.79064e+09,TM_4,0.442633
1.79064e+09,TM_1,0.334622
1.79064e+09,TM_4,0.285305
1.79064e+09,TM_2,0.349716
1.79064e+09,TM_6,0.363494
1.79064e+09,TM_9,0.499798
1.79064e+09,TM_8,0.407031
1.79064e+09,TM_2,0.488353
1.79064e+09,TM_3,0.392939
1.79064e+09,TM_8,0.375948
1.79064e+09,TM_3,0.528072
1.79064e+09,TM_9,0.480489
1.79064e+09,TM_7,0.438013
1.79064e+09,TM_6,0.359448
1.79064e+09,TM_5,0.522943
1.79064e+09,TM_7,0.538181
1.79064e+09,TM_5,0.450576
1.79064e+09,TM_1,0.355026
1.79064e+09,TM_4,0.363181
1.79064e+09,TM_1,0.227323
1.79064e+09,TM_4,0.286297
1.79064e+09,TM_2,0.425453
1.79064e+09,TM_6,0.305531
1.79064e+09,TM_9,0.406915
1.79064e+09,TM_8,0.358215
1.79064e+09,TM_2,0.541199
1.79064e+09,TM_3,0.380501
1.79064e+09,TM_8,0.37015
1.79064e+09,TM_3,0.481938
1.79064e+09,TM_9,0.482496
1.79064e+09,TM_7,0.427283
1.79064e+09,TM_6,0.309984
1.79064e+09,TM_5,0.514718
1.79064e+09,TM_7,0.536207
1.79064e+09,TM_5,0.387933
1.79064e+09,TM_1,0.349293
1.79064e+09,TM_4,0.315772
1.79064e+09,TM_1,0.254119
1.79064e+09,TM_4,0.299887
1.79064e+09,TM_2,0.329389
1.79064e+09,TM_6,0.208509
1.79064e+09,TM_9,0.358195
1.79064e+09,TM_8,0.391239
1.79064e+09,TM_2,0.538115
1.79064e+09,TM_3,0.405571
1.79064e+09,TM_8,0.404879
1.79064e+09,TM_3,0.488407
1.79064e+09,TM_9,0.523281
1.79064e+09,TM_7,0.457231
1.79064e+09,TM_6,0.366911
1.79064e+09,TM_5,0.560607
1.79064e+09,TM_7,0.525243
1.79064e+09,TM_5,0.375967
1.79064e+09,TM_1,0.355544
1.79064e+09,TM_4,0.337244
1.79064e+09,TM_1,0.240824
1.79064e+09,TM_4,0.314885
1.79064e+09,TM_2,0.391435
1.79064e+09,TM_6,0.448872
1.79064e+09,TM_9,0.481967
1.79064e+09,TM_8,0.424686
1.79064e+09,TM_2,0.513109
1.79064e+09,TM_3,0.449755
1.79064e+09,TM_8,0.422112
1.79064e+09,TM_3,0.576676
1.79064e+09,TM_9,0.701021
1.79064e+09,TM_7,0.374299
1.79064e+09,TM_6,0.412298
1.79064e+09,TM_5,0.568901
1.79064e+09,TM_7,0.567668
1.79064e+09,TM_5,0.410175
1.79064e+09,TM_1,0.428343
1.79064e+09,TM_4,0.449057
1.79064e+09,TM_1,0.307818
1.79064e+09,TM_4,0.281572
1.79064e+09,TM_2,0.465206
1.79064e+09,TM_6,0.355204
1.79064e+09,TM_9,0.438339
1.79064e+09,TM_8,0.494845
1.79064e+09,TM_2,0.501528
1.79064e+09,TM_3,0.439607
1.79064e+09,TM_8,0.432116
1.79064e+09,TM_3,0.526303
1.79064e+09,TM_9,0.620383
1.79064e+09,TM_7,0.412192
1.79064e+09,TM_6,0.424412
1.79064e+09,TM_5,0.534055
1.79064e+09,TM_7,0.558257
1.79064e+09,TM_5,0.401599
1.79064e+09,TM_1,0.504294
1.79064e+09,TM_4,0.452676
1.79064e+09,TM_1,0.422788
1.79064e+09,TM_4,0.361914
1.79064e+09,TM_2,0.307896
1.79064e+09,TM_6,0.445032
1.79064e+09,TM_9,0.415908
1.79064e+09,TM_8,0.580053
1.79064e+09,TM_2,0.526051
1.79064e+09,TM_3,0.393746
1.79064e+09,TM_8,0.482565
1.79064e+09,TM_3,0.494996
1.79064e+09,TM_9,0.534646
1.79064e+09,TM_7,0.411722
1.79064e+09,TM_6,0.420084
1.79064e+09,TM_5,0.506984
1.79064e+09,TM_7,0.617477
1.79064e+09,TM_5,0.437321
1.79064e+09,TM_1,0.550286
1.79064e+09,TM_4,0.39507
1.79064e+09,TM_1,0.277679
1.79064e+09,TM_4,0.367248
1.79064e+09,TM_2,0.373025
1.79064e+09,TM_6,0.442619
1.79064e+09,TM_9,0.427754
1.79064e+09,TM_8,0.529662
1.79064e+09,TM_2,0.535336
1.79064e+09,TM_3,0.404002
1.79064e+09,TM_8,0.418341
1.79064e+09,TM_3,0.478798
1.79064e+09,TM_9,0.466695
1.79064e+09,TM_7,0.399154
1.79064e+09,TM_6,0.37404
1.79064e+09,TM_5,0.515851
1.79064e+09,TM_7,0.566407
1.79064e+09,TM_5,0.399407
1.79064e+09,TM_1,0.365448
1.79064e+09,TM_4,0.377646
1.79064e+09,TM_1,0.271041
1.79064e+09,TM_4,0.265293
1.79064e+09,TM_2,0.3622
1.79064e+09,TM_6,0.441646
1.79064e+09,TM_9,0.494003
1.79064e+09,TM_8,0.391385
1.79064e+09,TM_2,0.610352
1.79064e+09,TM_3,0.406921
1.79064e+09,TM_8,0.405413
1.79064e+09,TM_3,0.501416
1.79064e+09,TM_9,0.561152
1.79064e+09,TM_7,0.458914
1.79064e+09,TM_6,0.36172
1.79064e+09,TM_5,0.550411
1.79064e+09,TM_7,0.555626
1.79064e+09,TM_5,0.434746
1.79064e+09,TM_1,0.420501
1.79064e+09,TM_4,0.294821
1.79064e+09,TM_1,0.301709
1.79064e+09,TM_4,0.326001
1.79064e+09,TM_2,0.365626
1.79064e+09,TM_6,0.30438
1.79064e+09,TM_9,0.505303
1.79064e+09,TM_8,0.445614
1.79064e+09,TM_2,0.596271
1.79064e+09,TM_3,0.403306
1.79064e+09,TM_8,0.371262
1.79064e+09,TM_3,0.503163
1.79064e+09,TM_9,0.525996
1.79064e+09,TM_7,0.417473
1.79064e+09,TM_6,0.401417
1.79064e+09,TM_5,0.564663
1.79064e+09,TM_7,0.650464
1.79064e+09,TM_5,0.436474
1.79064e+09,TM_1,0.463531
1.79064e+09,TM_4,0.397006
1.79064e+09,TM_1,0.294897
1.79064e+09,TM_4,0.323164
1.79064e+09,TM_2,0.451542
1.79064e+09,TM_6,0.389352
1.79064e+09,TM_9,0.5183
1.79064e+09,TM_8,0.413102
1.79064e+09,TM_2,0.513929
1.79064e+09,TM_3,0.423957
1.79064e+09,TM_8,0.56123
1.79064e+09,TM_3,0.483477
1.79064e+09,TM_9,0.562437
1.79064e+09,TM_7,0.41105
1.79064e+09,TM_6,0.377991
1.79064e+09,TM_5,0.502087
1.79064e+09,TM_7,0.682202
1.79064e+09,TM_5,0.444465
1.79064e+09,TM_1,0.436087
1.79064e+09,TM_4,0.383388
1.79064e+09,TM_1,0.320232
1.79064e+09,TM_4,0.424317
1.79064e+09,TM_2,0.379844
1.79064e+09,TM_6,0.413777
1.79064e+09,TM_9,0.415546
1.79064e+09,TM_8,0.499105
1.79064e+09,TM_2,0.447693
1.79064e+09,TM_3,0.376788
1.79064e+09,TM_8,0.375224
1.79064e+09,TM_3,0.460666
1.79064e+09,TM_9,0.55108
1.79064e+09,TM_7,0.371949
1.79064e+09,TM_6,0.392041
1.79064e+09,TM_5,0.542632
1.79064e+09,TM_7,0.570312
1.79064e+09,TM_5,0.450356
1.79064e+09,TM_1,0.421288
1.79064e+09,TM_4,0.343471
1.79064e+09,TM_1,0.285306
1.79064e+09,TM_4,0.328155
1.79064e+09,TM_2,0.351729
1.79064e+09,TM_6,0.378896
1.79064e+09,TM_9,0.360394
1.79064e+09,TM_8,0.41938
1.79064e+09,TM_2,0.47585
1.79064e+09,TM_3,0.375713
1.79064e+09,TM_8,0.425229
1.79064e+09,TM_3,0.246319
1.79064e+09,TM_9,0.572782
1.79064e+09,TM_7,0.3631
1.79064e+09,TM_6,0.411684
1.79064e+09,TM_5,0.560524
1.79064e+09,TM_7,0.65827
1.79064e+09,TM_5,0.35351
1.79064e+09,TM_1,0.350163
1.79064e+09,TM_4,0.322619
1.79064e+09,TM_1,0.269604
1.79064e+09,TM_4,0.352626
1.79064e+09,TM_2,0.380168
1.79064e+09,TM_6,0.365896
1.79064e+09,TM_9,0.383773
1.79064e+09,TM_8,0.36447
1.79064e+09,TM_2,0.508347
1.79064e+09,TM_3,0.433101
1.79064e+09,TM_8,0.461195
1.79064e+09,TM_3,0.478696
1.79064e+09,TM_9,0.559036
1.79064e+09,TM_7,0.420208
1.79064e+09,TM_6,0.425623
1.79064e+09,TM_5,0.49593
1.79064e+09,TM_7,0.475063
1.79064e+09,TM_5,0.379543
1.79064e+09,TM_1,0.397187
1.79064e+09,TM_4,0.338271
1.79064e+09,TM_1,0.25985
1.79064e+09,TM_4,0.335701
1.79064e+09,TM_2,0.436768
1.79064e+09,TM_6,0.385349
1.79064e+09,TM_9,0.460219
1.79064e+09,TM_8,0.392293
1.79064e+09,TM_2,0.5284
1.79064e+09,TM_3,0.456736
1.79064e+09,TM_8,0.528539
1.79064e+09,TM_3,0.553762
1.79064e+09,TM_9,0.508065
1.79064e+09,TM_7,0.532594
1.79064e+09,TM_6,0.393931
1.79064e+09,TM_5,0.603583
1.79064e+09,TM_7,0.693905
1.79064e+09,TM_5,0.49182
1.79064e+09,TM_1,0.452226
1.79064e+09,TM_4,0.574861
1.79064e+09,TM_1,0.338551
1.79064e+09,TM_4,0.358452
1.79064e+09,TM_2,0.39261
1.79064e+09,TM_6,0.384474
1.79064e+09,TM_9,0.508786
1.79064e+09,TM_8,0.371427
1.79064e+09,TM_2,0.494555
1.79064e+09,TM_3,0.411622
1.79064e+09,TM_8,0.431098
1.79064e+09,TM_3,0.504348
1.79064e+09,TM_9,0.45996
1.79064e+09,TM_7,0.346025
1.79064e+09,TM_6,0.425894
1.79064e+09,TM_5,0.468444
1.79064e+09,TM_7,0.501156
1.79064e+09,TM_5,0.355815
1.79064e+09,TM_1,0.444027
1.79064e+09,TM_4,0.404505
1.79064e+09,TM_1,0.276622
1.79064e+09,TM_4,0.325209
1.79064e+09,TM_2,0.313529
1.79064e+09,TM_6,0.427913
1.79064e+09,TM_9,0.533673
1.79064e+09,TM_8,0.392527
1.79064e+09,TM_2,0.466375
1.79064e+09,TM_3,0.292315
1.79064e+09,TM_8,0.450696
1.79064e+09,TM_3,0.489364
1.79064e+09,TM_9,0.488384
1.79064e+09,TM_7,0.343501
1.79064e+09,TM_6,0.415521
1.79064e+09,TM_5,0.493861
1.79064e+09,TM_7,0.506641
1.79064e+09,TM_5,0.408593
1.79064e+09,TM_1,0.630379
1.79064e+09,TM_4,0.379951
1.79064e+09,TM_1,0.256927
1.79064e+09,TM_4,0.315378
1.79064e+09,TM_2,0.359286
1.79064e+09,TM_6,0.463771
1.79064e+09,TM_9,0.461047
1.79064e+09,TM_8,0.55022
1.79064e+09,TM_2,0.582743
1.79064e+09,TM_3,0.393305
1.79064e+09,TM_8,0.453392
1.79064e+09,TM_3,0.435818
1.79064e+09,TM_9,0.448362
1.79064e+09,TM_7,0.327243
1.79064e+09,TM_6,0.421524
1.79064e+09,TM_5,0.45873
1.79064e+09,TM_7,0.512357
1.79064e+09,TM_5,0.331501
1.79064e+09,TM_1,0.528904
1.79064e+09,TM_4,0.332843
1.79064e+09,TM_1,0.189882
1.79064e+09,TM_4,0.33717
1.79064e+09,TM_2,0.365901
1.79064e+09,TM_6,0.39092
1.79064e+09,TM_9,0.489697
1.79064e+09,TM_8,0.513887
1.79064e+09,TM_2,0.473978
1.79064e+09,TM_3,0.397273
1.79064e+09,TM_8,0.486551
1.79064e+09,TM_3,0.54376
1.79064e+09,TM_9,0.48642
1.79064e+09,TM_7,0.383917
1.79064e+09,TM_6,0.433071
1.79064e+09,TM_5,0.53966
1.79064e+09,TM_7,0.509598
1.79064e+09,TM_5,0.358029
1.79064e+09,TM_1,0.490418
1.79064e+09,TM_4,0.36916
1.79064e+09,TM_1,0.225058
1.79064e+09,TM_4,0.348428
1.79064e+09,TM_2,0.288083
1.79064e+09,TM_6,0.439127
1.79064e+09,TM_9,0.416658
1.79064e+09,TM_8,0.478268
1.79064e+09,TM_2,0.450514
1.79064e+09,TM_3,0.487818
1.79064e+09,TM_8,0.486511
1.79064e+09,TM_3,0.460998
1.79064e+09,TM_9,0.54609
1.79064e+09,TM_7,0.463841
1.79064e+09,TM_6,0.429265
1.79064e+09,TM_5,0.548326
1.79064e+09,TM_7,0.636585
1.79064e+09,TM_5,0.415341
1.79064e+09,TM_1,0.401261
1.79064e+09,TM_4,0.297376
1.79064e+09,TM_1,0.259714
1.79064e+09,TM_4,0.281379
1.79064e+09,TM_2,0.36976
1.79064e+09,TM_6,0.390107
1.79064e+09,TM_9,0.450315
1.79064e+09,TM_8,0.475683
1.79064e+09,TM_2,0.514186
1.79064e+09,TM_3,0.380785
1.79064e+09,TM_8,0.56467
1.79064e+09,TM_3,0.440967
1.79064e+09,TM_9,0.486432
1.79064e+09,TM_7,0.363592
1.79064e+09,TM_6,0.363371
1.79064e+09,TM_5,0.521306
1.79064e+09,TM_7,0.516317
1.79064e+09,TM_5,0.553373
1.79064e+09,TM_1,0.398596
1.79064e+09,TM_4,0.350884
1.79064e+09,TM_1,0.302404
1.79064e+09,TM_4,0.421066
1.79064e+09,TM_2,0.379513
1.79064e+09,TM_6,0.375985
1.79064e+09,TM_9,0.505952
1.79064e+09,TM_8,0.473677
1.79064e+09,TM_2,0.495713
1.79064e+09,TM_3,0.365461
1.79064e+09,TM_8,0.380234
1.79064e+09,TM_3,0.495931
1.79064e+09,TM_9,0.516965
1.79064e+09,TM_7,0.398741
1.79064e+09,TM_6,0.317642
1.79064e+09,TM_5,0.52487
1.79064e+09,TM_7,0.522604
1.79064e+09,TM_5,0.395213
1.79064e+09,TM_1,0.419486
1.79064e+09,TM_4,0.362446
1.79064e+09,TM_1,0.286469
1.79064e+09,TM_4,0.315259
1.79064e+09,TM_2,0.32138
1.79064e+09,TM_6,0.371075
1.79064e+09,TM_9,0.477335
1.79064e+09,TM_8,0.335808
1.79064e+09,TM_2,0.477579
1.79064e+09,TM_3,0.348184
1.79064e+09,TM_8,0.347017
1.79064e+09,TM_3,0.451567
1.79064e+09,TM_9,0.501751
1.79064e+09,TM_7,0.404175
1.79064e+09,TM_6,0.393269
1.79064e+09,TM_5,0.49801
1.79064e+09,TM_7,0.601873
1.79064e+09,TM_5,0.416375
1.79064e+09,TM_1,0.473434
1.79064e+09,TM_4,0.28279
1.79064e+09,TM_1,0.228234
1.79064e+09,TM_4,0.336421
1.79064e+09,TM_2,0.324844
1.79064e+09,TM_6,0.403811
1.79064e+09,TM_9,0.371712
1.79064e+09,TM_8,0.352994
1.79064e+09,TM_2,0.539261
1.79064e+09,TM_3,0.39786
1.79064e+09,TM_8,0.426303
1.79064e+09,TM_3,0.465342
1.79064e+09,TM_9,0.570797
1.79064e+09,TM_7,0.376575
1.79064e+09,TM_6,0.396101
1.79064e+09,TM_5,0.5469
1.79064e+09,TM_7,0.605484
1.79064e+09,TM_5,0.471749
1.79064e+09,TM_1,0.494651
1.79064e+09,TM_4,0.301787
1.79064e+09,TM_1,0.235628
1.79064e+09,TM_4,0.278347
1.79064e+09,TM_2,0.321083
1.79064e+09,TM_6,0.360158
1.79064e+09,TM_9,0.477941
1.79064e+09,TM_8,0.453714
1.79064e+09,TM_2,0.528503
1.79064e+09,TM_3,0.476272
1.79064e+09,TM_8,0.443651
1.79064e+09,TM_3,0.496239
1.79064e+09,TM_9,0.581281
1.79064e+09,TM_7,0.371186
1.79064e+09,TM_6,0.406867
1.79064e+09,TM_5,0.499141
1.79064e+09,TM_7,0.493197
1.79064e+09,TM_5,0.435083
1.79064e+09,TM_1,0.574182
1.79064e+09,TM_4,0.40057
1.79064e+09,TM_1,0.277131
1.79064e+09,TM_4,0.325897
1.79064e+09,TM_2,0.360319
1.79064e+09,TM_6,0.446861
1.79064e+09,TM_9,0.538497
1.79064e+09,TM_8,0.47655
1.79064e+09,TM_2,0.523377
1.79064e+09,TM_3,0.379068
1.79064e+09,TM_8,0.468762
1.79064e+09,TM_3,0.519928
1.79064e+09,TM_9,0.602583
1.79064e+09,TM_7,0.336219
1.79064e+09,TM_6,0.364102
1.79064e+09,TM_5,0.498486
1.79064e+09,TM_7,0.50896
1.79064e+09,TM_5,0.37606
1.79064e+09,TM_1,0.418494
1.79064e+09,TM_4,0.298716
1.79064e+09,TM_1,0.244787
1.79064e+09,TM_4,0.288056
1.79064e+09,TM_2,0.386182
1.79064e+09,TM_6,0.388985
1.79064e+09,TM_9,0.400867
1.79064e+09,TM_8,0.527535
1.79064e+09,TM_2,0.522275
1.79064e+09,TM_3,0.395462
1.79064e+09,TM_8,0.414894
1.79064e+09,TM_3,0.450395
1.79064e+09,TM_9,0.448911
1.79064e+09,TM_7,0.370859
1.79064e+09,TM_6,0.335442
1.79064e+09,TM_5,0.507089
1.79064e+09,TM_7,0.553413
1.79064e+09,TM_5,0.391353
1.79064e+09,TM_1,0.383159
1.79064e+09,TM_4,0.285005
1.79064e+09,TM_1,0.263802
1.79064e+09,TM_4,0.287648
1.79064e+09,TM_2,0.291901
1.79064e+09,TM_6,0.397731
1.79064e+09,TM_9,0.492436
1.79064e+09,TM_8,0.398902
1.79064e+09,TM_2,0.569332
1.79064e+09,TM_3,0.392626
1.79064e+09,TM_8,0.452947
1.79064e+09,TM_3,0.459002
1.79064e+09,TM_9,0.533053
1.79064e+09,TM_7,0.372658
1.79064e+09,TM_6,0.371771
1.79064e+09,TM_5,0.433891
1.79064e+09,TM_7,0.350002
1.79064e+09,TM_5,0.472137
1.79064e+09,TM_1,0.411324
1.79064e+09,TM_4,0.403367
1.79064e+09,TM_1,0.25932
1.79064e+09,TM_4,0.34621
1.79064e+09,TM_2,0.330416
1.79064e+09,TM_6,0.405307
1.79064e+09,TM_9,0.39534
1.79064e+09,TM_8,0.465918
1.79064e+09,TM_2,0.618393
1.79064e+09,TM_3,0.435677
1.79064e+09,TM_8,0.385993
1.79064e+09,TM_3,0.472742
1.79064e+09,TM_9,0.530369
1.79064e+09,TM_7,0.321675
1.79064e+09,TM_6,0.355952
1.79064e+09,TM_5,0.452323
1.79064e+09,TM_7,0.459674
1.79064e+09,TM_5,0.338482
1.79064e+09,TM_1,0.452416
1.79064e+09,TM_4,0.346305
1.79064e+09,TM_1,0.298443
1.79064e+09,TM_4,0.329916
1.79064e+09,TM_2,0.280443
1.79064e+09,TM_6,0.35122
1.79064e+09,TM_9,0.450885
1.79064e+09,TM_8,0.449019
1.79064e+09,TM_2,0.505115
1.79064e+09,TM_3,0.40651
1.79064e+09,TM_8,0.549208
1.79064e+09,TM_3,0.472796
1.79064e+09,TM_9,0.653219
1.79064e+09,TM_7,0.308829
1.79064e+09,TM_6,0.412795
1.79064e+09,TM_5,0.54272
1.79064e+09,TM_7,0.530145
1.79064e+09,TM_5,0.389004
1.79064e+09,TM_1,0.494203
1.79064e+09,TM_4,0.347871
1.79064e+09,TM_1,0.252005
1.79064e+09,TM_4,0.381233
1.79064e+09,TM_2,0.357428
1.79064e+09,TM_6,0.441428
1.79064e+09,TM_9,0.394379
1.79064e+09,TM_8,0.504964
1.79064e+09,TM_2,0.524526
1.79064e+09,TM_3,0.415886
1.79064e+09,TM_8,0.401493
1.79064e+09,TM_3,0.458866
1.79064e+09,TM_9,0.507339
1.79064e+09,TM_7,0.389535
1.79064e+09,TM_6,0.34453
1.79064e+09,TM_5,0.415931
1.79064e+09,TM_7,0.509156
1.79064e+09,TM_5,0.365224
1.79064e+09,TM_1,0.51702
1.79064e+09,TM_4,0.346231
1.79064e+09,TM_1,0.320628
1.79064e+09,TM_4,0.285495
1.79064e+09,TM_2,0.279231
1.79064e+09,TM_6,0.444795
1.79064e+09,TM_9,0.422776
1.79064e+09,TM_8,0.508574
1.79064e+09,TM_2,0.722999
1.79064e+09,TM_3,0.374899
1.79064e+09,TM_8,0.43621
1.79064e+09,TM_3,0.484616
1.79064e+09,TM_9,0.466345
1.79064e+09,TM_7,0.581015
1.79064e+09,TM_6,0.384608
1.79064e+09,TM_5,0.559078
1.79064e+09,TM_7,0.479474
1.79064e+09,TM_5,0.351727
1.79064e+09,TM_1,0.361365
1.79064e+09,TM_4,0.325569
1.79064e+09,TM_1,0.248136
1.79064e+09,TM_4,0.34897
1.79064e+09,TM_2,0.326523
1.79064e+09,TM_6,0.393571
1.79064e+09,TM_9,0.370379
1.79064e+09,TM_8,0.392896
1.79064e+09,TM_2,0.311627
1.79064e+09,TM_3,0.263966
1.79064e+09,TM_8,0.318442
1.79064e+09,TM_3,0.473939
1.79064e+09,TM_9,0.434275
1.79064e+09,TM_7,0.635548
1.79064e+09,TM_6,0.356504
1.79064e+09,TM_5,0.483398
1.79064e+09,TM_7,0.491952
1.79064e+09,TM_5,0.363768
1.79064e+09,TM_1,0.392983
1.79064e+09,TM_4,0.309567
1.79064e+09,TM_1,0.222598
1.79064e+09,TM_4,0.286619
1.79064e+09,TM_2,0.263482
1.79064e+09,TM_6,0.276962
1.79064e+09,TM_9,0.322919
1.79064e+09,TM_8,0.36035
1.79064e+09,TM_2,0.482901
1.79064e+09,TM_3,0.344683
1.79064e+09,TM_3,0.310692
1.79064e+09,TM_8,0.447327
1.79064e+09,TM_3,0.419014
1.79064e+09,TM_9,0.431673
1.79064e+09,TM_7,0.554884
1.79064e+09,TM_6,0.389379
1.79064e+09,TM_5,0.522292
1.79064e+09,TM_7,0.529773
1.79064e+09,TM_5,0.351467
1.79064e+09,TM_1,0.414289
1.79064e+09,TM_4,0.318211
1.79064e+09,TM_1,0.325333
1.79064e+09,TM_4,0.459935
1.79064e+09,TM_2,0.336323
1.79064e+09,TM_6,0.41892
1.79064e+09,TM_9,0.5862
1.79064e+09,TM_8,0.458424
1.79064e+09,TM_2,0.499151
1.79064e+09,TM_3,0.31478
1.79064e+09,TM_3,0.375264
1.79064e+09,TM_8,0.419582
1.79064e+09,TM_3,0.438809
1.79064e+09,TM_9,0.455185
1.79064e+09,TM_7,0.362319
1.79064e+09,TM_6,0.378352
1.79064e+09,TM_5,0.528596
1.79064e+09,TM_7,0.589459
1.79064e+09,TM_5,0.504734
1.79064e+09,TM_1,0.367735
1.79064e+09,TM_4,0.364946
1.79064e+09,TM_1,0.216416
1.79064e+09,TM_4,0.274359
1.79064e+09,TM_2,0.326337
1.79064e+09,TM_6,0.386036
1.79064e+09,TM_9,0.447434
1.79064e+09,TM_8,0.392279
1.79064e+09,TM_2,0.471255
1.79064e+09,TM_3,0.363158
1.79064e+09,TM_3,0.345239
1.79064e+09,TM_8,0.394749
1.79064e+09,TM_3,0.43673
1.79064e+09,TM_9,0.464137
1.79064e+09,TM_7,0.313671
1.79064e+09,TM_6,0.3227
1.79064e+09,TM_5,0.528009
1.79064e+09,TM_7,0.548583
1.79064e+09,TM_5,0.403877
1.79064e+09,TM_1,0.422369
1.79064e+09,TM_4,0.273976
1.79064e+09,TM_1,0.244491
1.79064e+09,TM_4,0.237612
1.79064e+09,TM_2,0.255222
1.79064e+09,TM_6,0.331131
1.79064e+09,TM_9,0.392635
1.79064e+09,TM_8,0.479022
1.79064e+09,TM_2,0.438107
1.79064e+09,TM_3,0.400268
1.79064e+09,TM_3,0.393209
1.79064e+09,TM_8,0.378181
1.79064e+09,TM_3,0.463896
1.79064e+09,TM_9,0.490812
1.79064e+09,TM_7,0.38827
1.79064e+09,TM_6,0.4492
1.79064e+09,TM_5,0.481109
1.79064e+09,TM_7,0.526956
1.79064e+09,TM_5,0.364057
1.79064e+09,TM_1,0.405583
1.79064e+09,TM_4,0.301514
1.79064e+09,TM_1,0.215733
1.79064e+09,TM_4,0.281566
1.79064e+09,TM_2,0.297588
1.79064e+09,TM_6,0.341422
1.79064e+09,TM_9,0.404689
1.79064e+09,TM_8,0.430445
1.79064e+09,TM_2,0.513625
1.79064e+09,TM_3,0.327573
1.79064e+09,TM_3,0.353935
1.79064e+09,TM_8,0.504319
1.79064e+09,TM_3,0.412562
1.79064e+09,TM_9,0.477048
1.79064e+09,TM_7,0.392104
1.79064e+09,TM_6,0.394679
1.79064e+09,TM_5,0.449464
1.79064e+09,TM_7,0.578833
1.79064e+09,TM_5,0.380237
1.79064e+09,TM_1,0.424611
1.79064e+09,TM_4,0.307794
1.79064e+09,TM_1,0.244748
1.79064e+09,TM_4,0.328527
1.79064e+09,TM_2,0.234307
1.79064e+09,TM_6,0.325546
1.79064e+09,TM_9,0.362557
1.79064e+09,TM_8,0.456216
1.79064e+09,TM_2,0.401967
1.79064e+09,TM_3,0.307834
1.79064e+09,TM_3,0.344571
1.79064e+09,TM_8,0.402771
1.79064e+09,TM_3,0.381128
1.79064e+09,TM_9,0.409577
1.79064e+09,TM_7,0.37778
1.79064e+09,TM_6,0.329562
1.79064e+09,TM_5,0.495668
1.79064e+09,TM_7,0.289656
1.79064e+09,TM_5,0.326613
1.79064e+09,TM_1,0.268876
1.79064e+09,TM_4,0.285822
1.79064e+09,TM_1,0.260389
1.79064e+09,TM_4,0.356091
1.79064e+09,TM_2,0.235766
1.79064e+09,TM_6,0.314083
1.79064e+09,TM_9,0.314121
1.79064e+09,TM_8,0.356293
1.79064e+09,TM_2,0.471595
1.79064e+09,TM_3,0.29855
1.79064e+09,TM_3,0.292305
1.79064e+09,TM_8,0.363253
1.79064e+09,TM_3,0.432206
1.79064e+09,TM_9,0.457782
1.79064e+09,TM_7,0.332841
1.79064e+09,TM_6,0.282496
1.79064e+09,TM_5,0.442506
1.79064e+09,TM_7,0.523581
1.79064e+09,TM_5,0.362958
1.79064e+09,TM_7,0.512761
1.79064e+09,TM_1,0.387773
1.79064e+09,TM_4,0.314997
1.79064e+09,TM_1,0.243331
1.79064e+09,TM_4,0.332143
1.79064e+09,TM_2,0.247774
1.79064e+09,TM_6,0.354144
1.79064e+09,TM_9,0.394954
1.79064e+09,TM_8,0.440602
1.79064e+09,TM_2,0.415348
1.79064e+09,TM_3,0.319144
1.79064e+09,TM_3,0.264536
1.79064e+09,TM_8,0.435321
1.79064e+09,TM_3,0.425089
1.79064e+09,TM_9,0.427082
1.79064e+09,TM_7,0.42074
1.79064e+09,TM_6,0.302204
1.79064e+09,TM_5,0.484432
1.79064e+09,TM_7,0.464493
1.79064e+09,TM_5,0.451343
1.79064e+09,TM_7,0.439226
1.79064e+09,TM_1,0.323212
1.79064e+09,TM_1,0.295743
1.79064e+09,TM_4,0.265591
1.79064e+09,TM_4,0.380592
1.79064e+09,TM_2,0.347525
1.79064e+09,TM_6,0.362359
1.79064e+09,TM_9,0.296807
1.79064e+09,TM_8,0.498064
1.79064e+09,TM_2,0.480824
1.79064e+09,TM_3,0.266643
1.79064e+09,TM_3,1.884
1.79064e+09,TM_8,0.380601
1.79064e+09,TM_3,0.345444
1.79064e+09,TM_9,0.410197
1.79064e+09,TM_7,0.373557
1.79064e+09,TM_6,0.341178
1.79064e+09,TM_5,0.457908
1.79064e+09,TM_7,0.428689
1.79064e+09,TM_5,0.301458
1.79064e+09,TM_7,0.430202
1.79064e+09,TM_1,0.401041
1.79064e+09,TM_4,0.254069
1.79064e+09,TM_1,0.204137
1.79064e+09,TM_4,0.378381
1.79064e+09,TM_2,0.265547
1.79064e+09,TM_6,0.293808
1.79064e+09,TM_9,0.322037
1.79064e+09,TM_8,0.391369
1.79064e+09,TM_2,0.331691
1.79064e+09,TM_3,0.271918
1.79064e+09,TM_3,0.282538
1.79064e+09,TM_8,0.335214
1.79064e+09,TM_3,0.320986
1.79064e+09,TM_9,0.462929
1.79064e+09,TM_7,0.345852
1.79064e+09,TM_6,0.310515
1.79064e+09,TM_5,0.343119
1.79064e+09,TM_7,0.427532
1.79064e+09,TM_5,0.386395
1.79064e+09,TM_7,0.39456
1.79064e+09,TM_1,0.378624
1.79064e+09,TM_4,0.356681
1.79064e+09,TM_1,0.26161
1.79064e+09,TM_4,0.316288
1.79064e+09,TM_2,0.31162
1.79064e+09,TM_6,0.28244
1.79064e+09,TM_9,0.38813
1.79064e+09,TM_8,0.320697
1.79064e+09,TM_2,0.492457
1.79064e+09,TM_3,0.32017
1.79064e+09,TM_3,0.257029
1.79064e+09,TM_8,0.376786
1.79064e+09,TM_3,0.361169
1.79064e+09,TM_9,0.465583
1.79064e+09,TM_7,0.357934
1.79064e+09,TM_6,0.41976
1.79064e+09,TM_5,0.428268
1.79064e+09,TM_7,0.411097
1.79064e+09,TM_5,0.326382
1.79064e+09,TM_7,0.66441
1.79064e+09,TM_1,0.421314
1.79064e+09,TM_4,0.319281
1.79064e+09,TM_1,0.276626
1.79064e+09,TM_4,0.35448
1.79064e+09,TM_2,0.295986
1.79064e+09,TM_6,0.309499
1.79064e+09,TM_9,0.365615
1.79064e+09,TM_8,0.48417
1.79064e+09,TM_2,0.50327
1.79064e+09,TM_3,0.308651
1.79064e+09,TM_3,0.30683
1.79064e+09,TM_8,0.42273
1.79064e+09,TM_3,0.433139
1.79064e+09,TM_9,0.527663
1.79064e+09,TM_7,0.398257
1.79064e+09,TM_6,0.311519
1.79064e+09,TM_5,0.416473
1.79064e+09,TM_7,0.341573
1.79064e+09,TM_5,0.23859
1.79064e+09,TM_7,0.424991
1.79064e+09,TM_1,0.401322
1.79064e+09,TM_4,0.371556
1.79064e+09,TM_1,0.233087
1.79064e+09,TM_4,0.320405
1.79064e+09,TM_2,0.367117
1.79064e+09,TM_6,0.378307
1.79064e+09,TM_9,0.397726
1.79064e+09,TM_8,0.381097
1.79064e+09,TM_2,0.478171
1.79064e+09,TM_3,0.245682
1.79064e+09,TM_3,0.326248
1.79064e+09,TM_8,0.531306
1.79064e+09,TM_3,0.393249
1.79064e+09,TM_9,0.476944
1.79064e+09,TM_7,0.302995
1.79064e+09,TM_6,0.277912
1.79064e+09,TM_5,0.461449
1.79064e+09,TM_7,0.346827
1.79064e+09,TM_5,0.822913
1.79064e+09,TM_7,0.272937
1.79064e+09,TM_1,0.28696
1.79064e+09,TM_4,0.222835
1.79064e+09,TM_1,0.20698
1.79064e+09,TM_4,0.221969
1.79064e+09,TM_2,0.219789
1.79064e+09,TM_6,0.300547
1.79064e+09,TM_9,0.370304
1.79064e+09,TM_8,0.297992
1.79064e+09,TM_2,0.441576
1.79064e+09,TM_3,0.259455
1.79064e+09,TM_3,0.208375
1.79064e+09,TM_8,0.34952
1.79064e+09,TM_3,0.383883
1.79064e+09,TM_9,0.500305
1.79064e+09,TM_7,0.321638
1.79064e+09,TM_6,0.381865
1.79064e+09,TM_5,0.338688
1.79064e+09,TM_7,0.63283
1.79064e+09,TM_5,0.343239
1.79064e+09,TM_7,0.472375
1.79064e+09,TM_1,0.37428
1.79064e+09,TM_4,0.335449
1.79064e+09,TM_1,0.221776
1.79064e+09,TM_4,0.315884
1.79064e+09,TM_2,0.24096
1.79064e+09,TM_6,0.364511
1.79064e+09,TM_9,0.384571
1.79064e+09,TM_8,0.460996
1.79064e+09,TM_2,0.559049
1.79064e+09,TM_3,0.269422
1.79064e+09,TM_3,0.350634
1.79064e+09,TM_8,0.399661
1.79064e+09,TM_3,0.400748
1.79064e+09,TM_9,0.518793
1.79064e+09,TM_7,0.342536
1.79064e+09,TM_6,0.28068
1.79064e+09,TM_5,0.382143
1.79064e+09,TM_7,0.443027
1.79064e+09,TM_5,0.360571
1.79064e+09,TM_7,0.401681
1.79064e+09,TM_1,0.427894
1.79064e+09,TM_4,0.428959
1.79064e+09,TM_1,0.30631
1.79064e+09,TM_4,0.360765
1.79064e+09,TM_2,0.371618
1.79064e+09,TM_6,0.372962
1.79064e+09,TM_9,0.365293
1.79064e+09,TM_8,0.474683
1.79064e+09,TM_2,0.441333
1.79064e+09,TM_3,0.259934
1.79064e+09,TM_3,0.30158
1.79064e+09,TM_8,0.417075
1.79064e+09,TM_3,0.361019
1.79064e+09,TM_9,0.437056
1.79064e+09,TM_7,0.373504
1.79064e+09,TM_6,0.415043
1.79064e+09,TM_5,0.378735
1.79064e+09,TM_7,0.418183
1.79064e+09,TM_5,0.28289
1.79064e+09,TM_7,0.473113
1.79064e+09,TM_1,0.37835
1.79064e+09,TM_4,0.288161
1.79064e+09,TM_1,0.244405
1.79064e+09,TM_4,0.364143
1.79064e+09,TM_2,0.338112
1.79064e+09,TM_6,0.376486
1.79064e+09,TM_9,0.438225
1.79064e+09,TM_8,0.449982
1.79064e+09,TM_2,0.37454
1.79064e+09,TM_3,0.244753
1.79064e+09,TM_3,0.417046
1.79064e+09,TM_8,0.407812
1.79064e+09,TM_3,0.365803
1.79064e+09,TM_9,0.42563
1.79064e+09,TM_7,0.297061
1.79064e+09,TM_6,0.333248
1.79064e+09,TM_5,0.368484
1.79064e+09,TM_7,0.362479
1.79064e+09,TM_5,0.311253
1.79064e+09,TM_7,0.398407
1.79064e+09,TM_1,0.284509
1.79064e+09,TM_4,0.279438
1.79064e+09,TM_1,0.247171
1.79064e+09,TM_4,0.415475
1.79064e+09,TM_2,0.313127
1.79064e+09,TM_6,0.340035
1.79064e+09,TM_9,0.317141
1.79064e+09,TM_8,0.468964
1.79064e+09,TM_2,0.419071
1.79064e+09,TM_3,0.236885
1.79064e+09,TM_3,0.38457
1.79064e+09,TM_1,911.244
1.79064e+09,TM_1,811.492
1.79064e+09,TM_1,711.439
1.79064e+09,TM_1,611.424
1.79064e+09,TM_1,511.462
1.79064e+09,TM_1,411.486
1.79064e+09,TM_1,311.51
1.79064e+09,TM_1,211.547
1.79064e+09,TM_1,111.603
1.79064e+09,TM_1,11.6769
1.79064e+09,TM_8,0.895396
1.79064e+09,TM_3,0.35651
1.79064e+09,TM_9,0.511605
1.79064e+09,TM_7,0.354532
1.79064e+09,TM_6,0.3037
1.79064e+09,TM_5,0.337331
1.79064e+09,TM_7,0.462786
1.79064e+09,TM_5,0.335981
1.79064e+09,TM_7,0.689761
1.79064e+09,TM_1,0.637106
1.79064e+09,TM_4,0.335901
1.79064e+09,TM_1,0.247008
1.79064e+09,TM_4,0.295991
1.79064e+09,TM_2,0.279912
1.79064e+09,TM_6,0.375576
1.79064e+09,TM_9,0.383453
1.79064e+09,TM_8,0.439117
1.79064e+09,TM_2,0.475305
1.79064e+09,TM_1,0.44966
1.79064e+09,TM_3,0.314763
1.79064e+09,TM_3,0.2554
1.79064e+09,TM_8,0.381509
1.79064e+09,TM_3,0.363847
1.79064e+09,TM_9,911.646
1.79064e+09,TM_9,811.818
1.79064e+09,TM_9,711.867
1.79064e+09,TM_9,611.988
1.79064e+09,TM_9,512.011
1.79064e+09,TM_9,411.972
1.79064e+09,TM_9,312.028
1.79064e+09,TM_9,212.112
1.79064e+09,TM_9,112.152
1.79064e+09,TM_9,12.1936
1.79064e+09,TM_9,0.825455
1.79064e+09,TM_7,0.362889
1.79064e+09,TM_6,0.398389
1.79064e+09,TM_5,0.363042
1.79064e+09,TM_7,0.482647
1.79064e+09,TM_5,0.408371
1.79064e+09,TM_7,0.555288
1.79064e+09,TM_1,0.480103
1.79064e+09,TM_4,0.291896
1.79064e+09,TM_1,0.223342
1.79064e+09,TM_4,0.297258
1.79064e+09,TM_2,0.312147
1.79064e+09,TM_6,0.323633
1.79064e+09,TM_9,0.414026
1.79064e+09,TM_8,0.426149
1.79064e+09,TM_2,0.42438
1.79064e+09,TM_1,0.363906
1.79064e+09,TM_3,0.261788
1.79064e+09,TM_3,0.245781
1.79064e+09,TM_8,0.404562
1.79064e+09,TM_9,0.483156
1.79064e+09,TM_3,0.339969
1.79064e+09,TM_9,0.504673
1.79064e+09,TM_7,0.381142
1.79064e+09,TM_6,0.374577
1.79064e+09,TM_5,0.477575
1.79064e+09,TM_7,0.41771
1.79064e+09,TM_5,0.297226
1.79064e+09,TM_7,0.528198
1.79064e+09,TM_1,0.403188
1.79064e+09,TM_4,0.271477
1.79064e+09,TM_1,0.21693
1.79064e+09,TM_2,911.431
1.79064e+09,TM_2,811.576
1.79064e+09,TM_2,711.669
1.79064e+09,TM_2,611.827
1.79064e+09,TM_2,511.81
1.79064e+09,TM_2,411.849
1.79064e+09,TM_2,311.943
1.79064e+09,TM_2,211.936
1.79064e+09,TM_2,111.964
1.79064e+09,TM_2,12.0818
1.79064e+09,TM_4,0.465758
1.79064e+09,TM_2,0.226412
1.79064e+09,TM_6,0.433509
1.79064e+09,TM_9,0.38899
1.79064e+09,TM_8,0.335619
1.79064e+09,TM_2,0.471737
1.79064e+09,TM_1,0.50833
1.79064e+09,TM_3,0.384875
1.79064e+09,TM_3,0.297484
1.79064e+09,TM_8,0.374764
1.79064e+09,TM_9,0.504829
1.79064e+09,TM_3,0.347166
1.79064e+09,TM_9,0.467149
1.79064e+09,TM_7,0.486064
1.79064e+09,TM_6,0.333858
1.79064e+09,TM_5,0.532191
1.79064e+09,TM_2,0.669993
1.79064e+09,TM_7,0.639627
1.79064e+09,TM_5,0.352494
1.79064e+09,TM_7,0.487203
1.79064e+09,TM_1,0.403435
1.79064e+09,TM_4,0.329901
1.79064e+09,TM_1,0.237757
1.79064e+09,TM_4,0.346765
1.79064e+09,TM_2,0.245088
1.79064e+09,TM_6,0.449292
1.79064e+09,TM_9,0.368524
1.79064e+09,TM_8,0.446638
1.79064e+09,TM_2,0.455617
1.79064e+09,TM_1,0.4198
1.79064e+09,TM_3,0.377336
1.79064e+09,TM_3,0.289562
1.79064e+09,TM_8,0.397066
1.79064e+09,TM_9,0.549423
1.79064e+09,TM_3,0.385921
1.79064e+09,TM_9,0.503789
1.79064e+09,TM_7,0.41226
1.79064e+09,TM_6,0.336061
1.79064e+09,TM_5,0.48182
1.79064e+09,TM_2,0.47151
1.79064e+09,TM_7,0.38768
1.79064e+09,TM_5,0.303528
1.79064e+09,TM_7,0.568255
1.79064e+09,TM_1,0.374894
1.79064e+09,TM_4,0.273161
1.79064e+09,TM_1,0.246327
1.79064e+09,TM_4,0.361048
1.79064e+09,TM_2,0.340982
1.79064e+09,TM_6,911.228
1.79064e+09,TM_6,811.254
1.79064e+09,TM_6,711.281
1.79064e+09,TM_6,611.396
1.79064e+09,TM_6,511.491
1.79064e+09,TM_6,411.575
1.79064e+09,TM_6,311.647
1.79064e+09,TM_6,211.766
1.79064e+09,TM_6,111.839
1.79064e+09,TM_6,11.9174
1.79064e+09,TM_6,0.305199
1.79064e+09,TM_9,0.414507
1.79064e+09,TM_8,0.415917
1.79064e+09,TM_2,0.496342
1.79064e+09,TM_1,0.455722
1.79064e+09,TM_3,0.450624
1.79064e+09,TM_3,0.294328
1.79064e+09,TM_8,0.404341
1.79064e+09,TM_9,0.451076
1.79064e+09,TM_3,0.351533
1.79064e+09,TM_9,0.404903
1.79064e+09,TM_7,0.443612
1.79064e+09,TM_6,0.326221
1.79064e+09,TM_5,0.529005
1.79064e+09,TM_2,0.396005
1.79064e+09,TM_7,0.454243
1.79064e+09,TM_5,0.38761
1.79064e+09,TM_6,0.289933
1.79064e+09,TM_7,0.599558
1.79064e+09,TM_1,0.469027
1.79064e+09,TM_4,0.367099
1.79064e+09,TM_1,0.29324
1.79064e+09,TM_4,0.329459
1.79064e+09,TM_2,0.296756
1.79064e+09,TM_6,0.479939
1.79064e+09,TM_9,0.398932
1.79064e+09,TM_8,0.666685
1.79064e+09,TM_4,911.528
1.79064e+09,TM_4,811.562
1.79064e+09,TM_4,711.601
1.79064e+09,TM_4,611.613
1.79064e+09,TM_4,511.635
1.79064e+09,TM_4,411.6
1.79064e+09,TM_4,311.64
1.79064e+09,TM_4,211.65
1.79064e+09,TM_4,111.684
1.79064e+09,TM_4,11.7044
1.79064e+09,TM_2,0.460761
1.79064e+09,TM_1,0.361903
1.79064e+09,TM_3,0.333076
1.79064e+09,TM_3,0.289388
1.79064e+09,TM_8,0.528255
1.79064e+09,TM_9,0.559054
1.79064e+09,TM_3,0.375964
1.79064e+09,TM_9,0.551228
1.79064e+09,TM_7,0.407086
1.79064e+09,TM_6,0.351362
1.79064e+09,TM_5,0.589316
1.79064e+09,TM_2,0.414494
1.79064e+09,TM_7,0.410465
1.79064e+09,TM_5,0.337202
1.79064e+09,TM_6,0.340912
1.79064e+09,TM_7,0.502204
1.79064e+09,TM_1,0.364047
1.79064e+09,TM_4,0.341332
1.79064e+09,TM_1,0.258964
1.79064e+09,TM_4,0.394846
1.79064e+09,TM_2,0.323682
1.79064e+09,TM_4,0.212183
1.79064e+09,TM_5,911.97
1.79064e+09,TM_5,812.162
1.79064e+09,TM_5,712.265
1.79064e+09,TM_5,612.267
1.79064e+09,TM_5,512.245
1.79064e+09,TM_5,412.332
1.79064e+09,TM_5,312.37
1.79064e+09,TM_5,212.399
1.79064e+09,TM_5,112.51
1.79064e+09,TM_5,12.5022
1.79064e+09,TM_6,0.823239
1.79064e+09,TM_9,0.546375
1.79064e+09,TM_8,0.408483
1.79064e+09,TM_2,0.566546
1.79064e+09,TM_1,0.342463
1.79064e+09,TM_3,0.330446
1.79064e+09,TM_3,0.303846
1.79064e+09,TM_8,0.441344
1.79064e+09,TM_9,0.504906
1.79064e+09,TM_3,0.335142
1.79064e+09,TM_9,0.527321
1.79064e+09,TM_7,0.42239
1.79064e+09,TM_6,0.387976
1.79064e+09,TM_5,0.518132
1.79064e+09,TM_2,0.40927
1.79064e+09,TM_7,0.327212
1.79064e+09,TM_5,0.333186
1.79064e+09,TM_5,0.292961
1.79064e+09,TM_6,0.304679
1.79064e+09,TM_7,0.451042
1.79064e+09,TM_1,0.360509
1.79064e+09,TM_4,0.335244
1.79064e+09,TM_1,0.402302
1.79064e+09,TM_4,0.331686
1.79064e+09,TM_2,0.246456
1.79064e+09,TM_4,0.241334
1.79064e+09,TM_6,0.38687
1.79064e+09,TM_9,0.381122
1.79064e+09,TM_8,0.451339
1.79064e+09,TM_2,0.529448
1.79064e+09,TM_1,0.497772
1.79064e+09,TM_3,0.355111
1.79064e+09,TM_3,0.286133
1.79064e+09,TM_8,0.453644
1.79064e+09,TM_9,0.49699
1.79064e+09,TM_3,0.348522
1.79064e+09,TM_9,0.56547
1.79064e+09,TM_7,0.405881
1.79064e+09,TM_6,0.378048
1.79064e+09,TM_5,0.456701
1.79064e+09,TM_2,0.3645
1.79064e+09,TM_7,0.407397
1.79064e+09,TM_5,0.37791
1.79064e+09,TM_5,0.352007
1.79064e+09,TM_6,0.363547
1.79064e+09,TM_7,0.597866
1.79064e+09,TM_1,0.432697
1.79064e+09,TM_4,0.310057
1.79064e+09,TM_1,0.194198
1.79064e+09,TM_4,0.337187
1.79064e+09,TM_2,0.159219
1.79064e+09,TM_4,0.283183
1.79064e+09,TM_6,0.394296
1.79064e+09,TM_9,0.374919
1.79064e+09,TM_8,0.421508
1.79064e+09,TM_2,0.555526
1.79064e+09,TM_1,0.494747
1.79064e+09,TM_3,0.347656
1.79064e+09,TM_3,0.332299
1.79064e+09,TM_8,0.46044
1.79064e+09,TM_9,0.59934
1.79064e+09,TM_3,0.331249
1.79064e+09,TM_9,0.526338
1.79064e+09,TM_7,0.690254
1.79064e+09,TM_6,0.360659
1.79064e+09,TM_5,0.517614
1.79064e+09,TM_2,0.490408
1.79064e+09,TM_7,0.480023
1.79064e+09,TM_5,0.472151
1.79064e+09,TM_5,0.394407
1.79064e+09,TM_6,0.386059
1.79064e+09,TM_7,0.665942
1.79064e+09,TM_1,0.545339
1.79064e+09,TM_8,911.491
1.79064e+09,TM_8,811.611
1.79064e+09,TM_8,711.646
1.79064e+09,TM_8,611.741
1.79064e+09,TM_8,511.789
1.79064e+09,TM_8,411.883
1.79064e+09,TM_8,311.944
1.79064e+09,TM_8,211.989
1.79064e+09,TM_8,112.05
1.79064e+09,TM_8,12.1488
1.79064e+09,TM_4,0.281061
1.79064e+09,TM_1,0.345958
1.79064e+09,TM_4,0.305892
1.79064e+09,TM_2,0.340133
1.79064e+09,TM_4,0.409101
1.79064e+09,TM_6,0.408113
1.79064e+09,TM_9,0.418101
1.79064e+09,TM_8,0.406895
1.79064e+09,TM_2,0.45614
1.79064e+09,TM_1,0.369197
1.79064e+09,TM_3,0.296312
1.79064e+09,TM_3,0.285119
1.79064e+09,TM_8,0.413561
1.79064e+09,TM_9,0.441065
1.79064e+09,TM_3,0.323923
1.79064e+09,TM_9,0.422159
1.79064e+09,TM_7,0.454651
1.79064e+09,TM_6,0.364801
1.79064e+09,TM_5,0.358233
1.79064e+09,TM_8,0.452184
1.79064e+09,TM_2,0.389056
1.79064e+09,TM_7,0.504982
1.79064e+09,TM_5,0.406568
1.79064e+09,TM_5,0.409139
1.79064e+09,TM_6,0.415269
1.79064e+09,TM_7,0.386516
1.79064e+09,TM_1,0.310398
1.79064e+09,TM_4,0.32201
1.79064e+09,TM_1,0.233017
1.79064e+09,TM_4,0.366502
1.79064e+09,TM_2,0.287969
1.79064e+09,TM_4,0.232015
1.79064e+09,TM_6,0.402612
1.79064e+09,TM_9,0.385417
1.79064e+09,TM_8,0.474561
1.79064e+09,TM_2,0.506263
1.79064e+09,TM_1,0.389256
1.79064e+09,TM_3,0.278431
1.79064e+09,TM_3,0.310792
1.79064e+09,TM_8,0.408199
1.79064e+09,TM_9,0.564805
1.79064e+09,TM_3,0.301
1.79064e+09,TM_9,0.50816
1.79064e+09,TM_7,0.372389
1.79064e+09,TM_6,0.438217
1.79064e+09,TM_5,0.637928
1.79064e+09,TM_8,0.48917
1.79064e+09,TM_2,0.406512
1.79064e+09,TM_7,0.382703
1.79064e+09,TM_5,0.553546
1.79064e+09,TM_5,0.402656
1.79064e+09,TM_6,0.362089
1.79064e+09,TM_7,0.381011
1.79064e+09,TM_1,0.298694
1.79064e+09,TM_4,0.406098
1.79064e+09,TM_1,0.253461
1.79064e+09,TM_4,0.337122
1.79064e+09,TM_2,0.358023
1.79064e+09,TM_4,0.324254
1.79064e+09,TM_6,0.372077
1.79064e+09,TM_9,0.367658
1.79064e+09,TM_8,0.470646
1.79064e+09,TM_2,0.505948
1.79064e+09,TM_1,0.392339
1.79064e+09,TM_3,0.363958
1.79064e+09,TM_3,0.291969
1.79064e+09,TM_8,0.545708
1.79064e+09,TM_9,0.50169
1.79064e+09,TM_3,0.33402
1.79064e+09,TM_9,0.502874
1.79064e+09,TM_7,0.381714
1.79064e+09,TM_6,0.429221
1.79064e+09,TM_5,0.429259
1.79064e+09,TM_8,0.431115
1.79064e+09,TM_2,0.392383
1.79064e+09,TM_7,0.488354
1.79064e+09,TM_5,0.352565
1.79064e+09,TM_5,0.348154
1.79064e+09,TM_6,0.355509
1.79064e+09,TM_7,0.365437
1.79064e+09,TM_1,0.3096
1.79064e+09,TM_4,0.361302
1.79064e+09,TM_1,0.272874
1.79064e+09,TM_4,0.320249
1.79064e+09,TM_2,0.313521
1.79064e+09,TM_4,0.22531
1.79064e+09,TM_6,0.321281
1.79064e+09,TM_9,0.384612
1.79064e+09,TM_8,0.394225
1.79064e+09,TM_2,0.58565
1.79064e+09,TM_1,0.300588
1.79064e+09,TM_3,0.304575
1.79064e+09,TM_3,0.269979
1.79064e+09,TM_8,0.450848
1.79064e+09,TM_9,0.521121
1.79064e+09,TM_3,0.36055
1.79064e+09,TM_9,0.489397
1.79064e+09,TM_7,0.382835
1.79064e+09,TM_6,0.44544
1.79064e+09,TM_5,0.45842
1.79064e+09,TM_8,0.465365
1.79064e+09,TM_2,0.395928
1.79064e+09,TM_7,0.341628
1.79064e+09,TM_5,0.323183
1.79064e+09,TM_5,0.528705
1.79064e+09,TM_6,0.408912
1.79064e+09,TM_7,0.398554
1.79064e+09,TM_1,0.356001
1.79064e+09,TM_4,0.366026
1.79064e+09,TM_1,0.284814
1.79064e+09,TM_4,0.347224
1.79064e+09,TM_2,0.343633
1.79064e+09,TM_4,0.230031
1.79064e+09,TM_6,0.381495
1.79064e+09,TM_9,0.487519
1.79064e+09,TM_8,0.419776
1.79064e+09,TM_2,0.670581
1.79064e+09,TM_1,0.470206
1.79064e+09,TM_3,0.413918
1.79064e+09,TM_3,0.339155
1.79064e+09,TM_8,0.460343
1.79064e+09,TM_9,0.520245
1.79064e+09,TM_3,0.441338
1.79064e+09,TM_9,0.54087
1.79064e+09,TM_7,0.311716
1.79064e+09,TM_6,0.415995
1.79064e+09,TM_5,0.570035
1.79064e+09,TM_8,0.375804
1.79064e+09,TM_2,0.38858
1.79064e+09,TM_7,0.40133
1.79064e+09,TM_5,0.39484
1.79064e+09,TM_5,0.38487
1.79064e+09,TM_6,0.335581
1.79064e+09,TM_7,0.485818
1.79064e+09,TM_1,0.324683
1.79064e+09,TM_4,0.291083
1.79064e+09,TM_1,0.30919
1.79064e+09,TM_4,0.326127
1.79064e+09,TM_2,0.342984
1.79064e+09,TM_4,0.234869
1.79064e+09,TM_6,0.353668
1.79064e+09,TM_9,0.519617
1.79064e+09,TM_8,0.402817
1.79064e+09,TM_2,0.515926
1.79064e+09,TM_1,0.368546
1.79064e+09,TM_3,0.268597
1.79064e+09,TM_3,0.30842
1.79064e+09,TM_8,0.403805
1.79064e+09,TM_9,0.454575
1.79064e+09,TM_3,0.315224
1.79064e+09,TM_9,0.463737
1.79064e+09,TM_7,0.313701
1.79064e+09,TM_6,0.40904
1.79064e+09,TM_5,0.511879
1.79064e+09,TM_8,0.423519
1.79064e+09,TM_2,0.36919
1.79064e+09,TM_7,0.356461
1.79064e+09,TM_5,0.354483
1.79064e+09,TM_5,0.446838
1.79064e+09,TM_6,0.278976
1.79064e+09,TM_7,0.368894
1.79064e+09,TM_1,0.25974
1.79064e+09,TM_4,0.326348
1.79064e+09,TM_1,0.275914
1.79064e+09,TM_4,0.303741
1.79064e+09,TM_2,0.299845
1.79064e+09,TM_4,0.219056
1.79064e+09,TM_6,0.344471
1.79064e+09,TM_9,0.526749
1.79064e+09,TM_8,0.410693
1.79064e+09,TM_2,0.674365
1.79064e+09,TM_1,0.339989
1.79064e+09,TM_3,0.364204
1.79064e+09,TM_3,0.286056
1.79064e+09,TM_8,0.422478
1.79064e+09,TM_9,0.674513
1.79064e+09,TM_3,0.399596
1.79064e+09,TM_9,0.593357
1.79064e+09,TM_7,0.359762
1.79064e+09,TM_6,0.425908
1.79064e+09,TM_5,0.545666
1.79064e+09,TM_8,0.44238
1.79064e+09,TM_2,0.366931
1.79064e+09,TM_7,0.368671
1.79064e+09,TM_5,0.379959
1.79064e+09,TM_5,0.411892
1.79064e+09,TM_6,0.355445
1.79064e+09,TM_7,0.435946
1.79064e+09,TM_1,0.307105
1.79064e+09,TM_4,0.293301
1.79064e+09,TM_1,0.264273
1.79064e+09,TM_4,0.473544
1.79064e+09,TM_2,0.369331
1.79064e+09,TM_4,0.248097
1.79064e+09,TM_6,0.443433
1.79064e+09,TM_9,0.484142
1.79064e+09,TM_8,0.462484
1.79064e+09,TM_2,0.540704
1.79064e+09,TM_1,0.337542
1.79064e+09,TM_3,0.333513
1.79064e+09,TM_3,0.321305
1.79064e+09,TM_8,0.441547
1.79064e+09,TM_9,0.623286
1.79064e+09,TM_3,0.36452
1.79064e+09,TM_9,0.557122
1.79064e+09,TM_7,0.346663
1.79064e+09,TM_6,0.397358
1.79064e+09,TM_5,0.484232
1.79064e+09,TM_8,0.384472
1.79064e+09,TM_2,0.410584
1.79064e+09,TM_7,0.472609
1.79064e+09,TM_5,0.418474
1.79064e+09,TM_5,0.390646
1.79064e+09,TM_6,0.359988
1.79064e+09,TM_7,0.375589
1.79064e+09,TM_1,0.268327
1.79064e+09,TM_4,0.267517
1.79064e+09,TM_1,0.262569
1.79064e+09,TM_4,0.346099
1.79064e+09,TM_2,0.318432
1.79064e+09,TM_4,0.242882
1.79064e+09,TM_6,0.331142
1.79064e+09,TM_9,0.45012
1.79064e+09,TM_8,0.397395
1.79064e+09,TM_2,0.537889
1.79064e+09,TM_1,0.339982
1.79064e+09,TM_3,0.253487
1.79064e+09,TM_3,0.341942
1.79064e+09,TM_8,0.444772
1.79064e+09,TM_9,0.467059
1.79064e+09,TM_3,0.361181
1.79064e+09,TM_9,0.459134
1.79064e+09,TM_7,0.293618
1.79064e+09,TM_6,0.450713
1.79064e+09,TM_5,0.501454
1.79064e+09,TM_8,0.422556
1.79064e+09,TM_2,0.347957
1.79064e+09,TM_7,0.439161
1.79064e+09,TM_5,0.377443
1.79064e+09,TM_5,0.534914
1.79064e+09,TM_6,0.472817
1.79064e+09,TM_7,0.416964
1.79064e+09,TM_1,0.264628
1.79064e+09,TM_4,0.287359
1.79064e+09,TM_1,0.303731
1.79064e+09,TM_4,0.269252
1.79064e+09,TM_2,0.410475
1.79064e+09,TM_4,0.238895
1.79064e+09,TM_6,0.352726
1.79064e+09,TM_9,0.538323
1.79064e+09,TM_8,0.400051
1.79064e+09,TM_2,0.481293
1.79064e+09,TM_1,0.354914
1.79064e+09,TM_3,0.253072
1.79064e+09,TM_3,0.299696
1.79064e+09,TM_8,0.439231
1.79064e+09,TM_9,0.479147
1.79064e+09,TM_3,0.351049
1.79064e+09,TM_9,0.577096
1.79064e+09,TM_7,0.304367
1.79064e+09,TM_6,0.351508
1.79064e+09,TM_5,0.440066
1.79064e+09,TM_8,0.434288
1.79064e+09,TM_2,0.414184
1.79064e+09,TM_7,0.558201
1.79064e+09,TM_5,0.450911
1.79064e+09,TM_5,0.354908
1.79064e+09,TM_6,0.237562
1.79064e+09,TM_7,0.5798
1.79064e+09,TM_1,0.429138
1.79064e+09,TM_4,0.315893
1.79064e+09,TM_1,0.28615
1.79064e+09,TM_4,0.309873
1.79064e+09,TM_2,0.338172
1.79064e+09,TM_4,0.245845
1.79064e+09,TM_6,0.348329
1.79064e+09,TM_9,0.405458
1.79064e+09,TM_8,0.38712
1.79064e+09,TM_2,0.487706
1.79064e+09,TM_1,0.346193
1.79064e+09,TM_3,0.313566
1.79064e+09,TM_3,0.327597
1.79064e+09,TM_8,0.385163
1.79064e+09,TM_9,0.536706
1.79064e+09,TM_3,0.37471
1.79064e+09,TM_9,0.512256
1.79064e+09,TM_7,0.362146
1.79064e+09,TM_6,0.400505
1.79064e+09,TM_5,0.516364
1.79064e+09,TM_8,0.400972
1.79064e+09,TM_2,0.425756
1.79064e+09,TM_7,0.512227
1.79064e+09,TM_5,0.332436
1.79064e+09,TM_5,0.37678
1.79064e+09,TM_6,0.283067
1.79064e+09,TM_7,0.443363
1.79064e+09,TM_1,0.328664
1.79064e+09,TM_4,0.268072
1.79064e+09,TM_1,0.276574
1.79064e+09,TM_4,0.347886
1.79064e+09,TM_2,0.299223
1.79064e+09,TM_4,0.36189
1.79064e+09,TM_6,0.383587
1.79064e+09,TM_9,0.390251
1.79064e+09,TM_8,0.423802
1.79064e+09,TM_2,0.571345
1.79064e+09,TM_1,0.291825
1.79064e+09,TM_3,0.324807
1.79064e+09,TM_3,0.289461
1.79064e+09,TM_8,0.522334
1.79064e+09,TM_9,0.489046
1.79064e+09,TM_3,0.300958
1.79064e+09,TM_9,0.486531
1.79064e+09,TM_7,0.447201
1.79064e+09,TM_6,0.460259
1.79064e+09,TM_5,0.450122
1.79064e+09,TM_8,0.419865
1.79064e+09,TM_2,0.376048
1.79064e+09,TM_7,0.539614
1.79064e+09,TM_5,0.286163
1.79064e+09,TM_5,0.497355
1.79064e+09,TM_6,0.300193
1.79064e+09,TM_7,0.443966
1.79064e+09,TM_1,0.308899
1.79064e+09,TM_4,0.347508
1.79064e+09,TM_1,0.32778
1.79064e+09,TM_4,0.285103
1.79064e+09,TM_2,0.293285
1.79064e+09,TM_4,0.261346
1.79064e+09,TM_6,0.378624
1.79064e+09,TM_9,0.450943
1.79064e+09,TM_8,0.476128
1.79064e+09,TM_2,0.506219
1.79064e+09,TM_1,0.340196
1.79064e+09,TM_3,0.251852
1.79064e+09,TM_3,0.322413
1.79064e+09,TM_8,0.449337
1.79064e+09,TM_9,0.491408
1.79064e+09,TM_3,0.261319
1.79064e+09,TM_9,0.45688
1.79064e+09,TM_7,0.30867
1.79064e+09,TM_6,0.362538
1.79064e+09,TM_5,0.433205
1.79064e+09,TM_8,0.391241
1.79064e+09,TM_2,0.383352
1.79064e+09,TM_7,0.382835
1.79064e+09,TM_5,0.345576
1.79064e+09,TM_5,0.39225
1.79064e+09,TM_6,0.347218
1.79064e+09,TM_7,0.360028
1.79064e+09,TM_1,0.353553
1.79064e+09,TM_4,0.283645
1.79064e+09,TM_1,0.33523
1.79064e+09,TM_4,0.352072
1.79064e+09,TM_2,0.255136
1.79064e+09,TM_4,0.31997
1.79064e+09,TM_6,0.404123
1.79064e+09,TM_9,0.373831
1.79064e+09,TM_8,0.687324
1.79064e+09,TM_2,0.517788
1.79064e+09,TM_1,0.347161
1.79064e+09,TM_3,0.327955
1.79064e+09,TM_3,0.28652
1.79064e+09,TM_8,0.4555
1.79064e+09,TM_9,0.654829
1.79064e+09,TM_3,0.362979
1.79064e+09,TM_9,0.473687
1.79064e+09,TM_7,0.312027
1.79064e+09,TM_6,0.367591
1.79064e+09,TM_5,0.460808
1.79064e+09,TM_8,0.440075
1.79064e+09,TM_2,0.432996
1.79064e+09,TM_7,0.472072
1.79064e+09,TM_5,0.297979
1.79064e+09,TM_5,0.322612
1.79064e+09,TM_6,0.371358
1.79064e+09,TM_7,0.390599
1.79064e+09,TM_1,0.387433
1.79064e+09,TM_4,0.406091
1.79064e+09,TM_1,0.354678
1.79064e+09,TM_4,0.292177
1.79064e+09,TM_2,0.455651
1.79064e+09,TM_4,0.260712
1.79064e+09,TM_6,0.377551
1.79064e+09,TM_9,0.435702
1.79064e+09,TM_8,0.419202
1.79064e+09,TM_2,0.593025
1.79064e+09,TM_1,0.408965
1.79064e+09,TM_3,0.357241
1.79064e+09,TM_3,0.327052
1.79064e+09,TM_8,0.373984
1.79064e+09,TM_9,0.488206
1.79064e+09,TM_3,0.373762
1.79064e+09,TM_9,0.553352
1.79064e+09,TM_7,0.363002
1.79064e+09,TM_6,0.285394
1.79064e+09,TM_5,0.426501
1.79064e+09,TM_8,0.366587
1.79064e+09,TM_2,0.37993
1.79064e+09,TM_7,0.429082
1.79064e+09,TM_5,0.303349
1.79064e+09,TM_5,0.33336
1.79064e+09,TM_6,0.301206
1.79064e+09,TM_7,0.410959
1.79064e+09,TM_1,0.247955
1.79064e+09,TM_4,0.297865
1.79064e+09,TM_1,0.29898
1.79064e+09,TM_4,0.254399
1.79064e+09,TM_2,0.278963
1.79064e+09,TM_4,0.255302
1.79064e+09,TM_6,0.306776
1.79064e+09,TM_9,0.634048
1.79064e+09,TM_8,0.403951
1.79064e+09,TM_2,0.505239
1.79064e+09,TM_1,0.316561
1.79064e+09,TM_3,0.294039
1.79064e+09,TM_3,0.295447
1.79064e+09,TM_8,0.366159
1.79064e+09,TM_9,0.58329
1.79064e+09,TM_3,0.385083
1.79064e+09,TM_9,0.596369
1.79064e+09,TM_7,0.392844
1.79064e+09,TM_6,0.356528
1.79064e+09,TM_5,0.505408
1.79064e+09,TM_8,0.42358
1.79064e+09,TM_2,0.374189
1.79064e+09,TM_7,0.376931
1.79064e+09,TM_5,0.327887
1.79064e+09,TM_5,0.343572
1.79064e+09,TM_6,0.263354
1.79064e+09,TM_7,0.369099
1.79064e+09,TM_1,0.253061
1.79064e+09,TM_4,0.266188
1.79064e+09,TM_1,0.27646
1.79064e+09,TM_4,0.349747
1.79064e+09,TM_2,0.305737
1.79064e+09,TM_4,0.285607
1.79064e+09,TM_6,0.319939
1.79064e+09,TM_9,0.414475
1.79064e+09,TM_8,0.351494
1.79064e+09,TM_2,0.569224
1.79064e+09,TM_1,0.339454
1.79064e+09,TM_3,0.359853
1.79064e+09,TM_3,0.240343
1.79064e+09,TM_8,0.48646
1.79064e+09,TM_9,0.551667
1.79064e+09,TM_3,0.41692
1.79064e+09,TM_9,0.557374
1.79064e+09,TM_7,0.442153
1.79064e+09,TM_6,0.318362
1.79064e+09,TM_5,0.62025
1.79064e+09,TM_8,0.429685
1.79064e+09,TM_2,0.403014
1.79064e+09,TM_7,0.434577
1.79064e+09,TM_5,0.330435
1.79064e+09,TM_5,0.379856
1.79064e+09,TM_6,0.294909
1.79064e+09,TM_7,0.384415
1.79064e+09,TM_1,0.272575
1.79064e+09,TM_4,0.3184
1.79064e+09,TM_1,0.327295
1.79064e+09,TM_4,0.300787
1.79064e+09,TM_2,0.276215
1.79064e+09,TM_4,0.315629
1.79064e+09,TM_6,0.30717
1.79064e+09,TM_9,0.405133
1.79064e+09,TM_8,0.413214
1.79064e+09,TM_2,0.645808
1.79064e+09,TM_1,0.31838
1.79064e+09,TM_3,0.310459
1.79064e+09,TM_3,0.3202
1.79064e+09,TM_8,0.454639
1.79064e+09,TM_9,0.683734
1.79064e+09,TM_3,0.391635
1.79064e+09,TM_9,0.4941
1.79064e+09,TM_7,0.429916
1.79064e+09,TM_6,0.343668
1.79064e+09,TM_5,0.42396
1.79064e+09,TM_8,0.389081
1.79064e+09,TM_2,0.442744
1.79064e+09,TM_7,0.587455
1.79064e+09,TM_5,0.298934
1.79064e+09,TM_5,0.351809
1.79064e+09,TM_6,0.27856
1.79064e+09,TM_7,0.345176
1.79064e+09,TM_1,0.257838
1.79064e+09,TM_4,0.314645
1.79064e+09,TM_1,0.268532
1.79064e+09,TM_4,0.289459
1.79064e+09,TM_2,0.430908
1.79064e+09,TM_4,0.228826
1.79064e+09,TM_6,0.3199
1.79064e+09,TM_9,0.535592
1.79064e+09,TM_8,0.411483
1.79064e+09,TM_2,0.590928
1.79064e+09,TM_1,0.320465
1.79064e+09,TM_3,0.311115
1.79064e+09,TM_3,0.295
1.79064e+09,TM_8,0.452346
1.79064e+09,TM_9,0.550152
1.79064e+09,TM_3,0.365915
1.79064e+09,TM_9,0.559739
1.79064e+09,TM_7,0.425038
1.79064e+09,TM_6,0.361936
1.79064e+09,TM_5,0.525557
1.79064e+09,TM_8,0.555219
1.79064e+09,TM_2,0.351344
1.79064e+09,TM_7,0.466138
1.79064e+09,TM_5,0.299765
1.79064e+09,TM_5,0.401958
1.79064e+09,TM_6,0.259758
1.79064e+09,TM_7,0.413332
1.79064e+09,TM_1,0.356054
1.79064e+09,TM_4,0.354791
1.79064e+09,TM_1,0.25048
1.79064e+09,TM_4,0.335586
1.79064e+09,TM_2,0.346751
1.79064e+09,TM_4,0.259701
1.79064e+09,TM_6,0.307747
1.79064e+09,TM_9,0.477951
1.79064e+09,TM_8,0.422653
1.79064e+09,TM_2,0.377196
1.79064e+09,TM_1,0.33103
1.79064e+09,TM_3,0.314993
1.79064e+09,TM_3,0.271498
1.79064e+09,TM_8,0.38536
1.79064e+09,TM_9,0.44413
1.79064e+09,TM_3,0.34235
1.79064e+09,TM_9,0.4346
1.79064e+09,TM_7,0.451266
1.79064e+09,TM_6,0.423016
1.79064e+09,TM_5,0.460551
1.79064e+09,TM_8,0.422851
1.79064e+09,TM_2,0.381874
1.79064e+09,TM_7,0.525582
1.79064e+09,TM_5,0.371698
1.79064e+09,TM_5,0.348073
1.79064e+09,TM_6,0.30697
1.79064e+09,TM_7,0.409726
1.79064e+09,TM_1,0.326982
1.79064e+09,TM_4,0.326613
1.79064e+09,TM_1,0.302177
1.79064e+09,TM_4,0.295121
1.79064e+09,TM_2,0.280454
1.79064e+09,TM_4,0.272025
1.79064e+09,TM_6,0.317984
1.79064e+09,TM_9,0.354844
1.79064e+09,TM_8,0.429664
1.79064e+09,TM_2,0.505814
1.79064e+09,TM_1,0.381465
1.79064e+09,TM_3,0.37677
1.79064e+09,TM_3,0.266574
1.79064e+09,TM_8,0.405268
1.79064e+09,TM_9,0.43785
1.79064e+09,TM_3,0.407479
1.79064e+09,TM_9,0.48525
1.79064e+09,TM_7,0.532167
1.79064e+09,TM_6,0.325334
1.79064e+09,TM_5,0.492486
1.79064e+09,TM_8,0.441297
1.79064e+09,TM_2,0.428404
1.79064e+09,TM_7,0.616455
1.79064e+09,TM_5,0.286473
1.79064e+09,TM_5,0.361999
1.79064e+09,TM_6,0.325101
1.79064e+09,TM_7,0.45766
1.79064e+09,TM_1,0.320731
1.79064e+09,TM_4,0.365902
1.79064e+09,TM_1,0.258215
1.79064e+09,TM_4,0.375581
1.79064e+09,TM_2,0.289665
1.79064e+09,TM_4,0.261329
1.79064e+09,TM_6,0.294807
1.79064e+09,TM_9,0.484761
1.79064e+09,TM_8,0.393948
1.79064e+09,TM_2,0.549939
1.79064e+09,TM_1,0.337931
1.79064e+09,TM_3,0.2575
1.79064e+09,TM_3,0.366202
1.79064e+09,TM_8,0.334035
1.79064e+09,TM_9,0.530566
1.79064e+09,TM_3,0.340013
1.79064e+09,TM_9,0.564486
1.79064e+09,TM_7,0.474784
1.79064e+09,TM_6,0.329507
1.79064e+09,TM_5,0.501619
1.79064e+09,TM_8,0.392396
1.79064e+09,TM_2,0.53533
1.79064e+09,TM_7,0.390354
1.79064e+09,TM_5,0.310654
1.79064e+09,TM_5,0.340994
1.79064e+09,TM_6,0.262064
1.79064e+09,TM_7,0.366862
1.79064e+09,TM_1,0.315064
1.79064e+09,TM_4,0.310042
1.79064e+09,TM_1,0.25536
1.79064e+09,TM_4,0.261327
1.79064e+09,TM_2,0.29111
1.79064e+09,TM_4,0.270332
1.79064e+09,TM_6,0.351527
1.79064e+09,TM_9,0.487597
1.79064e+09,TM_8,0.471735
1.79064e+09,TM_2,0.494181
1.79064e+09,TM_1,0.363278
1.79064e+09,TM_3,0.339919
1.79064e+09,TM_3,0.399931
1.79064e+09,TM_8,0.394821
1.79064e+09,TM_9,0.474126
1.79064e+09,TM_3,0.463263
1.79064e+09,TM_9,0.491024
1.79064e+09,TM_7,0.414878
1.79064e+09,TM_6,0.317679
1.79064e+09,TM_5,0.480864
1.79064e+09,TM_8,0.374694
1.79064e+09,TM_2,0.403709
1.79064e+09,TM_7,0.534592
1.79064e+09,TM_5,0.411748
1.79064e+09,TM_5,0.439587
1.79064e+09,TM_6,0.356456
1.79064e+09,TM_7,0.500154
1.79064e+09,TM_1,0.43311
1.79064e+09,TM_4,0.328377
1.79064e+09,TM_1,0.234343
1.79064e+09,TM_4,0.317191
1.79064e+09,TM_2,0.336173
1.79064e+09,TM_4,0.330165
1.79064e+09,TM_6,0.403355
1.79064e+09,TM_9,0.412723
1.79064e+09,TM_8,0.348104
1.79064e+09,TM_2,0.443614
1.79064e+09,TM_1,0.543605
1.79064e+09,TM_3,0.424527
1.79064e+09,TM_3,0.282909
1.79064e+09,TM_8,0.578003
1.79064e+09,TM_9,0.485108
1.79064e+09,TM_3,0.404082
1.79064e+09,TM_9,0.467308
1.79064e+09,TM_7,0.705103
1.79064e+09,TM_6,0.498568
1.79064e+09,TM_5,0.640119
1.79064e+09,TM_8,0.460368
1.79064e+09,TM_2,0.42888
1.79064e+09,TM_7,0.762097
1.79064e+09,TM_5,0.287834
1.79064e+09,TM_5,0.35509
1.79064e+09,TM_6,0.340793
1.79064e+09,TM_7,0.452703
1.79064e+09,TM_1,0.40187
1.79064e+09,TM_4,0.39882
1.79064e+09,TM_1,0.357722
1.79064e+09,TM_4,0.29723
1.79064e+09,TM_2,0.342802
1.79064e+09,TM_4,0.228635
1.79064e+09,TM_6,0.397631
1.79064e+09,TM_9,0.459583
1.79064e+09,TM_8,0.463683
1.79064e+09,TM_2,0.729192
1.79064e+09,TM_1,0.384275
1.79064e+09,TM_3,0.284226
1.79064e+09,TM_3,0.405006
1.79064e+09,TM_8,0.575048
1.79064e+09,TM_9,0.530957
1.79064e+09,TM_3,0.52598
1.79064e+09,TM_9,0.511201
1.79064e+09,TM_7,0.567306
1.79064e+09,TM_6,0.414826
1.79064e+09,TM_5,0.484237
1.79064e+09,TM_8,0.423537
1.79064e+09,TM_2,0.402534
1.79064e+09,TM_7,0.536125
1.79064e+09,TM_5,0.336834
1.79064e+09,TM_5,0.448814
1.79064e+09,TM_6,0.263563
1.79064e+09,TM_7,0.417632
1.79064e+09,TM_1,0.423043
1.79064e+09,TM_4,0.544253
1.79064e+09,TM_1,0.398015
1.79064e+09,TM_4,0.316166
1.79064e+09,TM_2,0.337964
1.79064e+09,TM_4,0.314483
1.79064e+09,TM_6,0.410132
1.79064e+09,TM_9,0.450092
1.79064e+09,TM_8,0.48282
1.79064e+09,TM_2,0.606682
1.79064e+09,TM_1,0.5253
1.79064e+09,TM_3,0.391388
1.79064e+09,TM_3,0.392542
1.79064e+09,TM_8,0.450383
1.79064e+09,TM_9,0.519156
1.79064e+09,TM_3,0.392046
1.79064e+09,TM_9,0.60502
1.79064e+09,TM_7,0.46701
1.79064e+09,TM_6,0.353507
1.79064e+09,TM_5,0.476407
1.79064e+09,TM_8,0.386128
1.79064e+09,TM_2,0.350019
1.79064e+09,TM_7,0.392497
1.79064e+09,TM_5,0.306696
1.79064e+09,TM_5,0.368877
1.79064e+09,TM_6,0.254248
1.79064e+09,TM_7,0.536424
1.79064e+09,TM_1,0.538866
1.79064e+09,TM_4,0.33484
1.79064e+09,TM_1,0.308907
1.79064e+09,TM_4,0.302111
1.79064e+09,TM_2,0.364576
1.79064e+09,TM_4,0.299875
1.79064e+09,TM_6,0.362251
1.79064e+09,TM_9,0.440017
1.79064e+09,TM_8,0.394751
1.79064e+09,TM_2,0.606872
1.79064e+09,TM_1,0.376709
1.79064e+09,TM_3,0.265521
1.79064e+09,TM_3,0.303293
1.79064e+09,TM_8,0.560024
1.79064e+09,TM_9,0.536497
1.79064e+09,TM_3,0.43017
1.79064e+09,TM_9,0.451891
1.79064e+09,TM_7,0.579719
1.79064e+09,TM_6,0.413821
1.79064e+09,TM_5,0.441673
1.79064e+09,TM_8,0.3998
1.79064e+09,TM_2,0.41267
1.79064e+09,TM_7,0.605695
1.79064e+09,TM_5,0.381464
1.79064e+09,TM_5,0.42723
1.79064e+09,TM_6,0.280112
1.79064e+09,TM_7,0.475923
1.79064e+09,TM_1,0.446837
1.79064e+09,TM_4,0.445332
1.79064e+09,TM_1,0.300747
1.79064e+09,TM_4,0.279364
1.79064e+09,TM_2,0.349809
1.79064e+09,TM_4,0.261338
1.79064e+09,TM_6,0.34364
1.79064e+09,TM_9,0.481347
1.79064e+09,TM_8,0.389417
1.79064e+09,TM_2,0.60316
1.79064e+09,TM_1,0.327342
1.79064e+09,TM_3,0.357257
1.79064e+09,TM_3,0.320166
1.79064e+09,TM_8,0.44798
1.79064e+09,TM_9,0.462738
1.79064e+09,TM_3,0.374128
1.79064e+09,TM_9,0.511372
1.79064e+09,TM_7,0.385276
1.79064e+09,TM_6,0.343558
1.79064e+09,TM_5,0.459433
1.79064e+09,TM_8,0.434252
1.79064e+09,TM_2,0.354863
1.79064e+09,TM_7,0.341293
1.79064e+09,TM_5,0.300993
1.79064e+09,TM_5,0.353945
1.79064e+09,TM_6,0.302524
1.79064e+09,TM_7,0.429357
1.79064e+09,TM_1,0.322058
1.79064e+09,TM_4,0.448619
1.79064e+09,TM_1,0.345216
1.79064e+09,TM_4,0.269285
1.79064e+09,TM_2,0.278587
1.79064e+09,TM_4,0.301688
1.79064e+09,TM_6,0.394479
1.79064e+09,TM_9,0.428414
1.79064e+09,TM_8,0.376223
1.79064e+09,TM_2,0.431957
1.79064e+09,TM_1,0.384618
1.79064e+09,TM_3,0.305743
1.79064e+09,TM_3,0.30855
1.79064e+09,TM_8,0.433303
1.79064e+09,TM_9,0.498878
1.79064e+09,TM_3,0.346982
1.79064e+09,TM_9,0.606381
1.79064e+09,TM_7,0.372605
1.79064e+09,TM_6,0.366929
1.79064e+09,TM_5,0.444631
1.79064e+09,TM_8,0.382747
1.79064e+09,TM_2,0.409647
1.79064e+09,TM_7,0.527292
1.79064e+09,TM_5,0.2729
1.79064e+09,TM_5,0.290385
1.79064e+09,TM_6,0.368864
1.79064e+09,TM_7,0.526972
1.79064e+09,TM_1,0.399386
1.79064e+09,TM_4,0.424524
1.79064e+09,TM_1,0.3589
1.79064e+09,TM_4,0.336687
1.79064e+09,TM_2,0.314683
1.79064e+09,TM_4,0.338088
1.79064e+09,TM_6,0.384159
1.79064e+09,TM_9,0.401353
1.79064e+09,TM_8,0.391217
1.79064e+09,TM_2,0.4692
1.79064e+09,TM_1,0.318948
1.79064e+09,TM_3,0.308724
1.79064e+09,TM_3,0.492276
1.79064e+09,TM_8,0.360613
1.79064e+09,TM_9,0.538521
1.79064e+09,TM_3,0.372443
1.79064e+09,TM_9,0.632946
1.79064e+09,TM_7,0.69223
1.79064e+09,TM_6,0.374265
1.79064e+09,TM_5,0.538909
1.79064e+09,TM_8,0.438003
1.79064e+09,TM_2,0.424534
1.79064e+09,TM_7,0.5331
1.79064e+09,TM_5,0.352002
1.79064e+09,TM_5,0.337923
1.79064e+09,TM_6,0.32493
1.79064e+09,TM_7,0.456402
1.79064e+09,TM_1,0.34745
1.79064e+09,TM_4,0.327073
1.79064e+09,TM_1,0.245486
1.79064e+09,TM_4,0.270791
1.79064e+09,TM_2,0.395628
1.79064e+09,TM_4,0.258678
1.79064e+09,TM_6,0.352181
1.79064e+09,TM_9,0.508278
1.79064e+09,TM_8,0.397478
1.79064e+09,TM_2,0.590792
1.79064e+09,TM_1,0.321566
1.79064e+09,TM_3,0.352949
1.79064e+09,TM_3,0.332752
1.79064e+09,TM_8,0.404379
1.79064e+09,TM_9,0.516213
1.79064e+09,TM_3,0.414586
1.79064e+09,TM_9,0.537604
1.79064e+09,TM_7,0.475036
1.79064e+09,TM_6,0.329332
1.79064e+09,TM_5,0.406658
1.79064e+09,TM_8,0.415353
1.79064e+09,TM_2,0.396815
1.79064e+09,TM_7,0.577875
1.79064e+09,TM_5,0.333647
1.79064e+09,TM_5,0.338447
1.79064e+09,TM_6,0.32543
1.79064e+09,TM_7,0.430471
1.79064e+09,TM_1,0.346635
1.79064e+09,TM_4,0.344934
1.79064e+09,TM_1,0.273976
1.79064e+09,TM_4,0.362722
1.79064e+09,TM_2,0.472468
1.79064e+09,TM_4,0.32797
1.79064e+09,TM_6,0.323646
1.79064e+09,TM_9,0.465211
1.79064e+09,TM_8,0.4147
1.79064e+09,TM_2,0.562444
1.79064e+09,TM_1,0.344317
1.79064e+09,TM_3,0.337869
1.79064e+09,TM_3,0.453098
1.79064e+09,TM_8,0.369837
1.79064e+09,TM_9,0.502864
1.79064e+09,TM_3,0.346277
1.79064e+09,TM_9,0.48254
1.79064e+09,TM_7,0.434082
1.79064e+09,TM_6,0.362261
1.79064e+09,TM_5,0.562505
1.79064e+09,TM_8,0.46009
1.79064e+09,TM_2,0.361526
1.79064e+09,TM_7,0.391205
1.79064e+09,TM_5,0.35968
1.79064e+09,TM_5,0.373442
1.79064e+09,TM_6,0.289352
1.79064e+09,TM_7,0.38435
1.79064e+09,TM_1,0.38287
1.79064e+09,TM_4,0.40233
1.79064e+09,TM_1,0.43462
1.79064e+09,TM_4,0.305827
1.79064e+09,TM_2,0.313124
1.79064e+09,TM_4,0.267985
1.79064e+09,TM_6,0.46505
1.79064e+09,TM_9,0.461863
1.79064e+09,TM_8,0.398688
1.79064e+09,TM_2,0.4684
1.79064e+09,TM_1,0.364165
1.79064e+09,TM_3,0.302145
1.79064e+09,TM_3,0.339916
1.79064e+09,TM_8,0.360198
1.79064e+09,TM_9,0.544506
1.79064e+09,TM_3,0.49155
1.79064e+09,TM_9,0.607517
1.79064e+09,TM_7,0.459668
1.79064e+09,TM_6,0.382174
1.79064e+09,TM_5,0.55146
1.79064e+09,TM_8,0.416059
1.79064e+09,TM_2,0.406902
1.79064e+09,TM_7,0.58426
1.79064e+09,TM_5,0.338324
1.79064e+09,TM_5,0.34259
1.79064e+09,TM_6,0.323447
1.79064e+09,TM_7,0.354411
1.79064e+09,TM_1,0.365306
1.79064e+09,TM_4,0.33453
1.79064e+09,TM_1,0.256455
1.79064e+09,TM_4,0.400106
1.79064e+09,TM_2,0.321401
1.79064e+09,TM_4,0.294168
1.79064e+09,TM_6,0.245523
1.79064e+09,TM_9,0.399203
1.79064e+09,TM_8,0.378807
1.79064e+09,TM_2,0.390854
1.79064e+09,TM_1,0.37721
1.79064e+09,TM_3,0.33287
1.79064e+09,TM_3,0.278706
1.79064e+09,TM_8,0.514848
1.79064e+09,TM_9,0.464416
1.79064e+09,TM_3,0.365389
1.79064e+09,TM_9,0.437286
1.79064e+09,TM_7,0.587049
1.79064e+09,TM_6,0.362304
1.79064e+09,TM_5,0.513021
1.79064e+09,TM_8,0.430936
1.79064e+09,TM_2,0.353332
1.79064e+09,TM_7,0.432886
1.79064e+09,TM_5,0.403736
1.79064e+09,TM_5,0.346777
1.79064e+09,TM_6,0.365498
1.79064e+09,TM_7,0.474016
1.79064e+09,TM_1,0.396669
1.79064e+09,TM_4,0.386272
1.79064e+09,TM_1,0.324235
1.79064e+09,TM_4,0.335627
1.79064e+09,TM_2,0.341808
1.79064e+09,TM_4,0.268855
1.79064e+09,TM_6,0.343636
1.79064e+09,TM_9,0.390323
1.79064e+09,TM_8,0.376032
1.79064e+09,TM_2,0.472696
1.79064e+09,TM_1,0.459605
1.79064e+09,TM_3,0.4846
1.79064e+09,TM_3,0.316153
1.79064e+09,TM_8,0.423473
1.79064e+09,TM_9,0.558962
1.79064e+09,TM_3,0.374537
1.79064e+09,TM_9,0.511495
1.79064e+09,TM_7,0.320108
1.79064e+09,TM_6,0.352735
1.79064e+09,TM_5,0.701848
1.79064e+09,TM_8,0.474739
1.79064e+09,TM_2,0.395671
1.79064e+09,TM_7,0.48773
1.79064e+09,TM_5,0.457375
1.79064e+09,TM_5,0.317187
1.79064e+09,TM_6,0.352441
1.79064e+09,TM_7,0.377445
1.79064e+09,TM_1,0.2928
1.79064e+09,TM_4,0.350847
1.79064e+09,TM_1,0.284981
1.79064e+09,TM_4,0.353286
1.79064e+09,TM_2,0.293824
1.79064e+09,TM_4,0.281253
1.79064e+09,TM_6,0.311699
1.79064e+09,TM_9,0.44263
1.79064e+09,TM_8,0.388278
1.79064e+09,TM_2,0.489336
1.79064e+09,TM_1,0.297245
1.79064e+09,TM_3,0.386616
1.79064e+09,TM_3,0.287297
1.79064e+09,TM_8,0.362696
1.79064e+09,TM_9,0.614985
1.79064e+09,TM_3,0.406049
1.79064e+09,TM_9,0.578543
1.79064e+09,TM_7,0.65757
1.79064e+09,TM_6,0.376728
1.79064e+09,TM_5,0.513
1.79064e+09,TM_8,0.386062
1.79064e+09,TM_2,0.468915
1.79064e+09,TM_7,0.533041
1.79064e+09,TM_5,0.360085
1.79064e+09,TM_5,0.369229
1.79064e+09,TM_6,0.336161
1.79064e+09,TM_7,0.498715
1.79064e+09,TM_1,0.399354
1.79064e+09,TM_4,0.339011
1.79064e+09,TM_1,0.23282
1.79064e+09,TM_4,0.264667
1.79064e+09,TM_2,0.30482
1.79064e+09,TM_4,0.29194
1.79064e+09,TM_6,0.308108
1.79064e+09,TM_9,0.419736
1.79064e+09,TM_8,0.317824
1.79064e+09,TM_2,0.473909
1.79064e+09,TM_1,0.334196
1.79064e+09,TM_3,0.260504
1.79064e+09,TM_3,0.302497
1.79064e+09,TM_8,0.448996
1.79064e+09,TM_9,0.625257
1.79064e+09,TM_3,0.368266
1.79064e+09,TM_9,0.537703
1.79064e+09,TM_7,0.606997
1.79064e+09,TM_6,0.301426
1.79064e+09,TM_5,0.645925
1.79064e+09,TM_8,0.37059
1.79064e+09,TM_2,0.437872
1.79064e+09,TM_7,0.506635
1.79064e+09,TM_5,0.384132
1.79064e+09,TM_5,0.373603
1.79064e+09,TM_6,0.304409
1.79064e+09,TM_7,0.37359
1.79064e+09,TM_1,0.331983
1.79064e+09,TM_4,0.319852
1.79064e+09,TM_1,0.247572
1.79064e+09,TM_4,0.36544
1.79064e+09,TM_2,0.305058
1.79064e+09,TM_4,0.289898
1.79064e+09,TM_6,0.407757
1.79064e+09,TM_9,0.453066
1.79064e+09,TM_8,0.365191
1.79064e+09,TM_2,0.571117
1.79064e+09,TM_1,0.418305
1.79064e+09,TM_3,0.31459
1.79064e+09,TM_3,0.45775
1.79064e+09,TM_8,0.380326
1.79064e+09,TM_9,0.60099
1.79064e+09,TM_3,0.39185
1.79064e+09,TM_9,0.57202
1.79064e+09,TM_7,0.488357
1.79064e+09,TM_6,0.409257
1.79064e+09,TM_5,0.580684
1.79064e+09,TM_8,0.418079
1.79064e+09,TM_2,0.347306
1.79064e+09,TM_7,0.457408
1.79064e+09,TM_5,0.359077
1.79064e+09,TM_5,0.340538
1.79064e+09,TM_6,0.306554
1.79064e+09,TM_7,0.541919
1.79064e+09,TM_1,0.437591
1.79064e+09,TM_4,0.301533
1.79064e+09,TM_1,0.240011
1.79064e+09,TM_4,0.329181
1.79064e+09,TM_2,0.40078
1.79064e+09,TM_4,0.23592
1.79064e+09,TM_6,0.311769
1.79064e+09,TM_9,0.410699
1.79064e+09,TM_8,0.324041
1.79064e+09,TM_2,0.617784
1.79064e+09,TM_1,0.402358
1.79064e+09,TM_3,0.280529
1.79064e+09,TM_3,0.429184
1.79064e+09,TM_8,0.360938
1.79064e+09,TM_9,0.581034
1.79064e+09,TM_3,0.367637
1.79064e+09,TM_9,0.606733
1.79064e+09,TM_7,0.441358
1.79064e+09,TM_6,0.328432
1.79064e+09,TM_5,0.606298
1.79064e+09,TM_8,0.450675
1.79064e+09,TM_2,0.452555
1.79064e+09,TM_7,0.474867
1.79064e+09,TM_5,0.53471
1.79064e+09,TM_5,0.396549
1.79064e+09,TM_6,0.286076
1.79064e+09,TM_7,0.462664
1.79064e+09,TM_1,0.40027
1.79064e+09,TM_4,0.318034
1.79064e+09,TM_1,0.226971
1.79064e+09,TM_4,0.286463
1.79064e+09,TM_2,0.349912
1.79064e+09,TM_4,0.237131
1.79064e+09,TM_6,0.373846
1.79064e+09,TM_9,0.416264
1.79064e+09,TM_8,0.347447
1.79064e+09,TM_2,0.588005
1.79064e+09,TM_1,0.40304
1.79064e+09,TM_3,0.332031
1.79064e+09,TM_3,0.327079
1.79064e+09,TM_8,0.411285
1.79064e+09,TM_9,0.603437
1.79064e+09,TM_3,0.354422
1.79064e+09,TM_9,0.489996
1.79064e+09,TM_7,0.518465
1.79064e+09,TM_6,0.309811
1.79064e+09,TM_5,0.535611
1.79064e+09,TM_8,0.429886
1.79064e+09,TM_2,0.392249
1.79064e+09,TM_7,0.514802
1.79064e+09,TM_5,0.303466
1.79064e+09,TM_5,0.333019
1.79064e+09,TM_6,0.366151
1.79064e+09,TM_7,0.479806
1.79064e+09,TM_1,0.385237
1.79064e+09,TM_4,0.36405
1.79064e+09,TM_1,0.311941
1.79064e+09,TM_4,0.309844
1.79064e+09,TM_2,0.358699
1.79064e+09,TM_4,0.30353
1.79064e+09,TM_6,0.340718
1.79064e+09,TM_9,0.408021
1.79064e+09,TM_8,0.351786
1.79064e+09,TM_2,0.486429
1.79064e+09,TM_1,0.338013
1.79064e+09,TM_3,0.288226
1.79064e+09,TM_3,0.329205
1.79064e+09,TM_8,0.365467
1.79064e+09,TM_9,0.607065
1.79064e+09,TM_3,0.347807
1.79064e+09,TM_9,0.569877
1.79064e+09,TM_7,0.628195
1.79064e+09,TM_6,0.349158
1.79064e+09,TM_5,0.557813
1.79064e+09,TM_8,0.47146
1.79064e+09,TM_2,0.46704
1.79064e+09,TM_7,0.494606
1.79064e+09,TM_5,0.344265
1.79064e+09,TM_5,0.38336
1.79064e+09,TM_6,0.345922
1.79064e+09,TM_7,0.535851
1.79064e+09,TM_1,0.459158
1.79064e+09,TM_4,0.308
1.79064e+09,TM_1,0.216805
1.79064e+09,TM_4,0.519729
1.79064e+09,TM_2,0.468638
1.79064e+09,TM_4,0.229377
1.79064e+09,TM_6,0.358312
1.79064e+09,TM_9,0.499513
1.79064e+09,TM_8,0.523846
1.79064e+09,TM_2,0.719053
1.79064e+09,TM_1,0.273703
1.79064e+09,TM_3,0.282164
1.79064e+09,TM_3,0.372794
1.79064e+09,TM_8,0.47839
1.79064e+09,TM_9,0.483917
1.79064e+09,TM_3,0.362828
1.79064e+09,TM_9,0.534745
1.79064e+09,TM_7,0.405366
1.79064e+09,TM_6,0.375204
1.79064e+09,TM_5,0.483749
1.79064e+09,TM_8,0.46973
1.79064e+09,TM_2,0.400944
1.79064e+09,TM_7,0.410103
1.79064e+09,TM_5,0.356061
1.79064e+09,TM_5,0.33049
1.79064e+09,TM_6,0.373141
1.79064e+09,TM_7,0.381305
1.79064e+09,TM_1,0.333841
1.79064e+09,TM_4,0.336786
1.79064e+09,TM_1,0.233247
1.79064e+09,TM_4,0.304203
1.79064e+09,TM_2,0.301547
1.79064e+09,TM_4,0.261098
1.79064e+09,TM_6,0.330142
1.79064e+09,TM_9,0.382036
1.79064e+09,TM_8,0.363703
1.79064e+09,TM_2,0.55895
1.79064e+09,TM_1,0.428094
1.79064e+09,TM_3,0.286182
1.79064e+09,TM_3,0.293835
1.79064e+09,TM_8,0.3869
1.79064e+09,TM_9,0.517498
1.79064e+09,TM_3,0.348304
1.79064e+09,TM_9,0.502181
1.79064e+09,TM_7,0.547098
1.79064e+09,TM_6,0.329807
1.79064e+09,TM_5,0.527122
1.79064e+09,TM_8,0.373126
1.79064e+09,TM_2,0.359978
1.79064e+09,TM_7,0.401241
1.79064e+09,TM_5,0.298835
1.79064e+09,TM_5,0.305275
1.79064e+09,TM_6,0.262547
1.79064e+09,TM_7,0.387852
1.79064e+09,TM_1,0.378174
1.79064e+09,TM_4,0.350139
1.79064e+09,TM_1,0.246365
1.79064e+09,TM_4,0.261804
1.79064e+09,TM_2,0.40618
1.79064e+09,TM_4,0.413425
1.79064e+09,TM_6,0.320074
1.79064e+09,TM_9,0.402855
1.79064e+09,TM_8,0.277676
1.79064e+09,TM_2,0.596576
1.79064e+09,TM_1,0.350312
1.79064e+09,TM_3,0.358014
1.79064e+09,TM_3,0.293213
1.79064e+09,TM_8,0.352593
1.79064e+09,TM_9,0.570464
1.79064e+09,TM_3,0.426324
1.79064e+09,TM_9,0.581967
1.79064e+09,TM_7,0.42783
1.79064e+09,TM_6,0.33287
1.79064e+09,TM_5,0.508581
1.79064e+09,TM_8,0.427198
1.79064e+09,TM_2,0.430371
1.79064e+09,TM_7,0.499942
1.79064e+09,TM_5,0.349661
1.79064e+09,TM_5,0.337129
1.79064e+09,TM_6,0.263063
1.79064e+09,TM_7,0.493471
1.79064e+09,TM_1,0.444654
1.79064e+09,TM_4,0.480605
1.79064e+09,TM_1,0.433522
1.79064e+09,TM_4,0.29962
1.79064e+09,TM_2,0.409276
1.79064e+09,TM_4,0.38088
1.79064e+09,TM_6,0.435854
1.79064e+09,TM_9,0.382151
1.79064e+09,TM_8,0.389112
1.79064e+09,TM_2,0.598925
1.79064e+09,TM_1,0.319534
1.79064e+09,TM_3,0.294316
1.79064e+09,TM_3,0.379799
1.79064e+09,TM_8,0.565721
1.79064e+09,TM_9,0.5993
1.79064e+09,TM_3,0.396724
1.79064e+09,TM_9,0.549403
1.79064e+09,TM_7,0.383512
1.79064e+09,TM_6,0.365974
1.79064e+09,TM_5,0.445553
1.79064e+09,TM_8,0.441026
1.79064e+09,TM_2,0.585022
1.79064e+09,TM_7,0.437439
1.79064e+09,TM_5,0.280539
1.79064e+09,TM_5,0.333514
1.79064e+09,TM_6,0.397643
1.79064e+09,TM_7,0.489552
1.79064e+09,TM_1,0.419098
1.79064e+09,TM_4,0.395578
1.79064e+09,TM_1,0.35637
1.79064e+09,TM_4,0.398917
1.79064e+09,TM_2,0.384402
1.79064e+09,TM_4,0.368328
1.79064e+09,TM_6,0.443567
1.79064e+09,TM_9,0.45057
1.79064e+09,TM_8,0.407097
1.79064e+09,TM_2,0.583587
1.79064e+09,TM_1,0.358328
1.79064e+09,TM_3,0.239793
1.79064e+09,TM_3,0.382911
1.79064e+09,TM_8,0.386153
1.79064e+09,TM_9,0.607803
1.79064e+09,TM_3,0.366606
1.79064e+09,TM_9,0.543952
1.79064e+09,TM_7,0.547372
1.79064e+09,TM_6,0.417724
1.79064e+09,TM_5,0.415002
1.79064e+09,TM_8,0.449339
1.79064e+09,TM_2,0.440631
1.79064e+09,TM_7,0.415257
1.79064e+09,TM_5,0.265161
1.79064e+09,TM_5,0.365772
1.79064e+09,TM_6,0.316161
1.79064e+09,TM_7,0.543807
1.79064e+09,TM_1,0.454751
1.79064e+09,TM_4,0.567115
1.79064e+09,TM_1,0.465989
1.79064e+09,TM_4,0.317362
1.79064e+09,TM_2,0.334031
1.79064e+09,TM_4,0.355605
1.79064e+09,TM_6,0.348992
1.79064e+09,TM_9,0.419959
1.79064e+09,TM_8,0.345196
1.79064e+09,TM_2,0.578367
1.79064e+09,TM_1,0.468463
1.79064e+09,TM_3,0.458076
1.79064e+09,TM_3,0.26383
1.79064e+09,TM_8,0.543766
1.79064e+09,TM_9,0.551853
1.79064e+09,TM_3,0.331147
1.79064e+09,TM_9,0.440156
1.79064e+09,TM_7,0.430583
1.79064e+09,TM_6,0.388305
1.79064e+09,TM_5,0.450153
1.79064e+09,TM_8,0.441187
1.79064e+09,TM_2,0.470261
1.79064e+09,TM_7,0.377677
1.79064e+09,TM_5,0.244455
1.79064e+09,TM_5,0.389677
1.79064e+09,TM_6,0.480211
1.79064e+09,TM_7,0.42975
1.79064e+09,TM_1,0.352498
1.79064e+09,TM_4,0.406332
1.79064e+09,TM_1,0.282489
1.79064e+09,TM_4,0.321777
1.79064e+09,TM_2,0.303418
1.79064e+09,TM_4,0.327725
1.79064e+09,TM_6,0.47236
1.79064e+09,TM_9,0.480631
1.79064e+09,TM_8,0.445231
1.79064e+09,TM_2,0.523348
1.79064e+09,TM_1,0.374313
1.79064e+09,TM_3,0.258505
1.79064e+09,TM_3,0.368479
1.79064e+09,TM_8,0.435153
1.79064e+09,TM_9,0.554727
1.79064e+09,TM_3,0.401312
1.79064e+09,TM_9,0.510924
1.79064e+09,TM_7,0.480657
1.79064e+09,TM_6,0.358771
1.79064e+09,TM_5,0.420118
1.79064e+09,TM_8,0.45397
1.79064e+09,TM_2,0.347911
1.79064e+09,TM_7,0.55093
1.79064e+09,TM_5,0.259217
1.79064e+09,TM_5,0.322571
1.79064e+09,TM_6,0.380878
1.79064e+09,TM_7,0.473302
1.79064e+09,TM_1,0.404488
1.79064e+09,TM_4,0.308182
1.79064e+09,TM_1,0.268228
1.79064e+09,TM_4,0.362564
1.79064e+09,TM_2,0.398795
1.79064e+09,TM_4,0.448374
1.79064e+09,TM_6,0.312809
1.79064e+09,TM_9,0.370839
1.79064e+09,TM_8,0.371353
1.79064e+09,TM_2,0.423945
1.79064e+09,TM_1,0.349564
1.79064e+09,TM_3,0.235769
1.79064e+09,TM_3,0.338243
1.79064e+09,TM_8,0.437878
1.79064e+09,TM_9,0.503747
1.79064e+09,TM_3,0.29702
1.79064e+09,TM_9,0.466127
1.79064e+09,TM_7,0.376094
1.79064e+09,TM_6,0.381981
1.79064e+09,TM_5,0.457729
1.79064e+09,TM_8,0.422911
1.79064e+09,TM_2,0.433337
1.79064e+09,TM_7,0.390284
1.79064e+09,TM_5,0.232885
1.79064e+09,TM_5,0.264485
1.79064e+09,TM_6,0.645457
1.79064e+09,TM_7,0.42996
1.79064e+09,TM_1,0.347572
1.79064e+09,TM_4,0.2852
1.79064e+09,TM_1,0.322642
1.79064e+09,TM_4,0.2818
1.79064e+09,TM_2,0.374417
1.79064e+09,TM_4,0.405447
1.79064e+09,TM_6,0.384304
1.79064e+09,TM_9,0.37775
1.79064e+09,TM_8,0.398397
1.79064e+09,TM_2,0.521096
1.79064e+09,TM_1,0.406938
1.79064e+09,TM_3,0.32725
1.79064e+09,TM_3,0.34949
1.79064e+09,TM_8,0.381602
1.79064e+09,TM_9,0.611395
1.79064e+09,TM_3,0.443999
1.79064e+09,TM_9,0.583908
1.79064e+09,TM_7,0.494254
1.79064e+09,TM_6,0.356883
1.79064e+09,TM_5,0.48974
1.79064e+09,TM_8,0.432831
1.79064e+09,TM_2,0.491051
1.79064e+09,TM_7,0.44564
1.79064e+09,TM_5,0.266557
1.79064e+09,TM_5,0.347691
1.79064e+09,TM_6,0.327296
1.79064e+09,TM_7,0.520008
1.79064e+09,TM_1,0.482539
1.79064e+09,TM_4,0.296159
1.79064e+09,TM_1,0.231194
1.79064e+09,TM_4,0.377263
1.79064e+09,TM_2,0.405396
1.79064e+09,TM_4,0.403311
1.79064e+09,TM_6,0.352484
1.79064e+09,TM_9,0.394051
1.79064e+09,TM_8,0.337566
1.79064e+09,TM_2,0.513804
1.79064e+09,TM_1,0.379208
1.79064e+09,TM_3,0.387324
1.79064e+09,TM_3,0.363702
1.79064e+09,TM_8,0.401021
1.79064e+09,TM_9,0.528425
1.79064e+09,TM_3,0.368713
1.79064e+09,TM_9,0.52435
1.79064e+09,TM_7,0.388664
1.79064e+09,TM_6,0.509473
1.79064e+09,TM_5,0.526542
1.79064e+09,TM_8,0.419488
1.79064e+09,TM_2,0.743762
1.79064e+09,TM_7,0.480469
1.79064e+09,TM_5,0.275916
1.79064e+09,TM_5,0.358365
1.79064e+09,TM_6,0.313877
1.79064e+09,TM_7,0.408737
1.79064e+09,TM_1,0.483346
1.79064e+09,TM_4,0.274056
1.79064e+09,TM_1,0.24267
1.79064e+09,TM_4,0.377024
1.79064e+09,TM_2,0.36945
1.79064e+09,TM_4,0.426075
1.79064e+09,TM_6,0.351273
1.79064e+09,TM_9,0.409829
1.79064e+09,TM_8,0.363311
1.79064e+09,TM_2,0.592908
1.79064e+09,TM_1,0.371707
1.79064e+09,TM_3,0.351217
1.79064e+09,TM_3,0.367879
1.79064e+09,TM_8,0.509914
1.79064e+09,TM_9,0.566169
1.79064e+09,TM_3,0.463974
1.79064e+09,TM_9,0.622863
1.79064e+09,TM_7,0.462561
1.79064e+09,TM_6,0.378282
1.79064e+09,TM_5,0.524034
1.79064e+09,TM_8,0.478912
1.79064e+09,TM_2,0.401861
1.79064e+09,TM_7,0.538413
1.79064e+09,TM_5,0.251035
1.79064e+09,TM_5,0.405272
1.79064e+09,TM_6,0.346793
1.79064e+09,TM_7,0.518522
1.79064e+09,TM_1,0.463507
1.79064e+09,TM_4,0.327974
1.79064e+09,TM_1,0.249225
1.79064e+09,TM_4,0.358082
1.79064e+09,TM_2,0.373811
1.79064e+09,TM_4,0.282973
1.79064e+09,TM_6,0.46765
1.79064e+09,TM_9,0.44282
1.79064e+09,TM_8,0.353365
1.79064e+09,TM_2,0.66508
1.79064e+09,TM_1,0.448617
1.79064e+09,TM_3,0.400594
1.79064e+09,TM_3,0.398801
1.79064e+09,TM_8,0.417339
1.79064e+09,TM_9,0.538348
1.79064e+09,TM_3,0.400476
1.79064e+09,TM_9,0.489694
1.79064e+09,TM_7,0.45006
1.79064e+09,TM_6,0.44216
1.79064e+09,TM_5,0.517054
1.79064e+09,TM_8,0.445543
1.79064e+09,TM_2,0.355792
1.79064e+09,TM_7,0.408161
1.79064e+09,TM_5,0.360387
1.79064e+09,TM_5,0.309338
1.79064e+09,TM_6,0.347778
1.79064e+09,TM_7,0.471404
1.79064e+09,TM_1,0.472422
1.79064e+09,TM_4,0.275124
1.79064e+09,TM_1,0.243634
1.79064e+09,TM_4,0.312465
1.79064e+09,TM_2,0.385909
1.79064e+09,TM_4,0.289597
1.79064e+09,TM_6,0.534491
1.79064e+09,TM_9,0.401272
1.79064e+09,TM_8,0.365569
1.79064e+09,TM_2,0.552305
1.79064e+09,TM_1,0.413743
1.79064e+09,TM_3,0.401772
1.79064e+09,TM_3,0.356759
1.79064e+09,TM_8,0.391521
1.79064e+09,TM_9,0.459356
1.79064e+09,TM_3,0.363413
1.79064e+09,TM_9,0.47948
1.79064e+09,TM_7,0.510922
1.79064e+09,TM_6,0.313005
1.79064e+09,TM_5,0.492357
1.79064e+09,TM_8,0.511821
1.79064e+09,TM_2,0.4017
1.79064e+09,TM_7,0.478827
1.79064e+09,TM_5,0.292534
1.79064e+09,TM_5,0.322587
1.79064e+09,TM_6,0.40672
1.79064e+09,TM_7,0.507668
1.79064e+09,TM_1,0.443033
1.79064e+09,TM_4,0.284712
1.79064e+09,TM_1,0.271178
1.79064e+09,TM_4,0.379707
1.79064e+09,TM_2,0.313622
1.79064e+09,TM_4,0.322412
1.79064e+09,TM_6,0.465577
1.79064e+09,TM_9,0.488087
1.79064e+09,TM_8,0.377515
1.79064e+09,TM_2,0.587644
1.79064e+09,TM_1,0.386785
1.79064e+09,TM_3,0.321706
1.79064e+09,TM_3,0.360176
1.79064e+09,TM_8,0.543368
1.79064e+09,TM_9,0.550795
1.79064e+09,TM_3,0.366312
1.79064e+09,TM_9,0.55602
1.79064e+09,TM_7,0.513571
1.79064e+09,TM_6,0.389208
1.79064e+09,TM_5,0.440082
1.79064e+09,TM_8,0.400817
1.79064e+09,TM_2,0.373148
1.79064e+09,TM_7,0.456156
1.79064e+09,TM_5,0.270688
1.79064e+09,TM_5,0.348467
1.79064e+09,TM_6,0.302961
1.79064e+09,TM_7,0.492121
1.79064e+09,TM_1,0.417626
1.79064e+09,TM_4,0.288423
1.79064e+09,TM_1,0.230845
1.79064e+09,TM_4,0.314967
1.79064e+09,TM_2,0.319052
1.79064e+09,TM_4,0.332731
1.79064e+09,TM_6,0.342536
1.79064e+09,TM_9,0.547076
1.79064e+09,TM_8,0.347535
1.79064e+09,TM_2,0.566958
1.79064e+09,TM_1,0.401745
1.79064e+09,TM_3,0.347586
1.79064e+09,TM_3,0.357062
1.79064e+09,TM_8,0.351289
1.79064e+09,TM_9,0.524064
1.79064e+09,TM_3,0.343785
1.79064e+09,TM_9,0.463785
1.79064e+09,TM_7,0.480675
1.79064e+09,TM_6,0.368752
1.79064e+09,TM_5,0.527454
1.79064e+09,TM_8,0.440426
1.79064e+09,TM_2,0.486473
1.79064e+09,TM_7,0.470978
1.79064e+09,TM_5,0.291979
1.79064e+09,TM_5,0.299978
1.79064e+09,TM_6,0.331854
1.79064e+09,TM_7,0.484625
1.79064e+09,TM_1,0.40837
1.79064e+09,TM_4,0.317964
1.79064e+09,TM_1,0.334057
1.79064e+09,TM_4,0.345397
1.79064e+09,TM_2,0.422538
1.79064e+09,TM_4,0.309619
1.79064e+09,TM_6,0.354462
1.79064e+09,TM_9,0.502216
1.79064e+09,TM_8,0.310993
1.79064e+09,TM_2,0.618806
1.79064e+09,TM_1,0.398323
1.79064e+09,TM_3,0.339532
1.79064e+09,TM_3,0.369979
1.79064e+09,TM_8,0.509384
1.79064e+09,TM_9,0.606033
1.79064e+09,TM_3,0.419254
1.79064e+09,TM_9,0.635139
1.79064e+09,TM_7,0.6193
1.79064e+09,TM_6,0.329543
1.79064e+09,TM_5,0.477355
1.79064e+09,TM_8,0.463253
1.79064e+09,TM_2,0.579708
1.79064e+09,TM_7,0.46782
1.79064e+09,TM_5,0.253656
1.79064e+09,TM_5,0.42026
1.79064e+09,TM_6,0.364989
1.79064e+09,TM_7,0.463551
1.79064e+09,TM_1,0.446946
1.79064e+09,TM_4,0.278974
1.79064e+09,TM_1,0.296484
1.79064e+09,TM_4,0.394942
1.79064e+09,TM_2,0.358007
1.79064e+09,TM_4,0.334671
1.79064e+09,TM_6,0.354139
1.79064e+09,TM_9,0.620665
1.79064e+09,TM_8,0.410836
1.79064e+09,TM_2,0.568627
1.79064e+09,TM_1,0.396933
1.79064e+09,TM_3,0.392932
1.79064e+09,TM_3,0.343877
1.79064e+09,TM_8,0.54614
1.79064e+09,TM_9,0.526256
1.79064e+09,TM_3,0.379977
1.79064e+09,TM_9,0.534236
1.79064e+09,TM_7,0.371332
1.79064e+09,TM_6,0.420816
1.79064e+09,TM_5,0.399752
1.79064e+09,TM_8,0.381807
1.79064e+09,TM_2,0.330388
1.79064e+09,TM_7,0.361496
1.79064e+09,TM_5,0.276511
1.79064e+09,TM_5,0.344347
1.79064e+09,TM_6,0.315027
1.79064e+09,TM_7,0.427753
1.79064e+09,TM_1,0.358689
1.79064e+09,TM_4,0.276585
1.79064e+09,TM_1,0.225435
1.79064e+09,TM_4,0.293894
1.79064e+09,TM_2,0.277853
1.79064e+09,TM_4,0.323305
1.79064e+09,TM_6,0.381238
1.79064e+09,TM_9,0.39922
1.79064e+09,TM_8,0.331689
1.79064e+09,TM_2,0.491329
1.79064e+09,TM_1,0.392145
1.79064e+09,TM_3,0.335011
1.79064e+09,TM_3,0.306451
1.79064e+09,TM_8,0.383656
1.79064e+09,TM_9,0.493773
1.79064e+09,TM_3,0.297532
1.79064e+09,TM_9,0.469984
1.79064e+09,TM_7,0.353005
1.79064e+09,TM_6,0.348398
1.79064e+09,TM_5,0.422166
1.79064e+09,TM_8,0.373734
1.79064e+09,TM_2,0.318381
1.79064e+09,TM_7,0.351175
1.79064e+09,TM_5,0.257716
1.79064e+09,TM_5,0.305228
1.79064e+09,TM_6,0.328724
1.79064e+09,TM_7,0.385311
1.79064e+09,TM_1,0.414763
1.79064e+09,TM_4,0.295793
1.79064e+09,TM_1,0.247297
1.79064e+09,TM_4,0.249073
1.79064e+09,TM_2,0.459768
1.79064e+09,TM_4,0.310232
1.79064e+09,TM_6,0.363649
1.79064e+09,TM_9,0.459326
1.79064e+09,TM_8,0.356007
1.79064e+09,TM_2,0.561516
1.79064e+09,TM_1,0.404497
1.79064e+09,TM_3,0.358875
1.79064e+09,TM_3,0.288727
1.79064e+09,TM_8,0.440526
1.79064e+09,TM_9,0.546561
1.79064e+09,TM_3,0.36061
1.79064e+09,TM_9,0.58861
1.79064e+09,TM_7,0.404007
1.79064e+09,TM_6,0.443986
1.79064e+09,TM_5,0.545995
1.79064e+09,TM_8,0.487708
1.79064e+09,TM_2,0.34291
1.79064e+09,TM_7,0.477084
1.79064e+09,TM_5,0.245152
1.79064e+09,TM_5,0.351919
1.79064e+09,TM_6,0.361901
1.79064e+09,TM_7,0.422217
1.79064e+09,TM_1,0.35901
1.79064e+09,TM_4,0.368212
1.79064e+09,TM_1,0.309747
1.79064e+09,TM_4,0.527299
1.79064e+09,TM_2,0.669783
1.79064e+09,TM_4,0.372878
1.79064e+09,TM_6,0.452459
1.79064e+09,TM_9,0.410277
1.79064e+09,TM_8,0.391348
1.79064e+09,TM_2,0.551892
1.79064e+09,TM_1,0.333813
1.79064e+09,TM_3,0.378804
1.79064e+09,TM_3,0.32859
1.79064e+09,TM_8,0.484329
1.79064e+09,TM_9,0.561571
1.79064e+09,TM_3,0.398661
1.79064e+09,TM_9,0.553598
1.79064e+09,TM_7,0.498134
1.79064e+09,TM_6,0.450165
1.79064e+09,TM_5,0.378547
1.79064e+09,TM_8,0.40927
1.79064e+09,TM_2,0.410888
1.79064e+09,TM_7,0.757012
1.79064e+09,TM_5,0.337039
1.79064e+09,TM_5,0.328644
1.79064e+09,TM_6,0.289048
1.79064e+09,TM_7,0.448606
1.79064e+09,TM_1,0.349323
1.79064e+09,TM_4,0.300796
1.79064e+09,TM_1,0.31558
1.79064e+09,TM_2,0.322944
1.79064e+09,TM_4,0.440105
1.79064e+09,TM_4,0.325115
1.79064e+09,TM_6,0.351315
1.79064e+09,TM_9,0.369223
1.79064e+09,TM_8,0.352691
1.79064e+09,TM_2,0.539016
1.79064e+09,TM_1,0.426302
1.79064e+09,TM_3,0.36614
1.79064e+09,TM_3,0.372345
1.79064e+09,TM_8,0.487686
1.79064e+09,TM_9,0.493261
1.79064e+09,TM_3,0.398443
1.79064e+09,TM_9,0.484221
1.79064e+09,TM_7,0.366988
1.79064e+09,TM_6,0.392274
1.79064e+09,TM_5,0.493816
1.79064e+09,TM_8,0.46297
1.79064e+09,TM_2,0.3547
1.79064e+09,TM_7,0.370922
1.79064e+09,TM_5,0.266022
1.79064e+09,TM_5,0.31329
1.79064e+09,TM_6,0.313091
1.79064e+09,TM_7,0.439015
1.79064e+09,TM_1,0.43689
1.79064e+09,TM_4,0.399115
1.79064e+09,TM_1,0.309828
1.79064e+09,TM_4,0.361526
1.79064e+09,TM_2,0.402262
1.79064e+09,TM_4,0.301574
1.79064e+09,TM_6,0.347236
1.79064e+09,TM_9,0.362437
1.79064e+09,TM_8,0.335807
1.79064e+09,TM_2,0.460644
1.79064e+09,TM_1,0.425024
1.79064e+09,TM_3,0.406939
1.79064e+09,TM_3,0.354804
1.79064e+09,TM_8,0.354875
1.79064e+09,TM_9,0.501763
1.79064e+09,TM_3,0.34627
1.79064e+09,TM_9,0.405977
1.79064e+09,TM_7,0.375687
1.79064e+09,TM_6,0.452075
1.79064e+09,TM_5,0.438799
1.79064e+09,TM_8,0.411664
1.79064e+09,TM_2,0.533968
1.79064e+09,TM_7,0.43832
1.79064e+09,TM_5,0.265385
1.79064e+09,TM_5,0.340543
1.79064e+09,TM_6,0.308965
1.79064e+09,TM_7,0.471179
1.79064e+09,TM_1,0.434572
1.79064e+09,TM_4,0.338225
1.79064e+09,TM_1,0.322121
1.79064e+09,TM_4,0.34964
1.79064e+09,TM_2,0.422525
1.79064e+09,TM_4,0.307942
1.79064e+09,TM_6,0.242647
1.79064e+09,TM_9,0.353124
1.79064e+09,TM_8,0.330045
1.79064e+09,TM_2,0.495228
1.79064e+09,TM_1,0.418246
1.79064e+09,TM_3,0.333342
1.79064e+09,TM_3,0.278441
1.79064e+09,TM_8,0.484286
1.79064e+09,TM_9,0.480102
1.79064e+09,TM_3,0.3355
1.79064e+09,TM_9,0.483974
1.79064e+09,TM_7,0.486247
1.79064e+09,TM_6,0.55822
1.79064e+09,TM_5,0.460809
1.79064e+09,TM_8,0.471762
1.79064e+09,TM_2,0.387722
1.79064e+09,TM_7,0.496169
1.79064e+09,TM_5,0.265788
1.79064e+09,TM_5,0.312187
1.79064e+09,TM_6,0.330631
1.79064e+09,TM_7,0.385042
1.79064e+09,TM_1,0.426914
1.79064e+09,TM_4,0.406065
1.79064e+09,TM_1,0.364161
1.79064e+09,TM_4,0.486241
1.79064e+09,TM_2,0.634339
1.79064e+09,TM_4,0.333064
1.79064e+09,TM_6,0.475019
1.79064e+09,TM_9,0.369095
1.79064e+09,TM_8,0.397694
1.79064e+09,TM_2,0.571862
1.79064e+09,TM_1,0.385874
1.79064e+09,TM_3,0.359435
1.79064e+09,TM_3,0.35869
1.79064e+09,TM_8,0.444609
1.79064e+09,TM_9,0.539463
1.79064e+09,TM_3,0.428137
1.79064e+09,TM_9,0.603256
1.79064e+09,TM_7,0.376336
1.79064e+09,TM_6,0.479381
1.79064e+09,TM_5,0.483343
1.79064e+09,TM_8,0.43813
1.79064e+09,TM_2,0.37775
1.79064e+09,TM_7,0.436812
1.79064e+09,TM_5,0.279294
1.79064e+09,TM_5,0.280992
1.79064e+09,TM_6,0.326052
1.79064e+09,TM_7,0.375282
1.79064e+09,TM_1,0.395543
1.79064e+09,TM_4,0.312066
1.79064e+09,TM_1,0.281412
1.79064e+09,TM_4,0.300075
1.79064e+09,TM_2,0.387465
1.79064e+09,TM_4,0.344035
1.79064e+09,TM_6,0.409669
1.79064e+09,TM_9,0.396582
1.79064e+09,TM_8,0.457139
1.79064e+09,TM_2,0.565227
1.79064e+09,TM_1,0.44371
1.79064e+09,TM_3,0.534141
1.79064e+09,TM_3,0.368146
1.79064e+09,TM_8,0.458081
1.79064e+09,TM_9,0.461411
1.79064e+09,TM_3,0.33734
1.79064e+09,TM_9,0.46402
1.79064e+09,TM_7,0.355476
1.79064e+09,TM_6,0.481486
1.79064e+09,TM_5,0.452405
1.79064e+09,TM_8,0.446206
1.79064e+09,TM_2,0.405751
1.79064e+09,TM_7,0.477006
1.79064e+09,TM_5,0.271396
1.79064e+09,TM_5,0.315171
1.79064e+09,TM_6,0.336775
1.79064e+09,TM_7,0.422406
1.79064e+09,TM_1,0.487381
1.79064e+09,TM_4,0.397475
1.79064e+09,TM_1,0.562363
1.79064e+09,TM_4,0.314891
1.79064e+09,TM_2,0.409768
1.79064e+09,TM_4,0.300985
1.79064e+09,TM_6,0.350749
1.79064e+09,TM_9,0.383062
1.79064e+09,TM_8,0.358223
1.79064e+09,TM_2,0.5059
1.79064e+09,TM_1,0.39477
1.79064e+09,TM_3,0.37709
1.79064e+09,TM_3,0.34186
1.79064e+09,TM_8,0.487092
1.79064e+09,TM_9,0.529854
1.79064e+09,TM_3,0.360203
1.79064e+09,TM_9,0.581945
1.79064e+09,TM_7,0.478625
1.79064e+09,TM_6,0.375253
1.79064e+09,TM_5,0.451413
1.79064e+09,TM_8,0.540468
1.79064e+09,TM_2,0.412099
1.79064e+09,TM_7,0.605709
1.79064e+09,TM_5,0.281501
1.79064e+09,TM_5,0.361838
1.79064e+09,TM_6,0.31907
1.79064e+09,TM_7,0.432667
1.79064e+09,TM_1,0.376531
1.79064e+09,TM_4,0.440638
1.79064e+09,TM_1,0.421305
1.79064e+09,TM_4,0.358893
1.79064e+09,TM_2,0.431033
1.79064e+09,TM_4,0.36844
1.79064e+09,TM_6,0.526156
1.79064e+09,TM_9,0.531137
1.79064e+09,TM_8,0.485498
1.79064e+09,TM_2,0.567804
1.79064e+09,TM_1,0.384637
1.79064e+09,TM_3,0.24064
1.79064e+09,TM_3,0.345325
1.79064e+09,TM_8,0.424525
1.79064e+09,TM_9,0.566444
1.79064e+09,TM_3,0.367681
1.79064e+09,TM_9,0.593205
1.79064e+09,TM_7,0.422818
1.79064e+09,TM_6,0.485423
1.79064e+09,TM_5,0.44851
1.79064e+09,TM_8,0.449437
1.79064e+09,TM_2,0.393997
1.79064e+09,TM_7,0.38192
1.79064e+09,TM_5,0.305648
1.79064e+09,TM_5,0.308897
1.79064e+09,TM_6,0.332732
1.79064e+09,TM_7,0.367659
1.79064e+09,TM_1,0.315003
1.79064e+09,TM_4,0.384419
1.79064e+09,TM_1,0.279915
1.79064e+09,TM_4,0.399022
1.79064e+09,TM_2,0.557057
1.79064e+09,TM_4,0.37055
1.79064e+09,TM_6,0.365881
1.79064e+09,TM_9,0.436165
1.79064e+09,TM_8,0.362295
1.79064e+09,TM_2,0.542483
1.79064e+09,TM_1,0.381625
1.79064e+09,TM_3,0.265811
1.79064e+09,TM_3,0.332056
1.79064e+09,TM_8,0.388721
1.79064e+09,TM_9,0.555382
1.79064e+09,TM_3,0.303043
1.79064e+09,TM_9,0.488158
1.79064e+09,TM_7,0.530955
1.79064e+09,TM_6,0.3769
1.79064e+09,TM_5,0.4654
1.79064e+09,TM_8,0.428595
1.79064e+09,TM_2,0.389965
1.79064e+09,TM_7,0.401684
1.79064e+09,TM_5,0.246143
1.79064e+09,TM_5,0.311493
1.79064e+09,TM_6,0.321398
1.79064e+09,TM_7,0.43147
1.79064e+09,TM_1,0.359883
1.79064e+09,TM_4,0.396425
1.79064e+09,TM_1,0.315777
1.79064e+09,TM_4,0.419184
1.79064e+09,TM_2,0.515502
1.79064e+09,TM_4,0.333918
1.79064e+09,TM_6,0.484533
1.79064e+09,TM_9,0.484664
1.79064e+09,TM_8,0.375543
1.79064e+09,TM_2,0.533447
1.79064e+09,TM_1,0.420133
1.79064e+09,TM_3,0.372441
1.79064e+09,TM_3,0.323117
1.79064e+09,TM_8,0.409841
1.79064e+09,TM_9,0.444518
1.79064e+09,TM_3,0.37003
1.79064e+09,TM_9,0.814094
1.79064e+09,TM_7,0.435764
1.79064e+09,TM_6,0.371385
1.79064e+09,TM_5,0.493962
1.79064e+09,TM_8,0.543694
1.79064e+09,TM_2,0.453979
1.79064e+09,TM_7,0.5869
1.79064e+09,TM_5,0.2797
1.79064e+09,TM_5,0.368281
1.79064e+09,TM_6,0.269916
1.79064e+09,TM_7,0.404195
1.79064e+09,TM_1,0.434573
1.79064e+09,TM_4,0.365879
1.79064e+09,TM_1,0.309137
1.79064e+09,TM_4,0.351713
1.79064e+09,TM_2,0.446929
1.79064e+09,TM_4,0.29093
1.79064e+09,TM_6,0.591951
1.79064e+09,TM_9,0.416938
1.79064e+09,TM_8,0.349179
1.79064e+09,TM_2,0.518163
1.79064e+09,TM_1,0.361727
1.79064e+09,TM_3,0.214259
1.79064e+09,TM_3,0.315123
1.79064e+09,TM_8,0.366424
1.79064e+09,TM_9,0.466866
1.79064e+09,TM_3,0.353466
1.79064e+09,TM_9,0.582007
1.79064e+09,TM_7,0.562493
1.79064e+09,TM_6,0.465307
1.79064e+09,TM_5,0.55749
1.79064e+09,TM_8,0.506417
1.79064e+09,TM_2,0.468258
1.79064e+09,TM_7,0.480227
1.79064e+09,TM_5,0.283146
1.79064e+09,TM_5,0.325093
1.79064e+09,TM_6,0.3193
1.79064e+09,TM_7,0.400484
1.79064e+09,TM_1,0.406991
1.79064e+09,TM_4,0.457744
1.79064e+09,TM_1,0.351687
1.79064e+09,TM_4,0.305441
1.79064e+09,TM_2,0.393626
1.79064e+09,TM_4,0.274899
1.79064e+09,TM_6,0.449822
1.79064e+09,TM_9,0.428596
1.79064e+09,TM_8,0.365346
1.79064e+09,TM_2,0.53781
1.79064e+09,TM_1,0.422398
1.79064e+09,TM_3,0.570361
1.79064e+09,TM_3,0.439101
1.79064e+09,TM_8,0.466467
1.79064e+09,TM_9,0.552318
1.79064e+09,TM_3,0.326722
1.79064e+09,TM_9,0.445944
1.79064e+09,TM_7,0.532847
1.79064e+09,TM_6,0.359651
1.79064e+09,TM_5,0.447097
1.79064e+09,TM_8,0.448102
1.79064e+09,TM_2,0.540297
1.79064e+09,TM_7,0.472223
1.79064e+09,TM_5,0.295454
1.79064e+09,TM_5,0.252216
1.79064e+09,TM_6,0.305134
1.79064e+09,TM_7,0.3842
1.79064e+09,TM_1,0.37362
1.79064e+09,TM_4,0.347436
1.79064e+09,TM_1,0.283298
1.79064e+09,TM_2,0.372039
1.79064e+09,TM_4,0.467943
1.79064e+09,TM_4,0.273577
1.79064e+09,TM_6,0.352441
1.79064e+09,TM_9,0.361082
1.79064e+09,TM_8,0.341158
1.79064e+09,TM_2,0.532268
1.79064e+09,TM_1,0.372805
1.79064e+09,TM_3,0.39145
1.79064e+09,TM_3,0.32375
1.79064e+09,TM_8,0.380728
1.79064e+09,TM_9,0.479718
1.79064e+09,TM_3,0.259246
1.79064e+09,TM_9,0.481184
1.79064e+09,TM_7,0.521196
1.79064e+09,TM_6,0.486365
1.79064e+09,TM_5,0.499299
1.79064e+09,TM_8,0.450895
1.79064e+09,TM_2,0.335373
1.79064e+09,TM_7,0.420238
1.79064e+09,TM_5,0.306269
1.79064e+09,TM_5,0.504067
1.79064e+09,TM_6,0.33939
1.79064e+09,TM_7,0.408031
1.79064e+09,TM_1,0.387788
1.79064e+09,TM_4,0.348135
1.79064e+09,TM_1,0.310555
1.79064e+09,TM_4,0.373488
1.79064e+09,TM_2,0.51912
1.79064e+09,TM_4,0.296376
1.79064e+09,TM_6,0.4378
1.79064e+09,TM_9,0.374255
1.79064e+09,TM_8,0.33347
1.79064e+09,TM_2,0.481887
1.79064e+09,TM_1,0.427201
1.79064e+09,TM_3,0.380336
1.79064e+09,TM_3,0.289278
1.79064e+09,TM_8,0.35817
1.79064e+09,TM_9,0.41589
1.79064e+09,TM_3,0.330708
1.79064e+09,TM_9,0.523888
1.79064e+09,TM_7,0.32108
1.79064e+09,TM_6,0.444517
1.79064e+09,TM_5,0.455524
1.79064e+09,TM_8,0.520191
1.79064e+09,TM_2,0.571221
1.79064e+09,TM_7,0.504387
1.79064e+09,TM_5,0.355183
1.79064e+09,TM_5,0.269141
1.79064e+09,TM_6,0.319775
1.79064e+09,TM_7,0.466806
1.79064e+09,TM_1,0.45072
1.79064e+09,TM_4,0.342498
1.79064e+09,TM_1,0.350492
1.79064e+09,TM_2,0.628239
1.79064e+09,TM_4,0.781935
1.79064e+09,TM_4,0.292306
1.79064e+09,TM_6,0.498256
1.79064e+09,TM_9,0.48998
1.79064e+09,TM_8,0.456255
1.79064e+09,TM_2,0.586809
1.79064e+09,TM_1,0.376267
1.79064e+09,TM_3,0.408066
1.79064e+09,TM_3,0.405661
1.79064e+09,TM_8,0.514704
1.79064e+09,TM_9,0.601656
1.79064e+09,TM_3,0.407547
1.79064e+09,TM_9,0.551294
1.79064e+09,TM_7,0.449612
1.79064e+09,TM_6,0.434877
1.79064e+09,TM_5,0.445896
1.79064e+09,TM_8,0.462
1.79064e+09,TM_2,0.420932
1.79064e+09,TM_7,0.388754
1.79064e+09,TM_5,0.303518
1.79064e+09,TM_5,0.285244
1.79064e+09,TM_6,0.331823
1.79064e+09,TM_7,0.408512
1.79064e+09,TM_1,0.370472
1.79064e+09,TM_4,0.351414
1.79064e+09,TM_1,0.348215
1.79064e+09,TM_2,0.373391
1.79064e+09,TM_4,0.505044
1.79064e+09,TM_4,0.287034
1.79064e+09,TM_6,0.905902
1.79064e+09,TM_9,0.613094
1.79064e+09,TM_8,0.371919
1.79064e+09,TM_2,0.56259
1.79064e+09,TM_1,0.392318
1.79064e+09,TM_3,0.396665
1.79064e+09,TM_3,0.392142
1.79064e+09,TM_8,0.521585
1.79064e+09,TM_9,0.498582
1.79064e+09,TM_3,0.315751
1.79064e+09,TM_9,0.587943
1.79064e+09,TM_7,0.597099
1.79064e+09,TM_6,0.393846
1.79064e+09,TM_5,0.510077
1.79064e+09,TM_8,0.507802
1.79064e+09,TM_2,0.537312
1.79064e+09,TM_7,0.422504
1.79064e+09,TM_5,0.40659
1.79064e+09,TM_5,0.317183
1.79064e+09,TM_6,0.34175
1.79064e+09,TM_7,0.507816
1.79064e+09,TM_1,0.545348
1.79064e+09,TM_4,0.42062
1.79064e+09,TM_1,0.364493
1.79064e+09,TM_2,0.307186
1.79064e+09,TM_4,0.424169
1.79064e+09,TM_4,0.314878
1.79064e+09,TM_6,0.462947
1.79064e+09,TM_9,0.592177
1.79064e+09,TM_8,0.404171
1.79064e+09,TM_2,0.474788
1.79064e+09,TM_1,0.473624
1.79064e+09,TM_3,0.561731
1.79064e+09,TM_3,0.319577
1.79064e+09,TM_8,0.406373
1.79064e+09,TM_9,0.626471
1.79064e+09,TM_3,0.406402
1.79064e+09,TM_9,0.563815
1.79064e+09,TM_7,0.43221
1.79064e+09,TM_6,0.496146
1.79064e+09,TM_5,0.481306
1.79064e+09,TM_8,0.518501
1.79064e+09,TM_2,0.45581
1.79064e+09,TM_7,0.435513
1.79064e+09,TM_5,0.278713
1.79064e+09,TM_5,0.297489
1.79064e+09,TM_6,0.314237
1.79064e+09,TM_7,0.492305
1.79064e+09,TM_1,0.451334
1.79064e+09,TM_4,0.423537
1.79064e+09,TM_1,0.404817
1.79064e+09,TM_4,0.362306
1.79064e+09,TM_2,0.463802
1.79064e+09,TM_4,0.314447
1.79064e+09,TM_6,0.470487
1.79064e+09,TM_9,0.477368
1.79064e+09,TM_8,0.412976
1.79064e+09,TM_2,0.519879
1.79064e+09,TM_1,0.413118
1.79064e+09,TM_3,0.445337
1.79064e+09,TM_3,0.353996
1.79064e+09,TM_8,0.497919
1.79064e+09,TM_9,0.498211
1.79064e+09,TM_3,0.347938
1.79064e+09,TM_9,0.568508
1.79064e+09,TM_7,0.419825
1.79064e+09,TM_6,0.409362
1.79064e+09,TM_5,0.448341
1.79064e+09,TM_8,0.466197
1.79064e+09,TM_2,0.4026
1.79064e+09,TM_7,0.418151
1.79064e+09,TM_5,0.269508
1.79064e+09,TM_5,0.309409
1.79064e+09,TM_6,0.277408
1.79064e+09,TM_7,0.38677
1.79064e+09,TM_1,0.376999
1.79064e+09,TM_4,0.298368
1.79064e+09,TM_1,0.267702
1.79064e+09,TM_4,0.437455
1.79064e+09,TM_2,0.504699
1.79064e+09,TM_4,0.291924
1.79064e+09,TM_6,0.397243
1.79064e+09,TM_9,0.407849
1.79064e+09,TM_8,0.396685
1.79064e+09,TM_2,0.51
1.79064e+09,TM_1,0.349602
1.79064e+09,TM_3,0.439461
1.79064e+09,TM_3,0.32862
1.79064e+09,TM_8,0.412995
1.79064e+09,TM_9,0.556565
1.79064e+09,TM_3,0.45324
1.79064e+09,TM_9,0.547319
1.79064e+09,TM_7,0.41693
1.79064e+09,TM_6,0.376971
1.79064e+09,TM_5,0.476946
1.79064e+09,TM_8,0.388263
1.79064e+09,TM_2,0.408982
1.79064e+09,TM_7,0.73896
1.79064e+09,TM_5,0.498171
1.79064e+09,TM_5,0.302533
1.79064e+09,TM_6,0.311979
1.79064e+09,TM_7,0.464147
1.79064e+09,TM_1,0.426922
1.79064e+09,TM_4,0.325168
1.79064e+09,TM_1,0.293865
1.79064e+09,TM_2,0.370578
1.79064e+09,TM_4,0.482434
1.79064e+09,TM_4,0.256235
1.79064e+09,TM_6,0.410643
1.79064e+09,TM_9,0.409724
1.79064e+09,TM_8,0.350414
1.79064e+09,TM_2,0.477293
1.79064e+09,TM_1,0.347652
1.79064e+09,TM_3,0.288722
1.79064e+09,TM_3,0.35212
1.79064e+09,TM_8,0.360064
1.79064e+09,TM_9,0.549704
1.79064e+09,TM_3,0.399585
1.79064e+09,TM_9,0.472464
1.79064e+09,TM_7,0.440137
1.79064e+09,TM_6,0.314593
1.79064e+09,TM_5,0.496581
1.79064e+09,TM_8,0.466747
1.79064e+09,TM_2,0.446749
1.79064e+09,TM_7,0.460798
1.79064e+09,TM_5,0.435511
1.79064e+09,TM_5,0.377386
1.79064e+09,TM_6,0.376661
1.79064e+09,TM_7,0.486158
1.79064e+09,TM_1,0.517142
1.79064e+09,TM_4,0.350877
1.79064e+09,TM_1,0.341555
1.79064e+09,TM_2,0.450315
1.79064e+09,TM_4,0.56328
1.79064e+09,TM_4,0.281698
1.79064e+09,TM_6,0.424536
1.79064e+09,TM_9,0.46376
1.79064e+09,TM_8,0.375827
1.79064e+09,TM_2,0.520802
1.79064e+09,TM_1,0.39487
1.79064e+09,TM_3,0.511742
1.79064e+09,TM_3,0.324169
1.79064e+09,TM_8,0.457986
1.79064e+09,TM_9,0.61785
1.79064e+09,TM_3,0.370808
1.79064e+09,TM_9,0.543778
1.79064e+09,TM_7,0.486119
1.79064e+09,TM_6,0.403189
1.79064e+09,TM_5,0.497412
1.79064e+09,TM_8,0.489501
1.79064e+09,TM_2,0.359165
1.79064e+09,TM_7,0.402816
1.79064e+09,TM_5,0.276827
1.79064e+09,TM_5,0.308853
1.79064e+09,TM_6,0.322886
1.79064e+09,TM_7,0.392212
1.79064e+09,TM_1,0.418438
1.79064e+09,TM_4,0.393345
1.79064e+09,TM_1,0.364793
1.79064e+09,TM_2,0.482445
1.79064e+09,TM_4,0.600947
1.79064e+09,TM_4,0.254503
1.79064e+09,TM_6,0.399925
1.79064e+09,TM_9,0.369846
1.79064e+09,TM_8,0.34449
1.79064e+09,TM_2,0.486141
1.79064e+09,TM_1,0.523805
1.79064e+09,TM_3,0.59041
1.79064e+09,TM_3,0.279547
1.79064e+09,TM_8,0.516
1.79064e+09,TM_9,0.655031
1.79064e+09,TM_3,0.338169
1.79064e+09,TM_9,0.714954
1.79064e+09,TM_7,0.366332
1.79064e+09,TM_6,0.391882
1.79064e+09,TM_5,0.575569
1.79064e+09,TM_8,0.448438
1.79064e+09,TM_2,0.360681
1.79064e+09,TM_7,0.477899
1.79064e+09,TM_5,0.372052
1.79064e+09,TM_5,0.312716
1.79064e+09,TM_6,0.341786
1.79064e+09,TM_7,0.519442
1.79064e+09,TM_1,0.574898
1.79064e+09,TM_4,0.371626
1.79064e+09,TM_1,0.362849
1.79064e+09,TM_2,0.453879
1.79064e+09,TM_4,0.566321
1.79064e+09,TM_4,0.343678
1.79064e+09,TM_6,0.396259
1.79064e+09,TM_9,0.386532
1.79064e+09,TM_8,0.350547
1.79064e+09,TM_2,0.565118
1.79064e+09,TM_1,0.375859
1.79064e+09,TM_3,0.39909
1.79064e+09,TM_3,0.314482
1.79064e+09,TM_8,0.485201
1.79064e+09,TM_9,0.667569
1.79064e+09,TM_3,0.386258
1.79064e+09,TM_9,0.59094
1.79064e+09,TM_7,0.345358
1.79064e+09,TM_6,0.367505
1.79064e+09,TM_5,0.495163
1.79064e+09,TM_8,0.455034
1.79064e+09,TM_2,0.446597
1.79064e+09,TM_7,0.415338
1.79064e+09,TM_5,0.361879
1.79064e+09,TM_5,0.371774
1.79064e+09,TM_6,0.297589
1.79064e+09,TM_7,0.442802
1.79064e+09,TM_1,0.409098
1.79064e+09,TM_4,0.33006
1.79064e+09,TM_1,0.322796
1.79064e+09,TM_2,0.571663
1.79064e+09,TM_4,0.545691
1.79064e+09,TM_4,0.290673
1.79064e+09,TM_6,0.344453
1.79064e+09,TM_9,0.410446
1.79064e+09,TM_8,0.343467
1.79064e+09,TM_2,0.468169
1.79064e+09,TM_1,0.450813
1.79064e+09,TM_3,0.490994
1.79064e+09,TM_3,0.341935
1.79064e+09,TM_8,0.464935
1.79064e+09,TM_9,0.626931
1.79064e+09,TM_3,0.424203
1.79064e+09,TM_9,0.56429
1.79064e+09,TM_7,0.488256
1.79064e+09,TM_6,0.385619
1.79064e+09,TM_5,0.555162
1.79064e+09,TM_8,0.445615
1.79064e+09,TM_2,0.479139
1.79064e+09,TM_7,0.421632
1.79064e+09,TM_5,0.437057
1.79064e+09,TM_5,0.325142
1.79064e+09,TM_6,0.243825
1.79064e+09,TM_7,0.42955
1.79064e+09,TM_1,0.552565
1.79064e+09,TM_4,0.348209
1.79064e+09,TM_1,0.361998
1.79064e+09,TM_2,0.519385
1.79064e+09,TM_4,0.630551
1.79064e+09,TM_4,0.282898
1.79064e+09,TM_6,0.453456
1.79064e+09,TM_9,0.48035
1.79064e+09,TM_8,0.368652
1.79064e+09,TM_2,0.51857
1.79064e+09,TM_1,0.436296
1.79064e+09,TM_3,0.533051
1.79064e+09,TM_3,0.409631
1.79064e+09,TM_8,0.471011
1.79064e+09,TM_9,0.584039
1.79064e+09,TM_3,0.380121
1.79064e+09,TM_9,0.667336
1.79064e+09,TM_7,0.419102
1.79064e+09,TM_6,0.365257
1.79064e+09,TM_5,0.531064
1.79064e+09,TM_8,0.543764
1.79064e+09,TM_2,0.480058
1.79064e+09,TM_7,0.395775
1.79064e+09,TM_5,0.453834
1.79064e+09,TM_5,0.391486
1.79064e+09,TM_6,0.282604
1.79064e+09,TM_7,0.355401
1.79064e+09,TM_1,0.305195
1.79064e+09,TM_4,0.35841
1.79064e+09,TM_1,0.368208
1.79064e+09,TM_2,0.399525
1.79064e+09,TM_4,0.49562
1.79064e+09,TM_4,0.259421
1.79064e+09,TM_6,0.439888
1.79064e+09,TM_9,0.50049
1.79064e+09,TM_8,0.378426
1.79064e+09,TM_2,0.531727
1.79064e+09,TM_1,0.461317
1.79064e+09,TM_3,0.528545
1.79064e+09,TM_3,0.324331
1.79064e+09,TM_8,0.386836
1.79064e+09,TM_9,0.479475
1.79064e+09,TM_3,0.328855
1.79064e+09,TM_9,0.519616
1.79064e+09,TM_7,0.40583
1.79064e+09,TM_6,0.313587
1.79064e+09,TM_5,0.547459
1.79064e+09,TM_8,0.444536
1.79064e+09,TM_2,0.441324
1.79064e+09,TM_7,0.372967
1.79064e+09,TM_5,0.36148
1.79064e+09,TM_5,0.432716
1.79064e+09,TM_6,0.385102
1.79064e+09,TM_7,0.573701
1.79064e+09,TM_1,0.566175
1.79064e+09,TM_4,0.300725
1.79064e+09,TM_1,0.256934
1.79064e+09,TM_2,0.42759
1.79064e+09,TM_4,0.4733
1.79064e+09,TM_4,0.289477
1.79064e+09,TM_6,0.37729
1.79064e+09,TM_9,0.536328
1.79064e+09,TM_8,0.330883
1.79064e+09,TM_2,0.613187
1.79064e+09,TM_1,0.435993
1.79064e+09,TM_3,0.507952
1.79064e+09,TM_3,0.420953
1.79064e+09,TM_8,0.372591
1.79064e+09,TM_9,0.635318
1.79064e+09,TM_3,0.543004
1.79064e+09,TM_9,0.584547
1.79064e+09,TM_7,0.377699
1.79064e+09,TM_6,0.333273
1.79064e+09,TM_5,0.514169
1.79064e+09,TM_8,0.430759
1.79064e+09,TM_2,0.449772
1.79064e+09,TM_7,0.372783
1.79064e+09,TM_5,0.331872
1.79064e+09,TM_5,0.345941
1.79064e+09,TM_6,0.329006
1.79064e+09,TM_7,0.395933
1.79064e+09,TM_1,0.390261
1.79064e+09,TM_4,0.357441
1.79064e+09,TM_1,0.373269
1.79064e+09,TM_2,0.45266
1.79064e+09,TM_4,0.568311
1.79064e+09,TM_4,0.334359
1.79064e+09,TM_6,0.47259
1.79064e+09,TM_9,0.686282
1.79064e+09,TM_8,0.3864
1.79064e+09,TM_2,0.617553
1.79064e+09,TM_1,0.595064
1.79064e+09,TM_3,0.667368
1.79064e+09,TM_3,0.399963
1.79064e+09,TM_8,0.581591
1.79064e+09,TM_9,0.518876
1.79064e+09,TM_3,0.361286
1.79064e+09,TM_9,0.643683
1.79064e+09,TM_7,0.347513
1.79064e+09,TM_6,0.33149
1.79064e+09,TM_5,0.53505
1.79064e+09,TM_8,0.423231
1.79064e+09,TM_2,0.525436
1.79064e+09,TM_7,0.415947
1.79064e+09,TM_5,0.398151
1.79064e+09,TM_5,0.407071
1.79064e+09,TM_6,0.272751
1.79064e+09,TM_7,0.375379
1.79064e+09,TM_1,0.412392
1.79064e+09,TM_4,0.377076
1.79064e+09,TM_1,0.400453
1.79064e+09,TM_2,0.387008
1.79064e+09,TM_4,0.446123
1.79064e+09,TM_4,0.313651
1.79064e+09,TM_6,0.452478
1.79064e+09,TM_9,0.425613
1.79064e+09,TM_8,0.357003
1.79064e+09,TM_2,0.58217
1.79064e+09,TM_1,0.39122
1.79064e+09,TM_3,0.439795
1.79064e+09,TM_3,0.324961
1.79064e+09,TM_8,0.36056
1.79064e+09,TM_9,0.599088
1.79064e+09,TM_3,0.404235
1.79064e+09,TM_9,0.543641
1.79064e+09,TM_7,0.397753
1.79064e+09,TM_6,0.335112
1.79064e+09,TM_5,0.531122
1.79064e+09,TM_8,0.372722
1.79064e+09,TM_2,0.395868
1.79064e+09,TM_7,0.368491
1.79064e+09,TM_5,0.344727
1.79064e+09,TM_5,0.339077
1.79064e+09,TM_6,0.320102
1.79064e+09,TM_7,0.544904
1.79064e+09,TM_1,0.548589
1.79064e+09,TM_4,0.297181
1.79064e+09,TM_1,0.371896
1.79064e+09,TM_2,0.270108
1.79064e+09,TM_4,0.383512
1.79064e+09,TM_4,0.24818
1.79064e+09,TM_6,0.340932
1.79064e+09,TM_9,0.411475
1.79064e+09,TM_8,0.330262
1.79064e+09,TM_2,0.58761
1.79064e+09,TM_1,0.400803
1.79064e+09,TM_3,0.480084
1.79064e+09,TM_3,0.455077
1.79064e+09,TM_8,0.442737
1.79064e+09,TM_9,0.564634
1.79064e+09,TM_3,0.39278
1.79064e+09,TM_9,0.646304
1.79064e+09,TM_7,0.368245
1.79064e+09,TM_6,0.447123
1.79064e+09,TM_5,0.489448
1.79064e+09,TM_8,0.491795
1.79064e+09,TM_2,0.431944
1.79064e+09,TM_7,0.419945
1.79064e+09,TM_5,0.316793
1.79064e+09,TM_5,0.39978
1.79064e+09,TM_6,0.422293
1.79064e+09,TM_7,0.555452
1.79064e+09,TM_1,0.627161
1.79064e+09,TM_4,0.317364
1.79064e+09,TM_1,0.313146
1.79064e+09,TM_2,0.42632
1.79064e+09,TM_4,0.50978
1.79064e+09,TM_4,0.334242
1.79064e+09,TM_6,0.411933
1.79064e+09,TM_9,0.43925
1.79064e+09,TM_8,0.409971
1.79064e+09,TM_2,0.516261
1.79064e+09,TM_1,0.33206
1.79064e+09,TM_3,0.353686
1.79064e+09,TM_3,0.410908
1.79064e+09,TM_8,0.504606
1.79064e+09,TM_9,0.624739
1.79064e+09,TM_3,0.52881
1.79064e+09,TM_9,0.665388
1.79064e+09,TM_7,0.471869
1.79064e+09,TM_6,0.476706
1.79064e+09,TM_5,0.53609
1.79064e+09,TM_8,0.45621
1.79064e+09,TM_2,0.432264
1.79064e+09,TM_7,0.350955
1.79064e+09,TM_5,0.377636
1.79064e+09,TM_5,0.33482
1.79064e+09,TM_6,0.464517
1.79064e+09,TM_7,0.433563
1.79064e+09,TM_1,0.395744
1.79064e+09,TM_4,0.341361
1.79064e+09,TM_1,0.3395
1.79064e+09,TM_2,0.376689
1.79064e+09,TM_4,0.435729
1.79064e+09,TM_4,0.346189
1.79064e+09,TM_6,0.375013
1.79064e+09,TM_9,0.592552
1.79064e+09,TM_8,0.462045
1.79064e+09,TM_2,0.465629
1.79064e+09,TM_1,0.365963
1.79064e+09,TM_3,0.393827
1.79064e+09,TM_3,0.289814
1.79064e+09,TM_8,0.512228
1.79064e+09,TM_9,0.523856
1.79064e+09,TM_3,0.547982
1.79064e+09,TM_9,0.574565
1.79064e+09,TM_7,0.400655
1.79064e+09,TM_6,0.369509
1.79064e+09,TM_5,0.60176
1.79064e+09,TM_8,0.503516
1.79064e+09,TM_2,0.480647
1.79064e+09,TM_7,0.372394
1.79064e+09,TM_5,0.374339
1.79064e+09,TM_5,0.376168
1.79064e+09,TM_6,0.411287
1.79064e+09,TM_7,0.452596
1.79064e+09,TM_1,0.424265
1.79064e+09,TM_4,0.419434
1.79064e+09,TM_1,0.552742
1.79064e+09,TM_2,0.361594
1.79064e+09,TM_4,0.420955
1.79064e+09,TM_4,0.303147
1.79064e+09,TM_6,0.324392
1.79064e+09,TM_9,0.433804
1.79064e+09,TM_8,0.315917
1.79064e+09,TM_2,0.524073
1.79064e+09,TM_1,0.327799
1.79064e+09,TM_3,0.357305
1.79064e+09,TM_3,0.285965
1.79064e+09,TM_8,0.457177
1.79064e+09,TM_9,0.437846
1.79064e+09,TM_3,0.417102
1.79064e+09,TM_9,0.544529
1.79064e+09,TM_7,0.351757
1.79064e+09,TM_6,0.401299
1.79064e+09,TM_5,0.604133
1.79064e+09,TM_8,0.393349
1.79064e+09,TM_2,0.530889
1.79064e+09,TM_7,0.353047
1.79064e+09,TM_5,0.347303
1.79064e+09,TM_5,0.376203
1.79064e+09,TM_6,0.371699
1.79064e+09,TM_7,0.413904
1.79064e+09,TM_1,0.443054
1.79064e+09,TM_4,0.323116
1.79064e+09,TM_1,0.371039
1.79064e+09,TM_2,0.37456
1.79064e+09,TM_4,0.387514
1.79064e+09,TM_4,0.319886
1.79064e+09,TM_6,0.343143
1.79064e+09,TM_9,0.48891
1.79064e+09,TM_8,0.370307
1.79064e+09,TM_2,0.476841
1.79064e+09,TM_1,0.33635
1.79064e+09,TM_3,0.37572
1.79064e+09,TM_3,0.369304
1.79064e+09,TM_8,0.462589
1.79064e+09,TM_9,0.512813
1.79064e+09,TM_3,0.407874
1.79064e+09,TM_9,0.646906
1.79064e+09,TM_7,0.430789
1.79064e+09,TM_6,0.369616
1.79064e+09,TM_5,0.534191
1.79064e+09,TM_8,0.430342
1.79064e+09,TM_2,0.501384
1.79064e+09,TM_7,0.521338
1.79064e+09,TM_5,0.459871
1.79064e+09,TM_5,0.370293
1.79064e+09,TM_6,0.311864
1.79064e+09,TM_1,0.4244
1.79064e+09,TM_7,0.541361
1.79064e+09,TM_4,0.356259
1.79064e+09,TM_1,0.511302
1.79064e+09,TM_2,0.432253
1.79064e+09,TM_4,0.496106
1.79064e+09,TM_4,0.241087
1.79064e+09,TM_6,0.471562
1.79064e+09,TM_9,0.499114
1.79064e+09,TM_8,0.348527
1.79064e+09,TM_2,0.527547
1.79064e+09,TM_1,0.476157
1.79064e+09,TM_3,0.503155
1.79064e+09,TM_3,0.356622
1.79064e+09,TM_8,0.601726
1.79064e+09,TM_9,0.57818
1.79064e+09,TM_3,0.499572
1.79064e+09,TM_9,0.724802
1.79064e+09,TM_7,0.521147
1.79064e+09,TM_6,0.409242
1.79064e+09,TM_5,0.461018
1.79064e+09,TM_8,0.526768
1.79064e+09,TM_2,0.440932
1.79064e+09,TM_5,0.383395
1.79064e+09,TM_7,0.64358
1.79064e+09,TM_5,0.340203
1.79064e+09,TM_6,0.324746
1.79064e+09,TM_1,0.47046
1.79064e+09,TM_7,0.550864
1.79064e+09,TM_4,0.318022
1.79064e+09,TM_1,0.363088
1.79064e+09,TM_2,0.38378
1.79064e+09,TM_4,0.402987
1.79064e+09,TM_4,0.274326
1.79064e+09,TM_6,0.394426
1.79064e+09,TM_9,0.494651
1.79064e+09,TM_8,0.373283
1.79064e+09,TM_2,0.547918
1.79064e+09,TM_1,0.44024
1.79064e+09,TM_3,0.50425
1.79064e+09,TM_3,0.338317
1.79064e+09,TM_8,0.477917
1.79064e+09,TM_9,0.508638
1.79064e+09,TM_3,0.406839
1.79064e+09,TM_9,0.590361
1.79064e+09,TM_7,0.371503
1.79064e+09,TM_6,0.336559
1.79064e+09,TM_5,0.520595
1.79064e+09,TM_8,0.423476
1.79064e+09,TM_2,0.443642
1.79064e+09,TM_7,0.580486
1.79064e+09,TM_5,0.46286
1.79064e+09,TM_5,0.371588
1.79064e+09,TM_6,0.398052
1.79064e+09,TM_7,0.513263
1.79064e+09,TM_1,0.53164
1.79064e+09,TM_4,0.275843
1.79064e+09,TM_1,0.2449
1.79064e+09,TM_2,0.367341
1.79064e+09,TM_4,0.372696
1.79064e+09,TM_4,0.281216
1.79064e+09,TM_6,0.408375
1.79064e+09,TM_9,0.546104
1.79064e+09,TM_8,0.367062
1.79064e+09,TM_2,0.489029
1.79064e+09,TM_1,0.441125
1.79064e+09,TM_3,0.473205
1.79064e+09,TM_3,0.367362
1.79064e+09,TM_8,0.470344
1.79064e+09,TM_9,0.53233
1.79064e+09,TM_3,0.398924
1.79064e+09,TM_9,0.575318
1.79064e+09,TM_7,0.472065
1.79064e+09,TM_6,0.419533
1.79064e+09,TM_5,0.455821
1.79064e+09,TM_8,0.468542
1.79064e+09,TM_2,0.504464
1.79064e+09,TM_7,0.47228
1.79064e+09,TM_5,0.405554
1.79064e+09,TM_5,0.395525
1.79064e+09,TM_6,0.431748
1.79064e+09,TM_7,0.50899
1.79064e+09,TM_1,0.596567
1.79064e+09,TM_4,0.405107
1.79064e+09,TM_1,0.433483
1.79064e+09,TM_2,0.358893
1.79064e+09,TM_4,0.377581
1.79064e+09,TM_4,0.296107
1.79064e+09,TM_6,0.409584
1.79064e+09,TM_9,0.354101
1.79064e+09,TM_8,0.406858
1.79064e+09,TM_2,0.528801
1.79064e+09,TM_1,0.42385
1.79064e+09,TM_3,0.448915
1.79064e+09,TM_3,0.367841
1.79064e+09,TM_8,0.530553
1.79064e+09,TM_9,0.542621
1.79064e+09,TM_3,0.358433
1.79064e+09,TM_9,0.564741
1.79064e+09,TM_7,0.46571
1.79064e+09,TM_6,0.364131
1.79064e+09,TM_5,0.439225
1.79064e+09,TM_8,0.434822
1.79064e+09,TM_2,0.498984
1.79064e+09,TM_7,0.515948
1.79064e+09,TM_5,0.418246
1.79064e+09,TM_5,0.279933
1.79064e+09,TM_6,0.31396
1.79064e+09,TM_7,0.556351
1.79064e+09,TM_1,0.503265
1.79064e+09,TM_4,0.299995
1.79064e+09,TM_1,0.320212
1.79064e+09,TM_2,0.357332
1.79064e+09,TM_4,0.355583
1.79064e+09,TM_4,0.262281
1.79064e+09,TM_6,0.406596
1.79064e+09,TM_9,0.434465
1.79064e+09,TM_8,0.34865
1.79064e+09,TM_2,0.510011
1.79064e+09,TM_1,0.589617
1.79064e+09,TM_3,0.47585
1.79064e+09,TM_3,0.386412
1.79064e+09,TM_8,0.510203
1.79064e+09,TM_9,0.493037
1.79064e+09,TM_3,0.345988
1.79064e+09,TM_9,0.54864
1.79064e+09,TM_7,0.493783
1.79064e+09,TM_6,0.395593
1.79064e+09,TM_5,0.506255
1.79064e+09,TM_8,0.40639
1.79064e+09,TM_2,0.410455
1.79064e+09,TM_7,0.499066
1.79064e+09,TM_5,0.526857
1.79064e+09,TM_5,0.331707
1.79064e+09,TM_6,0.351042
1.79064e+09,TM_7,0.408756
1.79064e+09,TM_1,0.363651
1.79064e+09,TM_4,0.306363
1.79064e+09,TM_1,0.330317
1.79064e+09,TM_2,0.371557
1.79064e+09,TM_4,0.373962
1.79064e+09,TM_4,0.270841
1.79064e+09,TM_6,0.340106
1.79064e+09,TM_9,0.467891
1.79064e+09,TM_8,0.310609
1.79064e+09,TM_2,0.558268
1.79064e+09,TM_1,0.602167
1.79064e+09,TM_3,0.702354
1.79064e+09,TM_3,0.310713
1.79064e+09,TM_8,0.445132
1.79064e+09,TM_9,0.500084
1.79064e+09,TM_3,0.395677
1.79064e+09,TM_9,0.637463
1.79064e+09,TM_7,0.444777
1.79064e+09,TM_6,0.399437
1.79064e+09,TM_5,0.453674
1.79064e+09,TM_8,0.553246
1.79064e+09,TM_2,0.45485
1.79064e+09,TM_7,0.485873
1.79064e+09,TM_5,0.51377
1.79064e+09,TM_5,0.387853
1.79064e+09,TM_6,0.305871
1.79064e+09,TM_1,0.493143
1.79064e+09,TM_7,0.532989
1.79064e+09,TM_4,0.287405
1.79064e+09,TM_1,0.351067
1.79064e+09,TM_2,0.351066
1.79064e+09,TM_4,0.346034
1.79064e+09,TM_4,0.285868
1.79064e+09,TM_6,0.332109
1.79064e+09,TM_9,0.453533
1.79064e+09,TM_8,0.386135
1.79064e+09,TM_2,0.488819
1.79064e+09,TM_1,0.470309
1.79064e+09,TM_3,0.597482
1.79064e+09,TM_3,0.413493
1.79064e+09,TM_8,0.480137
1.79064e+09,TM_9,0.531478
1.79064e+09,TM_3,0.471401
1.79064e+09,TM_9,0.640581
1.79064e+09,TM_7,0.836301
1.79064e+09,TM_6,0.340201
1.79064e+09,TM_5,0.518879
1.79064e+09,TM_8,0.48762
1.79064e+09,TM_2,0.519397
1.79064e+09,TM_7,0.443151
1.79064e+09,TM_5,0.538567
1.79064e+09,TM_5,0.340352
1.79064e+09,TM_6,0.274157
1.79064e+09,TM_7,0.513706
1.79064e+09,TM_1,0.448384
1.79064e+09,TM_4,0.302566
1.79064e+09,TM_1,0.292596
1.79064e+09,TM_2,0.373818
1.79064e+09,TM_4,0.370903
1.79064e+09,TM_4,0.299642
1.79064e+09,TM_6,0.362842
1.79064e+09,TM_9,0.399032
1.79064e+09,TM_8,0.330823
1.79064e+09,TM_2,0.512912
1.79064e+09,TM_1,0.407941
1.79064e+09,TM_3,0.44136
1.79064e+09,TM_3,0.331343
1.79064e+09,TM_8,0.44383
1.79064e+09,TM_9,0.545693
1.79064e+09,TM_3,0.425478
1.79064e+09,TM_9,0.549297
1.79064e+09,TM_7,0.429819
1.79064e+09,TM_6,0.401001
1.79064e+09,TM_5,0.499871
1.79064e+09,TM_8,0.479598
1.79064e+09,TM_2,0.374513
1.79064e+09,TM_7,0.599056
1.79064e+09,TM_5,0.603108
1.79064e+09,TM_5,0.309287
1.79064e+09,TM_6,0.386648
1.79064e+09,TM_7,0.438892
1.79064e+09,TM_1,0.491882
1.79064e+09,TM_4,0.387039
1.79064e+09,TM_1,0.459163
1.79064e+09,TM_2,0.368479
1.79064e+09,TM_4,0.338371
1.79064e+09,TM_4,0.286022
1.79064e+09,TM_6,0.405643
1.79064e+09,TM_9,0.474885
1.79064e+09,TM_8,0.40857
1.79064e+09,TM_2,0.546275
1.79064e+09,TM_1,0.398386
1.79064e+09,TM_3,0.46877
1.79064e+09,TM_3,0.324469
1.79064e+09,TM_8,0.454889
1.79064e+09,TM_9,0.542109
1.79064e+09,TM_3,0.279042
1.79064e+09,TM_9,0.543861
1.79064e+09,TM_7,0.518903
1.79064e+09,TM_6,0.40465
1.79064e+09,TM_5,0.525781
1.79064e+09,TM_8,0.464754
1.79064e+09,TM_2,0.467034
1.79064e+09,TM_7,0.5056
1.79064e+09,TM_5,0.551654
1.79064e+09,TM_5,0.311396
1.79064e+09,TM_6,0.341544
1.79064e+09,TM_7,0.41047
1.79064e+09,TM_1,0.463566
1.79064e+09,TM_4,0.411941
1.79064e+09,TM_1,0.552354
1.79064e+09,TM_2,0.390721
1.79064e+09,TM_4,0.366103
1.79064e+09,TM_4,0.314617
1.79064e+09,TM_6,0.406095
1.79064e+09,TM_9,0.608177
1.79064e+09,TM_8,0.360031
1.79064e+09,TM_2,0.469839
1.79064e+09,TM_1,0.440117
1.79064e+09,TM_3,0.535144
1.79064e+09,TM_3,0.315322
1.79064e+09,TM_8,0.490984
1.79064e+09,TM_9,0.546135
1.79064e+09,TM_3,0.433106
1.79064e+09,TM_9,0.594248
1.79064e+09,TM_7,0.486542
1.79064e+09,TM_6,0.378459
1.79064e+09,TM_5,0.479129
1.79064e+09,TM_8,0.44562
1.79064e+09,TM_2,0.439826
1.79064e+09,TM_7,0.533736
1.79064e+09,TM_5,0.606565
1.79064e+09,TM_5,0.394677
1.79064e+09,TM_6,0.345519
1.79064e+09,TM_7,0.550646
1.79064e+09,TM_1,0.721679
1.79064e+09,TM_4,0.339247
1.79064e+09,TM_1,0.462319
1.79064e+09,TM_2,0.4351
1.79064e+09,TM_4,0.38824
1.79064e+09,TM_4,0.25068
1.79064e+09,TM_6,0.382591
1.79064e+09,TM_9,0.441056
1.79064e+09,TM_8,0.346948
1.79064e+09,TM_2,0.500835
1.79064e+09,TM_1,0.470051
1.79064e+09,TM_3,0.560101
1.79064e+09,TM_3,0.391364
1.79064e+09,TM_8,0.587541
1.79064e+09,TM_9,0.563491
1.79064e+09,TM_3,0.484035
1.79064e+09,TM_9,0.615698
1.79064e+09,TM_7,0.47914
1.79064e+09,TM_6,0.365589
1.79064e+09,TM_5,0.528079
1.79064e+09,TM_8,0.460083
1.79064e+09,TM_2,0.421531
1.79064e+09,TM_7,0.629909
1.79064e+09,TM_5,0.656259
1.79064e+09,TM_5,0.321373
1.79064e+09,TM_6,0.31289
1.79064e+09,TM_1,0.358674
1.79064e+09,TM_7,0.733877
1.79064e+09,TM_4,0.415143
1.79064e+09,TM_1,0.4711
1.79064e+09,TM_2,0.305646
1.79064e+09,TM_4,0.282164
1.79064e+09,TM_4,0.378813
1.79064e+09,TM_6,0.429065
1.79064e+09,TM_9,0.516037
1.79064e+09,TM_8,0.394933
1.79064e+09,TM_2,0.480413
1.79064e+09,TM_3,0.377114
1.79064e+09,TM_1,0.420986
1.79064e+09,TM_3,0.332579
1.79064e+09,TM_8,0.599053
1.79064e+09,TM_9,0.523091
1.79064e+09,TM_3,0.447248
1.79064e+09,TM_9,0.631861
1.79064e+09,TM_7,0.47118
1.79064e+09,TM_6,0.372756
1.79064e+09,TM_5,0.466989
1.79064e+09,TM_8,0.485783
1.79064e+09,TM_2,0.387504
1.79064e+09,TM_7,0.35158
1.79064e+09,TM_5,0.271902
1.79064e+09,TM_5,0.374541
1.79064e+09,TM_6,0.312769
1.79064e+09,TM_7,0.367026
1.79064e+09,TM_1,0.398236
1.79064e+09,TM_4,0.36435
1.79064e+09,TM_1,0.397769
1.79064e+09,TM_2,0.346054
1.79064e+09,TM_4,0.298923
1.79064e+09,TM_4,0.314116
1.79064e+09,TM_6,0.422476
1.79064e+09,TM_9,0.584057
1.79064e+09,TM_8,0.340205
1.79064e+09,TM_2,0.463794
1.79064e+09,TM_1,0.46056
1.79064e+09,TM_3,0.545193
1.79064e+09,TM_3,0.254886
1.79064e+09,TM_8,0.471259
1.79064e+09,TM_9,0.541484
1.79064e+09,TM_3,0.439877
1.79064e+09,TM_9,0.566097
1.79064e+09,TM_7,0.331209
1.79064e+09,TM_6,0.385272
1.79064e+09,TM_5,0.540912
1.79064e+09,TM_8,0.479437
1.79064e+09,TM_2,0.512698
1.79064e+09,TM_7,0.34488
1.79064e+09,TM_5,0.272495
1.79064e+09,TM_5,0.364231
1.79064e+09,TM_6,0.381651
1.79064e+09,TM_7,0.470563
1.79064e+09,TM_1,0.373101
1.79064e+09,TM_4,0.4515
1.79064e+09,TM_1,0.524114
1.79064e+09,TM_2,0.384261
1.79064e+09,TM_4,0.316508
1.79064e+09,TM_4,0.356345
1.79064e+09,TM_6,0.433679
1.79064e+09,TM_9,0.412406
1.79064e+09,TM_8,0.455611
1.79064e+09,TM_2,0.542811
1.79064e+09,TM_1,0.442713
1.79064e+09,TM_3,0.56184
1.79064e+09,TM_3,0.35811
1.79064e+09,TM_8,0.466236
1.79064e+09,TM_9,0.497409
1.79064e+09,TM_3,0.346383
1.79064e+09,TM_9,0.520231
1.79064e+09,TM_7,0.458029
1.79064e+09,TM_6,0.473861
1.79064e+09,TM_5,0.427146
1.79064e+09,TM_8,0.49282
1.79064e+09,TM_2,0.383878
1.79064e+09,TM_7,0.481502
1.79064e+09,TM_5,0.425511
1.79064e+09,TM_5,0.308071
1.79064e+09,TM_6,0.312032
1.79064e+09,TM_7,0.332952
1.79064e+09,TM_1,0.365676
1.79064e+09,TM_4,0.336813
1.79064e+09,TM_1,0.414888
1.79064e+09,TM_2,0.349455
1.79064e+09,TM_4,0.279196
1.79064e+09,TM_4,0.311988
1.79064e+09,TM_6,0.459837
1.79064e+09,TM_9,0.442486
1.79064e+09,TM_8,0.407945
1.79064e+09,TM_2,0.431393
1.79064e+09,TM_1,0.356219
1.79064e+09,TM_3,0.424437
1.79064e+09,TM_3,0.366617
1.79064e+09,TM_8,0.449545
1.79064e+09,TM_9,0.511629
1.79064e+09,TM_3,0.318967
1.79064e+09,TM_9,0.51625
1.79064e+09,TM_7,0.339274
1.79064e+09,TM_6,0.387344
1.79064e+09,TM_5,0.540498
1.79064e+09,TM_8,0.432133
1.79064e+09,TM_2,0.408299
1.79064e+09,TM_7,0.472683
1.79064e+09,TM_5,0.412731
1.79064e+09,TM_5,0.303329
1.79064e+09,TM_6,0.335765
1.79064e+09,TM_7,0.348598
1.79064e+09,TM_1,0.320252
1.79064e+09,TM_4,0.438919
1.79064e+09,TM_1,0.510121
1.79064e+09,TM_2,0.415546
1.79064e+09,TM_4,0.381026
1.79064e+09,TM_4,0.328869
1.79064e+09,TM_6,0.329009
1.79064e+09,TM_9,0.447237
1.79064e+09,TM_8,0.434763
1.79064e+09,TM_2,0.433647
1.79064e+09,TM_3,0.398148
1.79064e+09,TM_1,0.564188
1.79064e+09,TM_3,0.378619
1.79064e+09,TM_8,0.460814
1.79064e+09,TM_9,0.469922
1.79064e+09,TM_3,0.435389
1.79064e+09,TM_9,0.52524
1.79064e+09,TM_7,0.334993
1.79064e+09,TM_6,0.541842
1.79064e+09,TM_5,0.475185
1.79064e+09,TM_8,0.45189
1.79064e+09,TM_2,0.409904
1.79064e+09,TM_7,0.371859
1.79064e+09,TM_5,0.290801
1.79064e+09,TM_5,0.313913
1.79064e+09,TM_6,0.353651
1.79064e+09,TM_7,0.349792
1.79064e+09,TM_1,0.300355
1.79064e+09,TM_4,0.459527
1.79064e+09,TM_1,0.517463
1.79064e+09,TM_2,0.423756
1.79064e+09,TM_4,0.346069
1.79064e+09,TM_4,0.322686
1.79064e+09,TM_6,0.380564
1.79064e+09,TM_9,0.397944
1.79064e+09,TM_8,0.338254
1.79064e+09,TM_2,0.491821
1.79064e+09,TM_1,0.39268
1.79064e+09,TM_3,0.461114
1.79064e+09,TM_3,0.385995
1.79064e+09,TM_8,0.487333
1.79064e+09,TM_9,0.52347
1.79064e+09,TM_3,0.519719
1.79064e+09,TM_9,0.552594
1.79064e+09,TM_7,0.360046
1.79064e+09,TM_6,0.328221
1.79064e+09,TM_5,0.470314
1.79064e+09,TM_8,0.444057
1.79064e+09,TM_2,0.388153
1.79064e+09,TM_7,0.376421
1.79064e+09,TM_5,0.39904
1.79064e+09,TM_5,0.31438
1.79064e+09,TM_6,0.363012
1.79064e+09,TM_7,0.443808
1.79064e+09,TM_1,0.435023
1.79064e+09,TM_4,0.426846
1.79064e+09,TM_1,0.499085
1.79064e+09,TM_2,0.441814
1.79064e+09,TM_4,0.388764
1.79064e+09,TM_4,0.464405
1.79064e+09,TM_6,0.40119
1.79064e+09,TM_9,0.445543
1.79064e+09,TM_8,0.368583
1.79064e+09,TM_2,0.515454
1.79064e+09,TM_1,0.408518
1.79064e+09,TM_3,0.468107
1.79064e+09,TM_3,0.307945
1.79064e+09,TM_8,0.434997
1.79064e+09,TM_9,0.510665
1.79064e+09,TM_3,0.351331
1.79064e+09,TM_9,0.470032
1.79064e+09,TM_7,0.330459
1.79064e+09,TM_6,0.340105
1.79064e+09,TM_5,0.596452
1.79064e+09,TM_8,0.473106
1.79064e+09,TM_2,0.402673
1.79064e+09,TM_7,0.501226
1.79064e+09,TM_5,0.50306
1.79064e+09,TM_5,0.306649
1.79064e+09,TM_6,0.319857
1.79064e+09,TM_7,0.308827
1.79064e+09,TM_1,0.274942
1.79064e+09,TM_4,0.363541
1.79064e+09,TM_1,0.4427
1.79064e+09,TM_2,0.304666
1.79064e+09,TM_4,0.366252
1.79064e+09,TM_4,0.291767
1.79064e+09,TM_6,0.298809
1.79064e+09,TM_9,0.59006
1.79064e+09,TM_8,0.327779
1.79064e+09,TM_2,0.490112
1.79064e+09,TM_3,0.422428
1.79064e+09,TM_1,0.572194
1.79064e+09,TM_3,0.300173
1.79064e+09,TM_8,0.408209
1.79064e+09,TM_9,0.504088
1.79064e+09,TM_3,0.390501
1.79064e+09,TM_9,0.602425
1.79064e+09,TM_7,0.614191
1.79064e+09,TM_6,0.362557
1.79064e+09,TM_5,0.456004
1.79064e+09,TM_8,0.491726
1.79064e+09,TM_2,0.406674
1.79064e+09,TM_7,0.462123
1.79064e+09,TM_5,0.500094
1.79064e+09,TM_5,0.362567
1.79064e+09,TM_6,0.331179
1.79064e+09,TM_7,0.342737
1.79064e+09,TM_1,0.265169
1.79064e+09,TM_4,0.502828
1.79064e+09,TM_1,0.577825
1.79064e+09,TM_2,0.440032
1.79064e+09,TM_4,0.397633
1.79064e+09,TM_4,0.393002
1.79064e+09,TM_6,0.38919
1.79064e+09,TM_9,0.432173
1.79064e+09,TM_8,0.298424
1.79064e+09,TM_2,0.531884
1.79064e+09,TM_1,0.424359
1.79064e+09,TM_3,0.484262
1.79064e+09,TM_3,0.355543
1.79064e+09,TM_8,0.519502
1.79064e+09,TM_9,0.578764
1.79064e+09,TM_3,0.390585
1.79064e+09,TM_9,0.501637
1.79064e+09,TM_7,0.431766
1.79064e+09,TM_6,0.571418
1.79064e+09,TM_5,0.663262
1.79064e+09,TM_8,0.491372
1.79064e+09,TM_2,0.498044
1.79064e+09,TM_7,0.633162
1.79064e+09,TM_5,0.578413
1.79064e+09,TM_5,0.35891
1.79064e+09,TM_6,0.397593
1.79064e+09,TM_7,0.418495
1.79064e+09,TM_1,0.321316
1.79064e+09,TM_4,0.333604
1.79064e+09,TM_1,0.437793
1.79064e+09,TM_2,0.442328
1.79064e+09,TM_4,0.365151
1.79064e+09,TM_4,0.304846
1.79064e+09,TM_6,0.340559
1.79064e+09,TM_9,0.489294
1.79064e+09,TM_8,0.361524
1.79064e+09,TM_2,0.588714
1.79064e+09,TM_3,0.428344
1.79064e+09,TM_1,0.57838
1.79064e+09,TM_3,0.432846
1.79064e+09,TM_8,0.516009
1.79064e+09,TM_9,0.556908
1.79064e+09,TM_3,0.508055
1.79064e+09,TM_9,0.535894
1.79064e+09,TM_7,0.448227
1.79064e+09,TM_6,0.483648
1.79064e+09,TM_5,0.600564
1.79064e+09,TM_8,0.42605
1.79064e+09,TM_2,0.43075
1.79064e+09,TM_7,0.618068
1.79064e+09,TM_5,0.617906
1.79064e+09,TM_5,0.444531
1.79064e+09,TM_6,0.357911
1.79064e+09,TM_7,0.393008
1.79064e+09,TM_1,0.317484
1.79064e+09,TM_4,0.392548
1.79064e+09,TM_1,0.490568
1.79064e+09,TM_2,0.412828
1.79064e+09,TM_4,0.342277
1.79064e+09,TM_4,0.30627
1.79064e+09,TM_6,0.358748
1.79064e+09,TM_9,0.585589
1.79064e+09,TM_8,0.390883
1.79064e+09,TM_2,0.531549
1.79064e+09,TM_3,0.395578
1.79064e+09,TM_1,0.582472
1.79064e+09,TM_3,0.305737
1.79064e+09,TM_8,0.454637
1.79064e+09,TM_9,0.565143
1.79064e+09,TM_3,0.37576
1.79064e+09,TM_9,0.493786
1.79064e+09,TM_7,0.493339
1.79064e+09,TM_6,0.473992
1.79064e+09,TM_5,0.550591
1.79064e+09,TM_8,0.562615
1.79064e+09,TM_2,0.448032
1.79064e+09,TM_7,0.527083
1.79064e+09,TM_5,0.601821
1.79064e+09,TM_5,0.363158
1.79064e+09,TM_6,0.326401
1.79064e+09,TM_7,0.386267
1.79064e+09,TM_1,0.323199
1.79064e+09,TM_4,0.465687
1.79064e+09,TM_1,0.425269
1.79064e+09,TM_2,0.319917
1.79064e+09,TM_4,0.240987
1.79064e+09,TM_4,0.32783
1.79064e+09,TM_6,0.379966
1.79064e+09,TM_9,0.41128
1.79064e+09,TM_8,0.396644
1.79064e+09,TM_2,0.530678
1.79064e+09,TM_3,0.367716
1.79064e+09,TM_1,0.426929
1.79064e+09,TM_3,0.310814
1.79064e+09,TM_8,0.457164
1.79064e+09,TM_9,0.627205
1.79064e+09,TM_3,0.36937
1.79064e+09,TM_9,0.52357
1.79064e+09,TM_7,0.400336
1.79064e+09,TM_6,0.278973
1.79064e+09,TM_5,0.619425
1.79064e+09,TM_8,0.560914
1.79064e+09,TM_2,0.470806
1.79064e+09,TM_7,0.446907
1.79064e+09,TM_5,0.446046
1.79064e+09,TM_5,0.450586
1.79064e+09,TM_6,0.349887
1.79064e+09,TM_7,0.334662
1.79064e+09,TM_1,0.298541
1.79064e+09,TM_4,0.477618
1.79064e+09,TM_1,0.557542
1.79064e+09,TM_2,0.401838
1.79064e+09,TM_4,0.295149
1.79064e+09,TM_4,0.291721
1.79064e+09,TM_6,0.361773
1.79064e+09,TM_9,0.458364
1.79064e+09,TM_8,0.40494
1.79064e+09,TM_2,0.505024
1.79064e+09,TM_3,0.36061
1.79064e+09,TM_1,0.449162
1.79064e+09,TM_3,0.404531
1.79064e+09,TM_8,0.474815
1.79064e+09,TM_9,0.603853
1.79064e+09,TM_3,0.37032
1.79064e+09,TM_9,0.455828
1.79064e+09,TM_7,0.586717
1.79064e+09,TM_6,0.416337
1.79064e+09,TM_5,0.562997
1.79064e+09,TM_8,0.431711
1.79064e+09,TM_2,0.372319
1.79064e+09,TM_7,0.366141
1.79064e+09,TM_5,0.403647
1.79064e+09,TM_5,0.410811
1.79064e+09,TM_6,0.372335
1.79064e+09,TM_7,0.39734
1.79064e+09,TM_1,0.342945
1.79064e+09,TM_4,0.372498
1.79064e+09,TM_1,0.448989
1.79064e+09,TM_2,0.37071
1.79064e+09,TM_4,0.269486
1.79064e+09,TM_4,0.26619
1.79064e+09,TM_6,0.376157
1.79064e+09,TM_9,0.461074
1.79064e+09,TM_8,0.406021
1.79064e+09,TM_2,0.578335
1.79064e+09,TM_3,0.38515
1.79064e+09,TM_1,0.492391
1.79064e+09,TM_3,0.279746
1.79064e+09,TM_8,0.4788
1.79064e+09,TM_9,0.543167
1.79064e+09,TM_3,0.373913
1.79064e+09,TM_9,0.498053
1.79064e+09,TM_7,0.51895
1.79064e+09,TM_6,0.409369
1.79064e+09,TM_5,0.560203
1.79064e+09,TM_8,0.411244
1.79064e+09,TM_2,0.482452
1.79064e+09,TM_7,0.433075
1.79064e+09,TM_5,0.722063
1.79064e+09,TM_5,0.407342
1.79064e+09,TM_6,0.352182
1.79064e+09,TM_7,0.369582
1.79064e+09,TM_1,0.33799
1.79064e+09,TM_4,0.428893
1.79064e+09,TM_1,0.524149
1.79064e+09,TM_2,0.400185
1.79064e+09,TM_4,0.356901
1.79064e+09,TM_4,0.274456
1.79064e+09,TM_6,0.474164
1.79064e+09,TM_9,0.506369
1.79064e+09,TM_8,0.402918
1.79064e+09,TM_2,0.652473
1.79064e+09,TM_3,0.35242
1.79064e+09,TM_1,0.409942
1.79064e+09,TM_3,0.434555
1.79064e+09,TM_8,0.510853
1.79064e+09,TM_9,0.561179
1.79064e+09,TM_3,0.380258
1.79064e+09,TM_9,0.499895
1.79064e+09,TM_7,0.367444
1.79064e+09,TM_6,0.387381
1.79064e+09,TM_5,0.596004
1.79064e+09,TM_8,0.576421
1.79064e+09,TM_2,0.47136
1.79064e+09,TM_7,0.571153
1.79064e+09,TM_5,0.634885
1.79064e+09,TM_5,0.379943
1.79064e+09,TM_6,0.360892
1.79064e+09,TM_7,0.54722
1.79064e+09,TM_1,0.588135
1.79064e+09,TM_4,0.414347
1.79064e+09,TM_1,0.412218
1.79064e+09,TM_2,0.336822
1.79064e+09,TM_4,0.217713
1.79064e+09,TM_4,0.263256
1.79064e+09,TM_6,0.350513
1.79064e+09,TM_9,0.492946
1.79064e+09,TM_8,0.372124
1.79064e+09,TM_2,0.490467
1.79064e+09,TM_3,0.340132
1.79064e+09,TM_1,0.440173
1.79064e+09,TM_3,0.353838
1.79064e+09,TM_8,0.460114
1.79064e+09,TM_9,0.567325
1.79064e+09,TM_3,0.430321
1.79064e+09,TM_9,0.54291
1.79064e+09,TM_7,0.361314
1.79064e+09,TM_6,0.480458
1.79064e+09,TM_5,0.56498
1.79064e+09,TM_8,0.466479
1.79064e+09,TM_2,0.400737
1.79064e+09,TM_7,0.403521
1.79064e+09,TM_5,0.464529
1.79064e+09,TM_5,0.350759
1.79064e+09,TM_6,0.313939
1.79064e+09,TM_7,0.426813
1.79064e+09,TM_1,0.417723
1.79064e+09,TM_4,0.399384
1.79064e+09,TM_1,0.47434
1.79064e+09,TM_2,0.367114
1.79064e+09,TM_4,0.30737
1.79064e+09,TM_4,0.300432
1.79064e+09,TM_6,0.368345
1.79064e+09,TM_9,0.494317
1.79064e+09,TM_8,0.389897
1.79064e+09,TM_2,0.551111
1.79064e+09,TM_1,0.414509
1.79064e+09,TM_3,0.540085
1.79064e+09,TM_3,0.42538
1.79064e+09,TM_8,0.56657
1.79064e+09,TM_9,0.67293
1.79064e+09,TM_3,0.432368
1.79064e+09,TM_9,0.547531
1.79064e+09,TM_7,0.468673
1.79064e+09,TM_6,0.339301
1.79064e+09,TM_5,0.567257
1.79064e+09,TM_8,0.490313
1.79064e+09,TM_2,0.429754
1.79064e+09,TM_5,0.604401
1.79064e+09,TM_7,0.760558
1.79064e+09,TM_5,0.433587
1.79064e+09,TM_6,0.351129
1.79064e+09,TM_7,0.437976
1.79064e+09,TM_1,0.428517
1.79064e+09,TM_1,0.331904
1.79064e+09,TM_4,0.454755
1.79064e+09,TM_2,0.381455
1.79064e+09,TM_4,0.256344
1.79064e+09,TM_4,0.26424
1.79064e+09,TM_6,0.310128
1.79064e+09,TM_9,0.479516
1.79064e+09,TM_8,0.352554
1.79064e+09,TM_2,0.512345
1.79064e+09,TM_3,0.41544
1.79064e+09,TM_1,0.548686
1.79064e+09,TM_3,0.303703
1.79064e+09,TM_8,0.404318
1.79064e+09,TM_9,0.665608
1.79064e+09,TM_3,0.37381
1.79064e+09,TM_9,0.491789
1.79064e+09,TM_7,0.497459
1.79064e+09,TM_6,0.381474
1.79064e+09,TM_5,0.553867
1.79064e+09,TM_8,0.468015
1.79064e+09,TM_2,0.409616
1.79064e+09,TM_7,0.613425
1.79064e+09,TM_5,0.710131
1.79064e+09,TM_5,0.384231
1.79064e+09,TM_6,0.335335
1.79064e+09,TM_7,0.422049
1.79064e+09,TM_1,0.413178
1.79064e+09,TM_1,0.310188
1.79064e+09,TM_4,0.43279
1.79064e+09,TM_2,0.390401
1.79064e+09,TM_4,0.26
1.79064e+09,TM_4,0.292464
1.79064e+09,TM_6,0.257076
1.79064e+09,TM_9,0.462808
1.79064e+09,TM_8,0.361199
1.79064e+09,TM_2,0.481028
1.79064e+09,TM_1,0.250978
1.79064e+09,TM_3,0.351988
1.79064e+09,TM_3,0.281114
1.79064e+09,TM_8,0.50426
1.79064e+09,TM_9,0.64016
1.79064e+09,TM_3,0.408446
1.79064e+09,TM_9,0.494954
1.79064e+09,TM_7,0.354106
1.79064e+09,TM_6,0.331815
1.79064e+09,TM_5,0.615898
1.79064e+09,TM_8,0.459545
1.79064e+09,TM_2,0.440521
1.79064e+09,TM_7,0.503615
1.79064e+09,TM_5,0.64921
1.79064e+09,TM_5,0.322419
1.79064e+09,TM_6,0.292493
1.79064e+09,TM_7,0.457327
1.79064e+09,TM_1,0.423397
1.79064e+09,TM_1,0.355825
1.79064e+09,TM_4,0.484339
1.79064e+09,TM_2,0.338981
1.79064e+09,TM_4,0.353072
1.79064e+09,TM_4,0.267287
1.79064e+09,TM_6,0.4409
1.79064e+09,TM_9,0.500875
1.79064e+09,TM_8,0.388787
1.79064e+09,TM_2,0.533308
1.79064e+09,TM_1,0.352436
1.79064e+09,TM_3,0.445523
1.79064e+09,TM_3,0.409312
1.79064e+09,TM_8,0.609945
1.79064e+09,TM_9,0.703255
1.79064e+09,TM_3,0.420784
1.79064e+09,TM_9,0.577569
1.79064e+09,TM_7,0.491772
1.79064e+09,TM_6,0.393127
1.79064e+09,TM_5,0.536454
1.79064e+09,TM_8,0.493351
1.79064e+09,TM_2,0.488783
1.79064e+09,TM_5,0.522015
1.79064e+09,TM_7,0.650952
1.79064e+09,TM_5,0.313416
1.79064e+09,TM_6,0.307428
1.79064e+09,TM_7,0.464712
1.79064e+09,TM_1,0.470546
1.79064e+09,TM_4,0.382796
1.79064e+09,TM_1,0.469613
1.79064e+09,TM_2,0.403075
1.79064e+09,TM_4,0.303714
1.79064e+09,TM_4,0.263166
1.79064e+09,TM_6,0.341134
1.79064e+09,TM_9,0.482536
1.79064e+09,TM_8,0.449341
1.79064e+09,TM_2,0.558141
1.79064e+09,TM_1,0.323322
1.79064e+09,TM_3,0.454887
1.79064e+09,TM_3,0.321689
1.79064e+09,TM_8,0.511512
1.79064e+09,TM_9,0.579765
1.79064e+09,TM_3,0.481956
1.79064e+09,TM_9,0.493442
1.79064e+09,TM_7,0.353871
1.79064e+09,TM_6,0.3465
1.79064e+09,TM_5,0.465771
1.79064e+09,TM_8,0.559697
1.79064e+09,TM_2,0.400407
1.79064e+09,TM_7,0.419375
1.79064e+09,TM_5,0.569526
1.79064e+09,TM_5,0.309667
1.79064e+09,TM_6,0.337355
1.79064e+09,TM_7,0.434193
1.79064e+09,TM_1,0.382081
1.79064e+09,TM_4,0.451107
1.79064e+09,TM_1,0.544382
1.79064e+09,TM_2,0.331732
1.79064e+09,TM_4,0.347947
1.79064e+09,TM_4,0.271779
1.79064e+09,TM_6,0.288411
1.79064e+09,TM_9,0.485313
1.79064e+09,TM_8,0.368306
1.79064e+09,TM_2,0.560332
1.79064e+09,TM_3,0.32824
1.79064e+09,TM_1,0.455484
1.79064e+09,TM_3,0.312117
1.79064e+09,TM_8,0.420207
1.79064e+09,TM_9,0.718291
1.79064e+09,TM_3,0.436379
1.79064e+09,TM_9,0.521641
1.79064e+09,TM_7,0.367964
1.79064e+09,TM_6,0.388535
1.79064e+09,TM_5,0.482197
1.79064e+09,TM_8,0.435908
1.79064e+09,TM_2,0.471065
1.79064e+09,TM_7,0.428807
1.79064e+09,TM_5,0.624556
1.79064e+09,TM_5,0.348126
1.79064e+09,TM_6,0.299377
1.79064e+09,TM_7,0.459111
1.79064e+09,TM_1,0.398111
1.79064e+09,TM_4,0.407839
1.79064e+09,TM_1,0.42673
1.79064e+09,TM_2,0.317981
1.79064e+09,TM_4,0.266306
1.79064e+09,TM_4,0.371504
1.79064e+09,TM_6,0.395354
1.79064e+09,TM_9,0.478252
1.79064e+09,TM_8,0.437155
1.79064e+09,TM_2,0.541683
1.79064e+09,TM_3,0.329914
1.79064e+09,TM_1,0.455869
1.79064e+09,TM_3,0.440017
1.79064e+09,TM_8,0.510577
1.79064e+09,TM_9,0.587585
1.79064e+09,TM_3,0.398964
1.79064e+09,TM_9,0.63918
1.79064e+09,TM_7,0.519875
1.79064e+09,TM_6,0.394172
1.79064e+09,TM_5,0.49062
1.79064e+09,TM_8,0.471598
1.79064e+09,TM_2,0.373617
1.79064e+09,TM_7,0.394997
1.79064e+09,TM_5,0.53216
1.79064e+09,TM_5,0.307196
1.79064e+09,TM_6,0.324781
1.79064e+09,TM_7,0.381173
1.79064e+09,TM_1,0.31441
1.79064e+09,TM_4,0.409663
1.79064e+09,TM_1,0.440057
1.79064e+09,TM_2,0.324457
1.79064e+09,TM_4,0.325954
1.79064e+09,TM_4,0.237981
1.79064e+09,TM_6,0.337888
1.79064e+09,TM_9,0.467248
1.79064e+09,TM_8,0.338667
1.79064e+09,TM_2,0.53695
1.79064e+09,TM_1,0.335529
1.79064e+09,TM_3,0.450018
1.79064e+09,TM_3,0.309681
1.79064e+09,TM_8,0.495328
1.79064e+09,TM_9,0.651476
1.79064e+09,TM_3,0.421136
1.79064e+09,TM_9,0.549299
1.79064e+09,TM_7,0.469637
1.79064e+09,TM_6,0.415327
1.79064e+09,TM_5,0.499358
1.79064e+09,TM_8,0.45917
1.79064e+09,TM_2,0.369461
1.79064e+09,TM_5,0.318596
1.79064e+09,TM_7,0.471908
1.79064e+09,TM_5,0.316523
1.79064e+09,TM_6,0.347215
1.79064e+09,TM_7,0.378794
1.79064e+09,TM_1,0.371516
1.79064e+09,TM_4,0.328372
1.79064e+09,TM_1,0.364385
1.79064e+09,TM_2,0.302536
1.79064e+09,TM_4,0.318101
1.79064e+09,TM_4,0.248145
1.79064e+09,TM_6,0.31777
1.79064e+09,TM_9,0.537247
1.79064e+09,TM_8,0.419381
1.79064e+09,TM_2,0.539017
1.79064e+09,TM_3,0.408856
1.79064e+09,TM_1,0.521094
1.79064e+09,TM_3,0.33629
1.79064e+09,TM_8,0.545404
1.79064e+09,TM_9,0.65842
1.79064e+09,TM_3,0.421828
1.79064e+09,TM_9,0.594996
1.79064e+09,TM_7,0.407784
1.79064e+09,TM_6,0.352153
1.79064e+09,TM_5,0.481328
1.79064e+09,TM_8,0.558487
1.79064e+09,TM_2,0.521097
1.79064e+09,TM_5,0.59285
1.79064e+09,TM_7,0.676723
1.79064e+09,TM_5,0.377951
1.79064e+09,TM_6,0.344412
1.79064e+09,TM_7,0.460531
1.79064e+09,TM_1,0.483608
1.79064e+09,TM_4,0.432037
1.79064e+09,TM_1,0.520349
1.79064e+09,TM_2,0.338699
1.79064e+09,TM_4,0.241771
1.79064e+09,TM_4,0.277467
1.79064e+09,TM_6,0.408415
1.79064e+09,TM_9,0.47296
1.79064e+09,TM_8,0.452171
1.79064e+09,TM_2,0.513508
1.79064e+09,TM_1,0.342698
1.79064e+09,TM_3,0.518862
1.79064e+09,TM_3,0.354863
1.79064e+09,TM_8,0.454854
1.79064e+09,TM_9,0.61857
1.79064e+09,TM_3,0.389018
1.79064e+09,TM_9,0.568377
1.79064e+09,TM_7,0.394605
1.79064e+09,TM_6,0.333165
1.79064e+09,TM_5,0.459007
1.79064e+09,TM_8,0.419594
1.79064e+09,TM_2,0.500516
1.79064e+09,TM_5,0.344701
1.79064e+09,TM_7,0.472988
1.79064e+09,TM_5,0.351965
1.79064e+09,TM_6,0.287421
1.79064e+09,TM_7,0.326758
1.79064e+09,TM_1,0.340691
1.79064e+09,TM_4,0.353067
1.79064e+09,TM_1,0.391893
1.79064e+09,TM_2,0.344626
1.79064e+09,TM_4,0.342381
1.79064e+09,TM_4,0.270957
1.79064e+09,TM_6,0.369269
1.79064e+09,TM_9,0.451145
1.79064e+09,TM_8,0.349505
1.79064e+09,TM_2,0.62813
1.79064e+09,TM_1,0.383472
1.79064e+09,TM_3,0.481735
1.79064e+09,TM_3,0.318484
1.79064e+09,TM_8,0.436122
1.79064e+09,TM_9,0.655182
1.79064e+09,TM_3,0.389914
1.79064e+09,TM_9,0.575074
1.79064e+09,TM_7,0.384461
1.79064e+09,TM_6,0.408845
1.79064e+09,TM_5,0.454346
1.79064e+09,TM_8,0.432089
1.79064e+09,TM_2,0.446416
1.79064e+09,TM_5,0.385547
1.79064e+09,TM_7,0.532869
1.79064e+09,TM_5,0.288391
1.79064e+09,TM_6,0.30126
1.79064e+09,TM_7,0.52628
1.79064e+09,TM_1,0.479297
1.79064e+09,TM_4,0.370826
1.79064e+09,TM_1,0.442776
1.79064e+09,TM_2,0.331687
1.79064e+09,TM_4,0.434243
1.79064e+09,TM_4,0.327502
1.79064e+09,TM_6,0.427907
1.79064e+09,TM_9,0.470564
1.79064e+09,TM_8,0.365554
1.79064e+09,TM_2,0.480287
1.79064e+09,TM_3,0.315059
1.79064e+09,TM_1,0.436925
1.79064e+09,TM_3,0.308057
1.79064e+09,TM_8,0.428672
1.79064e+09,TM_9,0.606149
1.79064e+09,TM_3,0.266268
1.79064e+09,TM_9,0.460595
1.79064e+09,TM_7,0.397442
1.79064e+09,TM_6,0.36609
1.79064e+09,TM_5,0.456446
1.79064e+09,TM_8,0.424655
1.79064e+09,TM_2,0.370192
1.79064e+09,TM_5,0.294181
1.79064e+09,TM_7,0.409703
1.79064e+09,TM_5,0.294066
1.79064e+09,TM_6,0.320454
1.79064e+09,TM_7,0.449744
1.79064e+09,TM_1,0.410152
1.79064e+09,TM_4,0.441183
1.79064e+09,TM_1,0.518678
1.79064e+09,TM_2,0.31224
1.79064e+09,TM_4,0.25057
1.79064e+09,TM_4,0.293719
1.79064e+09,TM_6,0.408891
1.79064e+09,TM_9,0.456234
1.79064e+09,TM_8,0.390136
1.79064e+09,TM_2,0.461599
1.79064e+09,TM_1,0.291604
1.79064e+09,TM_3,0.392167
1.79064e+09,TM_3,0.282758
1.79064e+09,TM_8,0.429088
1.79064e+09,TM_9,0.496552
1.79064e+09,TM_3,0.345561
1.79064e+09,TM_9,0.466183
1.79064e+09,TM_7,0.375054
1.79064e+09,TM_6,0.373825
1.79064e+09,TM_5,0.475133
1.79064e+09,TM_8,0.398425
1.79064e+09,TM_2,0.295864
1.79064e+09,TM_5,0.500275
1.79064e+09,TM_7,0.588129
1.79064e+09,TM_5,0.306962
1.79064e+09,TM_6,0.408932
1.79064e+09,TM_7,0.295254
1.79064e+09,TM_1,0.319486
1.79064e+09,TM_1,0.417133
1.79064e+09,TM_4,0.56804
1.79064e+09,TM_2,0.321154
1.79064e+09,TM_4,0.359546
1.79064e+09,TM_4,0.361833
1.79064e+09,TM_6,0.423447
1.79064e+09,TM_9,0.464173
1.79064e+09,TM_8,0.452634
1.79064e+09,TM_2,0.548204
1.79064e+09,TM_3,0.428894
1.79064e+09,TM_1,0.568545
1.79064e+09,TM_3,0.402784
1.79064e+09,TM_8,0.569838
1.79064e+09,TM_9,0.646048
1.79064e+09,TM_3,0.434695
1.79064e+09,TM_9,0.557713
1.79064e+09,TM_7,0.402628
1.79064e+09,TM_6,0.407978
1.79064e+09,TM_5,0.602614
1.79064e+09,TM_8,0.460144
1.79064e+09,TM_2,0.418725
1.79064e+09,TM_5,0.4332
1.79064e+09,TM_7,0.527267
1.79064e+09,TM_5,0.356974
1.79064e+09,TM_6,0.487637
1.79064e+09,TM_1,0.333959
1.79064e+09,TM_7,0.41736
1.79064e+09,TM_4,0.314055
1.79064e+09,TM_1,0.412442
1.79064e+09,TM_2,0.332541
1.79064e+09,TM_4,0.297447
1.79064e+09,TM_4,0.308112
1.79064e+09,TM_6,0.406469
1.79064e+09,TM_9,0.474112
1.79064e+09,TM_8,0.386663
1.79064e+09,TM_2,0.488014
1.79064e+09,TM_3,0.337525
1.79064e+09,TM_1,0.496368
1.79064e+09,TM_3,0.271479
1.79064e+09,TM_8,0.423263
1.79064e+09,TM_9,0.61395
1.79064e+09,TM_3,0.363288
1.79064e+09,TM_9,0.523685
1.79064e+09,TM_7,0.335871
1.79064e+09,TM_6,0.435694
1.79064e+09,TM_5,0.54334
1.79064e+09,TM_8,0.525092
1.79064e+09,TM_2,0.378935
1.79064e+09,TM_7,0.540937
1.79064e+09,TM_5,0.678079
1.79064e+09,TM_5,0.345659
1.79064e+09,TM_6,0.363694
1.79064e+09,TM_7,0.442281
1.79064e+09,TM_1,0.410757
1.79064e+09,TM_1,0.340533
1.79064e+09,TM_4,0.432949
1.79064e+09,TM_2,0.322698
1.79064e+09,TM_4,0.357057
1.79064e+09,TM_4,0.388496
1.79064e+09,TM_6,0.38529
1.79064e+09,TM_9,0.402546
1.79064e+09,TM_8,0.375302
1.79064e+09,TM_2,0.462385
1.79064e+09,TM_1,0.33561
1.79064e+09,TM_3,0.43849
1.79064e+09,TM_3,0.296968
1.79064e+09,TM_8,0.425674
1.79064e+09,TM_9,0.57785
1.79064e+09,TM_3,0.337667
1.79064e+09,TM_9,0.472468
1.79064e+09,TM_7,0.395878
1.79064e+09,TM_6,0.397172
1.79064e+09,TM_5,0.530974
1.79064e+09,TM_8,0.424931
1.79064e+09,TM_2,0.374277
1.79064e+09,TM_5,0.342711
1.79064e+09,TM_7,0.448929
1.79064e+09,TM_5,0.36968
1.79064e+09,TM_6,0.391164
1.79064e+09,TM_7,0.34799
1.79064e+09,TM_1,0.349856
1.79064e+09,TM_4,0.330167
1.79064e+09,TM_1,0.407276
1.79064e+09,TM_2,0.337168
1.79064e+09,TM_4,0.283299
1.79064e+09,TM_4,0.244096
1.79064e+09,TM_6,0.370487
1.79064e+09,TM_9,0.451169
1.79064e+09,TM_8,0.38137
1.79064e+09,TM_2,0.580386
1.79064e+09,TM_1,0.385671
1.79064e+09,TM_3,0.537456
1.79064e+09,TM_3,0.344679
1.79064e+09,TM_8,0.506996
1.79064e+09,TM_9,0.597832
1.79064e+09,TM_3,0.378417
1.79064e+09,TM_9,0.538204
1.79064e+09,TM_7,0.364467
1.79064e+09,TM_6,0.364195
1.79064e+09,TM_5,0.539371
1.79064e+09,TM_8,0.389713
1.79064e+09,TM_2,0.450135
1.79064e+09,TM_5,0.469237
1.79064e+09,TM_7,0.522079
1.79064e+09,TM_5,0.436532
1.79064e+09,TM_6,0.294072
1.79064e+09,TM_7,0.321634
1.79064e+09,TM_1,0.306085
1.79064e+09,TM_1,0.303899
1.79064e+09,TM_4,0.384894
1.79064e+09,TM_2,0.319189
1.79064e+09,TM_4,0.222252
1.79064e+09,TM_4,0.273089
1.79064e+09,TM_6,0.369276
1.79064e+09,TM_9,0.587256
1.79064e+09,TM_8,0.334569
1.79064e+09,TM_2,0.492713
1.79064e+09,TM_3,0.297646
1.79064e+09,TM_1,0.396702
1.79064e+09,TM_3,0.284919
1.79064e+09,TM_8,0.500536
1.79064e+09,TM_9,0.590144
1.79064e+09,TM_3,0.33166
1.79064e+09,TM_9,0.4882
1.79064e+09,TM_7,0.419739
1.79064e+09,TM_6,0.447883
1.79064e+09,TM_5,0.581034
1.79064e+09,TM_8,0.454425
1.79064e+09,TM_2,0.371568
1.79064e+09,TM_7,0.408998
1.79064e+09,TM_5,0.58161
1.79064e+09,TM_5,0.367794
1.79064e+09,TM_6,0.366218
1.79064e+09,TM_1,0.394852
1.79064e+09,TM_7,0.499639
1.79064e+09,TM_4,0.366046
1.79064e+09,TM_1,0.442681
1.79064e+09,TM_2,0.464539
1.79064e+09,TM_4,0.285469
1.79064e+09,TM_4,0.318587
1.79064e+09,TM_6,0.34821
1.79064e+09,TM_9,0.427413
1.79064e+09,TM_8,0.350408
1.79064e+09,TM_2,0.438242
1.79064e+09,TM_3,0.352686
1.79064e+09,TM_1,0.422638
1.79064e+09,TM_3,0.400417
1.79064e+09,TM_8,0.747659
1.79064e+09,TM_9,0.589175
1.79064e+09,TM_3,0.421432
1.79064e+09,TM_9,0.553936
1.79064e+09,TM_7,0.446871
1.79064e+09,TM_6,0.324095
1.79064e+09,TM_5,0.625463
1.79064e+09,TM_8,0.471076
1.79064e+09,TM_2,0.506152
1.79064e+09,TM_7,0.527322
1.79064e+09,TM_5,0.610113
1.79064e+09,TM_5,0.387206
1.79064e+09,TM_6,0.45719
1.79064e+09,TM_7,0.392788
1.79064e+09,TM_1,0.404803
1.79064e+09,TM_1,0.364988
1.79064e+09,TM_4,0.470824
1.79064e+09,TM_2,0.293847
1.79064e+09,TM_4,0.362498
1.79064e+09,TM_4,0.373593
1.79064e+09,TM_6,0.356729
1.79064e+09,TM_9,0.530911
1.79064e+09,TM_8,0.372625
1.79064e+09,TM_2,0.600626
1.79064e+09,TM_1,0.310088
1.79064e+09,TM_3,0.422801
1.79064e+09,TM_3,0.340935
1.79064e+09,TM_8,0.437693
1.79064e+09,TM_9,0.660095
1.79064e+09,TM_3,0.445235
1.79064e+09,TM_9,0.590819
1.79064e+09,TM_7,0.465205
1.79064e+09,TM_6,0.377741
1.79064e+09,TM_5,0.586148
1.79064e+09,TM_8,0.468526
1.79064e+09,TM_2,0.415545
1.79064e+09,TM_5,0.433087
1.79064e+09,TM_7,0.498174
1.79064e+09,TM_5,0.370886
1.79064e+09,TM_6,0.384632
1.79064e+09,TM_7,0.471427
1.79064e+09,TM_1,0.534845
1.79064e+09,TM_1,0.321831
1.79064e+09,TM_4,0.421394
1.79064e+09,TM_2,0.308471
1.79064e+09,TM_4,0.230068
1.79064e+09,TM_4,0.405467
1.79064e+09,TM_6,0.446116
1.79064e+09,TM_9,0.427882
1.79064e+09,TM_8,0.407821
1.79064e+09,TM_2,0.506176
1.79064e+09,TM_1,0.352524
1.79064e+09,TM_3,0.474595
1.79064e+09,TM_3,0.278852
1.79064e+09,TM_8,0.46834
1.79064e+09,TM_9,0.652785
1.79064e+09,TM_3,0.477794
1.79064e+09,TM_9,0.54172
1.79064e+09,TM_7,0.327799
1.79064e+09,TM_6,0.380797
1.79064e+09,TM_5,0.583341
1.79064e+09,TM_8,0.540221
1.79064e+09,TM_2,0.446465
1.79064e+09,TM_5,0.56422
1.79064e+09,TM_7,0.624152
1.79064e+09,TM_5,0.342962
1.79064e+09,TM_6,0.392683
1.79064e+09,TM_1,0.360402
1.79064e+09,TM_7,0.533518
1.79064e+09,TM_1,0.307155
1.79064e+09,TM_4,0.402676
1.79064e+09,TM_2,0.299157
1.79064e+09,TM_4,0.346583
1.79064e+09,TM_4,0.310947
1.79064e+09,TM_6,0.302117
1.79064e+09,TM_9,0.394725
1.79064e+09,TM_8,0.385887
1.79064e+09,TM_2,0.531803
1.79064e+09,TM_3,0.352654
1.79064e+09,TM_1,0.453231
1.79064e+09,TM_3,0.322733
1.79064e+09,TM_8,0.387909
1.79064e+09,TM_9,0.541756
1.79064e+09,TM_3,0.447193
1.79064e+09,TM_9,0.575466
1.79064e+09,TM_7,0.488211
1.79064e+09,TM_6,0.358542
1.79064e+09,TM_5,0.609742
1.79064e+09,TM_8,0.525752
1.79064e+09,TM_2,0.42672
1.79064e+09,TM_5,0.423138
1.79064e+09,TM_7,0.510755
1.79064e+09,TM_5,0.344615
1.79064e+09,TM_6,0.262556
1.79064e+09,TM_7,0.377525
1.79064e+09,TM_1,0.448447
1.79064e+09,TM_1,0.304928
1.79064e+09,TM_4,0.38383
1.79064e+09,TM_2,0.283651
1.79064e+09,TM_4,0.241563
1.79064e+09,TM_4,0.319585
1.79064e+09,TM_6,0.448291
1.79064e+09,TM_9,0.458915
1.79064e+09,TM_8,0.363472
1.79064e+09,TM_2,0.590184
1.79064e+09,TM_3,0.33755
1.79064e+09,TM_1,0.431729
1.79064e+09,TM_3,0.316942
1.79064e+09,TM_8,0.415778
1.79064e+09,TM_9,0.556411
1.79064e+09,TM_3,0.351659
1.79064e+09,TM_9,0.546287
1.79064e+09,TM_7,0.701416
1.79064e+09,TM_6,0.350649
1.79064e+09,TM_5,0.559751
1.79064e+09,TM_8,0.476801
1.79064e+09,TM_2,0.43257
1.79064e+09,TM_5,0.432032
1.79064e+09,TM_7,0.497593
1.79064e+09,TM_5,0.395457
1.79064e+09,TM_6,0.350775
1.79064e+09,TM_7,0.391139
1.79064e+09,TM_1,0.458096
1.79064e+09,TM_1,0.362616
1.79064e+09,TM_4,0.511457
1.79064e+09,TM_2,0.293438
1.79064e+09,TM_4,0.26919
1.79064e+09,TM_4,0.390474
1.79064e+09,TM_6,0.380558
1.79064e+09,TM_9,0.4034
1.79064e+09,TM_8,0.370924
1.79064e+09,TM_2,0.510401
1.79064e+09,TM_3,0.336855
1.79064e+09,TM_1,0.420342
1.79064e+09,TM_3,0.364921
1.79064e+09,TM_8,0.456309
1.79064e+09,TM_9,0.596151
1.79064e+09,TM_3,0.369396
1.79064e+09,TM_9,0.621713
1.79064e+09,TM_7,0.424358
1.79064e+09,TM_6,0.372793
1.79064e+09,TM_5,0.5481
1.79064e+09,TM_8,0.518298
1.79064e+09,TM_2,0.451885
1.79064e+09,TM_5,0.457834
1.79064e+09,TM_7,0.501201
1.79064e+09,TM_5,0.393184
1.79064e+09,TM_6,0.382447
1.79064e+09,TM_1,0.440989
1.79064e+09,TM_7,0.553912
1.79064e+09,TM_1,0.31771
1.79064e+09,TM_4,0.42999
1.79064e+09,TM_2,0.335328
1.79064e+09,TM_4,0.279411
1.79064e+09,TM_4,0.338546
1.79064e+09,TM_6,0.375181
1.79064e+09,TM_9,0.609546
1.79064e+09,TM_8,0.34694
1.79064e+09,TM_2,0.541985
1.79064e+09,TM_3,0.329457
1.79064e+09,TM_1,0.455475
1.79064e+09,TM_3,0.321881
1.79064e+09,TM_8,0.393519
1.79064e+09,TM_9,0.581299
1.79064e+09,TM_3,0.381184
1.79064e+09,TM_9,0.588806
1.79064e+09,TM_7,0.642339
1.79064e+09,TM_6,0.294624
1.79064e+09,TM_5,0.513428
1.79064e+09,TM_8,0.588428
1.79064e+09,TM_2,0.404164
1.79064e+09,TM_5,0.390792
1.79064e+09,TM_7,0.423433
1.79064e+09,TM_5,0.449162
1.79064e+09,TM_6,0.341509
1.79064e+09,TM_7,0.32799
1.79064e+09,TM_1,0.392137
1.79064e+09,TM_1,0.335903
1.79064e+09,TM_4,0.399103
1.79064e+09,TM_2,0.370253
1.79064e+09,TM_4,0.293745
1.79064e+09,TM_4,0.342955
1.79064e+09,TM_6,0.308373
1.79064e+09,TM_9,0.390823
1.79064e+09,TM_8,0.379572
1.79064e+09,TM_2,0.496303
1.79064e+09,TM_3,0.363195
1.79064e+09,TM_1,0.430841
1.79064e+09,TM_3,0.276589
1.79064e+09,TM_8,0.53997
1.79064e+09,TM_9,0.585576
1.79064e+09,TM_3,0.404785
1.79064e+09,TM_9,0.51157
1.79064e+09,TM_7,0.386489
1.79064e+09,TM_6,0.371473
1.79064e+09,TM_5,0.503748
1.79064e+09,TM_8,0.513263
1.79064e+09,TM_2,0.405367
1.79064e+09,TM_5,0.330429
1.79064e+09,TM_7,0.361436
1.79064e+09,TM_5,0.378517
1.79064e+09,TM_6,0.459311
1.79064e+09,TM_7,0.390957
1.79064e+09,TM_1,0.371639
1.79064e+09,TM_1,0.278198
1.79064e+09,TM_4,0.328964
1.79064e+09,TM_2,0.299978
1.79064e+09,TM_4,0.323684
1.79064e+09,TM_4,0.354601
1.79064e+09,TM_6,0.321118
1.79064e+09,TM_9,0.374951
1.79064e+09,TM_8,0.485103
1.79064e+09,TM_2,0.453344
1.79064e+09,TM_3,0.368064
1.79064e+09,TM_1,0.478987
1.79064e+09,TM_3,0.364541
1.79064e+09,TM_8,0.443474
1.79064e+09,TM_9,0.56371
1.79064e+09,TM_3,0.345142
1.79064e+09,TM_9,0.506301
1.79064e+09,TM_7,0.394359
1.79064e+09,TM_6,0.4484
1.79064e+09,TM_5,0.498956
1.79064e+09,TM_8,0.43375
1.79064e+09,TM_2,0.371748
1.79064e+09,TM_5,0.442478
1.79064e+09,TM_7,0.518878
1.79064e+09,TM_5,0.463988
1.79064e+09,TM_6,0.432756
1.79064e+09,TM_7,0.429267
1.79064e+09,TM_1,0.478698
1.79064e+09,TM_1,0.291098
1.79064e+09,TM_4,0.359058
1.79064e+09,TM_2,0.286471
1.79064e+09,TM_4,0.31979
1.79064e+09,TM_4,0.357973
1.79064e+09,TM_6,0.335164
1.79064e+09,TM_9,0.368364
1.79064e+09,TM_8,0.344873
1.79064e+09,TM_2,0.502925
1.79064e+09,TM_3,0.305833
1.79064e+09,TM_1,0.346008
1.79064e+09,TM_3,0.399854
1.79064e+09,TM_8,0.413121
1.79064e+09,TM_9,0.586069
1.79064e+09,TM_3,0.363733
1.79064e+09,TM_9,0.552838
1.79064e+09,TM_7,0.421147
1.79064e+09,TM_6,0.334757
1.79064e+09,TM_5,0.589931
1.79064e+09,TM_8,0.442886
1.79064e+09,TM_2,0.407554
1.79064e+09,TM_5,0.464417
1.79064e+09,TM_7,0.655678
1.79064e+09,TM_5,0.348184
1.79064e+09,TM_6,0.386771
1.79064e+09,TM_7,0.357068
1.79064e+09,TM_1,0.356078
1.79064e+09,TM_1,0.285258
1.79064e+09,TM_4,0.329269
1.79064e+09,TM_2,0.263399
1.79064e+09,TM_4,0.271538
1.79064e+09,TM_4,0.331419
1.79064e+09,TM_6,0.337498
1.79064e+09,TM_9,0.50207
1.79064e+09,TM_8,0.360371
1.79064e+09,TM_2,0.46489
1.79064e+09,TM_3,0.292783
1.79064e+09,TM_1,0.378408
1.79064e+09,TM_3,0.317957
1.79064e+09,TM_8,0.466686
1.79064e+09,TM_9,0.54393
1.79064e+09,TM_3,0.384831
1.79064e+09,TM_9,0.55261
1.79064e+09,TM_7,0.468872
1.79064e+09,TM_6,0.445777
1.79064e+09,TM_5,0.540537
1.79064e+09,TM_8,0.480973
1.79064e+09,TM_2,0.460216
1.79064e+09,TM_5,0.43376
1.79064e+09,TM_7,0.458597
1.79064e+09,TM_5,0.339295
1.79064e+09,TM_6,0.42719
1.79064e+09,TM_7,0.374937
1.79064e+09,TM_1,0.510217
1.79064e+09,TM_1,0.345963
1.79064e+09,TM_4,0.455775
1.79064e+09,TM_2,0.331932
1.79064e+09,TM_4,0.278689
1.79064e+09,TM_4,0.305962
1.79064e+09,TM_6,0.332262
1.79064e+09,TM_9,0.500246
1.79064e+09,TM_8,0.373952
1.79064e+09,TM_2,0.494781
1.79064e+09,TM_3,0.348674
1.79064e+09,TM_1,0.482006
1.79064e+09,TM_3,0.291751
1.79064e+09,TM_8,0.433288
1.79064e+09,TM_9,0.547745
1.79064e+09,TM_3,0.332827
1.79064e+09,TM_9,0.453929
1.79064e+09,TM_7,0.374619
1.79064e+09,TM_6,0.433243
1.79064e+09,TM_5,0.657563
1.79064e+09,TM_8,0.479566
1.79064e+09,TM_2,0.423047
1.79064e+09,TM_5,0.502843
1.79064e+09,TM_7,0.498867
1.79064e+09,TM_5,0.376073
1.79064e+09,TM_6,0.423913
1.79064e+09,TM_7,0.351857
1.79064e+09,TM_1,0.388437
1.79064e+09,TM_1,0.346892
1.79064e+09,TM_4,0.429382
1.79064e+09,TM_2,0.374771
1.79064e+09,TM_4,0.307881
1.79064e+09,TM_4,0.306302
1.79064e+09,TM_6,0.317348
1.79064e+09,TM_9,0.610373
1.79064e+09,TM_8,0.346029
1.79064e+09,TM_2,0.570921
1.79064e+09,TM_3,0.352695
1.79064e+09,TM_1,0.42425
1.79064e+09,TM_3,0.33765
1.79064e+09,TM_8,0.422256
1.79064e+09,TM_9,0.622949
1.79064e+09,TM_3,0.449382
1.79064e+09,TM_9,0.555105
1.79064e+09,TM_7,0.397522
1.79064e+09,TM_6,0.331793
1.79064e+09,TM_5,0.580052
1.79064e+09,TM_8,0.498824
1.79064e+09,TM_2,0.553392
1.79064e+09,TM_5,0.496099
1.79064e+09,TM_7,0.39725
1.79064e+09,TM_5,0.361423
1.79064e+09,TM_6,0.295924
1.79064e+09,TM_7,0.383
1.79064e+09,TM_1,0.402869
1.79064e+09,TM_1,0.289695
1.79064e+09,TM_4,0.377482
1.79064e+09,TM_2,0.346704
1.79064e+09,TM_4,0.243737
1.79064e+09,TM_4,0.287518
1.79064e+09,TM_6,0.322176
1.79064e+09,TM_9,0.431065
1.79064e+09,TM_8,0.343562
1.79064e+09,TM_2,0.490461
1.79064e+09,TM_3,0.263147
1.79064e+09,TM_1,0.292014
1.79064e+09,TM_3,0.323884
1.79064e+09,TM_8,0.37239
1.79064e+09,TM_9,0.533234
1.79064e+09,TM_3,0.341963
1.79064e+09,TM_9,0.494705
1.79064e+09,TM_7,0.413522
1.79064e+09,TM_6,0.319957
1.79064e+09,TM_5,0.523549
1.79064e+09,TM_8,0.37214
1.79064e+09,TM_2,0.43134
1.79064e+09,TM_5,0.420841
1.79064e+09,TM_7,0.357172
1.79064e+09,TM_5,0.327088
1.79064e+09,TM_6,0.267799
1.79064e+09,TM_7,0.434291
1.79064e+09,TM_1,0.438608
1.79064e+09,TM_1,0.326564
1.79064e+09,TM_4,0.411809
1.79064e+09,TM_2,0.391491
1.79064e+09,TM_4,0.272118
1.79064e+09,TM_4,0.303341
1.79064e+09,TM_6,0.241083
1.79064e+09,TM_9,0.46302
1.79064e+09,TM_8,0.417762
1.79064e+09,TM_2,0.488503
1.79064e+09,TM_3,0.231798
1.79064e+09,TM_1,0.328152
1.79064e+09,TM_3,0.28702
1.79064e+09,TM_8,0.41233
1.79064e+09,TM_9,0.628747
1.79064e+09,TM_3,0.360975
1.79064e+09,TM_9,0.563653
1.79064e+09,TM_7,0.383164
1.79064e+09,TM_6,0.355769
1.79064e+09,TM_5,0.666322
1.79064e+09,TM_8,0.434629
1.79064e+09,TM_2,0.416802
1.79064e+09,TM_5,0.455388
1.79064e+09,TM_7,0.567211
1.79064e+09,TM_5,0.425446
1.79064e+09,TM_6,0.492597
1.79064e+09,TM_7,0.397173
1.79064e+09,TM_1,0.389381
1.79064e+09,TM_1,0.324112
1.79064e+09,TM_4,0.418455
1.79064e+09,TM_2,0.269187
1.79064e+09,TM_4,0.280588
1.79064e+09,TM_4,0.4692
1.79064e+09,TM_6,0.41631
1.79064e+09,TM_9,0.44495
1.79064e+09,TM_8,0.395163
1.79064e+09,TM_2,0.501388
1.79064e+09,TM_3,0.366644
1.79064e+09,TM_1,0.446458
1.79064e+09,TM_3,0.359382
1.79064e+09,TM_8,0.478435
1.79064e+09,TM_9,0.496532
1.79064e+09,TM_3,0.436526
1.79064e+09,TM_9,0.602421
1.79064e+09,TM_7,0.362834
1.79064e+09,TM_6,0.38923
1.79064e+09,TM_5,0.497676
1.79064e+09,TM_8,0.445098
1.79064e+09,TM_2,0.410652
1.79064e+09,TM_5,0.365924
1.79064e+09,TM_7,0.372995
1.79064e+09,TM_5,0.29522
1.79064e+09,TM_6,0.352396
1.79064e+09,TM_7,0.459841
1.79064e+09,TM_1,0.469703
1.79064e+09,TM_1,0.303104
1.79064e+09,TM_4,0.431734
1.79064e+09,TM_2,0.305823
1.79064e+09,TM_4,0.265193
1.79064e+09,TM_4,0.307927
1.79064e+09,TM_6,0.387076
1.79064e+09,TM_9,0.468171
1.79064e+09,TM_8,0.318866
1.79064e+09,TM_2,0.493456
1.79064e+09,TM_3,0.411715
1.79064e+09,TM_1,0.484611
1.79064e+09,TM_3,0.248489
1.79064e+09,TM_8,0.381949
1.79064e+09,TM_9,0.522324
1.79064e+09,TM_3,0.309684
1.79064e+09,TM_9,0.454546
1.79064e+09,TM_7,0.368015
1.79064e+09,TM_6,0.360187
1.79064e+09,TM_5,0.553571
1.79064e+09,TM_8,0.56259
1.79064e+09,TM_2,0.459723
1.79064e+09,TM_5,0.437162
1.79064e+09,TM_7,0.41347
1.79064e+09,TM_5,0.30818
1.79064e+09,TM_6,0.295408
1.79064e+09,TM_7,0.418467
1.79064e+09,TM_1,0.465133
1.79064e+09,TM_1,0.297954
1.79064e+09,TM_4,0.380983
1.79064e+09,TM_2,0.354082
1.79064e+09,TM_4,0.276744
1.79064e+09,TM_4,0.294922
1.79064e+09,TM_6,0.338005
1.79064e+09,TM_9,0.463779
1.79064e+09,TM_8,0.361939
1.79064e+09,TM_2,0.482846
1.79064e+09,TM_3,0.399741
1.79064e+09,TM_1,0.43767
1.79064e+09,TM_3,0.303905
1.79064e+09,TM_8,0.507023
1.79064e+09,TM_9,0.534389
1.79064e+09,TM_3,0.430733
1.79064e+09,TM_9,0.560804
1.79064e+09,TM_7,0.430321
1.79064e+09,TM_6,0.363423
1.79064e+09,TM_5,0.470099
1.79064e+09,TM_8,0.482053
1.79064e+09,TM_2,0.423314
1.79064e+09,TM_5,0.305604
1.79064e+09,TM_7,0.411458
1.79064e+09,TM_5,0.332067
1.79064e+09,TM_6,0.281493
1.79064e+09,TM_7,0.408233
1.79064e+09,TM_1,0.450744
1.79064e+09,TM_1,0.331299
1.79064e+09,TM_4,0.395812
1.79064e+09,TM_2,0.423424
1.79064e+09,TM_4,0.299091
1.79064e+09,TM_4,0.299942
1.79064e+09,TM_6,0.352681
1.79064e+09,TM_9,0.51195
1.79064e+09,TM_8,0.383595
1.79064e+09,TM_2,0.518325
1.79064e+09,TM_3,0.480045
1.79064e+09,TM_1,0.569485
1.79064e+09,TM_3,0.324975
1.79064e+09,TM_8,0.447642
1.79064e+09,TM_9,0.57995
1.79064e+09,TM_3,0.390536
1.79064e+09,TM_9,0.523088
1.79064e+09,TM_7,0.40949
1.79064e+09,TM_6,0.360312
1.79064e+09,TM_5,0.492306
1.79064e+09,TM_8,0.551934
1.79064e+09,TM_2,0.422343
1.79064e+09,TM_5,0.362199
1.79064e+09,TM_7,0.365499
1.79064e+09,TM_5,0.452392
1.79064e+09,TM_6,0.342391
1.79064e+09,TM_7,0.427017
1.79064e+09,TM_1,0.474234
1.79064e+09,TM_1,0.302353
1.79064e+09,TM_4,0.351237
1.79064e+09,TM_2,0.361349
1.79064e+09,TM_4,0.259776
1.79064e+09,TM_4,0.279112
1.79064e+09,TM_6,0.295666
1.79064e+09,TM_9,0.440513
1.79064e+09,TM_8,0.371567
1.79064e+09,TM_2,0.51884
1.79064e+09,TM_3,0.344533
1.79064e+09,TM_1,0.455955
1.79064e+09,TM_3,0.292303
1.79064e+09,TM_8,0.391926
1.79064e+09,TM_9,0.510025
1.79064e+09,TM_3,0.332071
1.79064e+09,TM_9,0.494415
1.79064e+09,TM_7,0.412268
1.79064e+09,TM_6,0.43713
1.79064e+09,TM_5,0.480516
1.79064e+09,TM_8,0.469283
1.79064e+09,TM_2,0.403481
1.79064e+09,TM_5,0.331096
1.79064e+09,TM_7,0.384433
1.79064e+09,TM_5,0.364066
1.79064e+09,TM_6,0.277958
1.79064e+09,TM_1,0.337945
1.79064e+09,TM_7,0.456263
1.79064e+09,TM_1,0.243143
1.79064e+09,TM_4,0.255496
1.79064e+09,TM_2,0.365404
1.79064e+09,TM_4,0.261057
1.79064e+09,TM_4,0.262601
1.79064e+09,TM_6,0.310437
1.79064e+09,TM_9,0.458043
1.79064e+09,TM_8,0.335812
1.79064e+09,TM_2,0.454347
1.79064e+09,TM_3,0.313337
1.79064e+09,TM_1,0.325679
1.79064e+09,TM_3,0.327181
1.79064e+09,TM_8,0.458647
1.79064e+09,TM_9,0.502724
1.79064e+09,TM_3,0.39927
1.79064e+09,TM_9,0.548939
1.79064e+09,TM_7,0.429066
1.79064e+09,TM_6,0.347894
1.79064e+09,TM_5,0.516924
1.79064e+09,TM_8,0.428824
1.79064e+09,TM_2,0.423541
1.79064e+09,TM_5,0.303802
1.79064e+09,TM_7,0.448001
1.79064e+09,TM_5,0.404974
1.79064e+09,TM_6,0.428851
1.79064e+09,TM_1,0.359462
1.79064e+09,TM_7,0.490394
1.79064e+09,TM_1,0.257551
1.79064e+09,TM_4,0.289081
1.79064e+09,TM_2,0.424054
1.79064e+09,TM_4,0.320081
1.79064e+09,TM_4,0.357688
1.79064e+09,TM_6,0.317292
1.79064e+09,TM_9,0.386225
1.79064e+09,TM_8,0.3891
1.79064e+09,TM_2,0.46776
1.79064e+09,TM_3,0.378065
1.79064e+09,TM_1,0.429747
1.79064e+09,TM_3,0.278096
1.79064e+09,TM_8,0.405607
1.79064e+09,TM_9,0.556336
1.79064e+09,TM_3,0.354753
1.79064e+09,TM_9,0.567802
1.79064e+09,TM_7,0.329631
1.79064e+09,TM_6,0.341148
1.79064e+09,TM_5,0.465472
1.79064e+09,TM_8,0.450831
1.79064e+09,TM_2,0.414143
1.79064e+09,TM_5,0.375273
1.79064e+09,TM_7,0.424753
1.79064e+09,TM_5,0.315616
1.79064e+09,TM_6,0.380817
1.79064e+09,TM_7,0.350152
1.79064e+09,TM_1,0.4617
1.79064e+09,TM_1,0.321736
1.79064e+09,TM_4,0.362934
1.79064e+09,TM_2,0.314724
1.79064e+09,TM_4,0.284851
1.79064e+09,TM_4,0.334268
1.79064e+09,TM_6,0.366238
1.79064e+09,TM_9,0.511645
1.79064e+09,TM_8,0.373599
1.79064e+09,TM_2,0.472233
1.79064e+09,TM_3,0.273224
1.79064e+09,TM_1,0.380384
1.79064e+09,TM_3,0.257305
1.79064e+09,TM_8,0.347494
1.79064e+09,TM_9,0.500573
1.79064e+09,TM_3,0.386689
1.79064e+09,TM_9,0.467241
1.79064e+09,TM_7,0.364358
1.79064e+09,TM_6,0.402826
1.79064e+09,TM_5,0.378424
1.79064e+09,TM_8,0.465939
1.79064e+09,TM_2,0.395526
1.79064e+09,TM_5,0.345199
1.79064e+09,TM_7,0.515567
1.79064e+09,TM_5,0.300706
1.79064e+09,TM_6,0.332766
1.79064e+09,TM_7,0.343843
1.79064e+09,TM_1,0.435723
1.79064e+09,TM_1,0.270363
1.79064e+09,TM_4,0.332719
1.79064e+09,TM_2,0.290186
1.79064e+09,TM_4,0.301162
1.79064e+09,TM_4,0.26755
1.79064e+09,TM_6,0.317441
1.79064e+09,TM_9,0.448776
1.79064e+09,TM_8,0.422927
1.79064e+09,TM_2,0.480225
1.79064e+09,TM_3,0.298121
1.79064e+09,TM_1,0.394529
1.79064e+09,TM_3,0.320205
1.79064e+09,TM_8,0.422205
1.79064e+09,TM_9,0.433302
1.79064e+09,TM_3,0.258768
1.79064e+09,TM_9,0.522884
1.79064e+09,TM_7,0.456461
1.79064e+09,TM_6,0.406586
1.79064e+09,TM_5,0.51312
1.79064e+09,TM_8,0.401979
1.79064e+09,TM_2,0.342358
1.79064e+09,TM_5,0.312199
1.79064e+09,TM_7,0.355058
1.79064e+09,TM_5,0.281577
1.79064e+09,TM_6,0.390978
1.79064e+09,TM_7,0.41948
1.79064e+09,TM_1,0.493685
1.79064e+09,TM_1,0.301814
1.79064e+09,TM_4,0.354453
1.79064e+09,TM_2,0.311238
1.79064e+09,TM_4,0.292966
1.79064e+09,TM_4,0.29279
1.79064e+09,TM_6,0.352628
1.79064e+09,TM_9,0.42761
1.79064e+09,TM_8,0.30585
1.79064e+09,TM_2,0.477646
1.79064e+09,TM_1,0.3043
1.79064e+09,TM_3,0.466067
1.79064e+09,TM_3,0.285377
1.79064e+09,TM_8,0.452147
1.79064e+09,TM_9,0.449055
1.79064e+09,TM_3,0.330703
1.79064e+09,TM_9,0.52438
1.79064e+09,TM_7,0.384861
1.79064e+09,TM_6,0.313422
1.79064e+09,TM_5,0.483876
1.79064e+09,TM_8,0.470275
1.79064e+09,TM_2,0.358332
1.79064e+09,TM_5,0.330806
1.79064e+09,TM_7,0.489766
1.79064e+09,TM_5,0.29731
1.79064e+09,TM_6,0.514785
1.79064e+09,TM_1,0.315351
1.79064e+09,TM_7,0.380473
1.79064e+09,TM_1,0.358708
1.79064e+09,TM_4,0.446065
1.79064e+09,TM_2,0.370856
1.79064e+09,TM_4,0.253364
1.79064e+09,TM_4,0.275604
1.79064e+09,TM_6,0.320919
1.79064e+09,TM_9,0.566948
1.79064e+09,TM_8,0.483427
1.79064e+09,TM_2,0.527191
1.79064e+09,TM_3,0.374626
1.79064e+09,TM_1,0.405617
1.79064e+09,TM_3,0.419755
1.79064e+09,TM_8,0.480151
1.79064e+09,TM_9,0.583314
1.79064e+09,TM_3,0.402638
1.79064e+09,TM_9,0.60297
1.79064e+09,TM_7,0.404073
1.79064e+09,TM_6,0.381481
1.79064e+09,TM_5,0.550492
1.79064e+09,TM_8,0.542507
1.79064e+09,TM_2,0.392774
1.79064e+09,TM_5,0.339087
1.79064e+09,TM_7,0.40173
1.79064e+09,TM_5,0.309651
1.79064e+09,TM_6,0.34239
1.79064e+09,TM_7,0.342362
1.79064e+09,TM_1,0.411927
1.79064e+09,TM_1,0.326338
1.79064e+09,TM_4,0.362086
1.79064e+09,TM_2,0.321647
1.79064e+09,TM_4,0.29509
1.79064e+09,TM_4,0.262653
1.79064e+09,TM_6,0.333254
1.79064e+09,TM_9,0.434153
1.79064e+09,TM_8,0.334758
1.79064e+09,TM_2,0.475627
1.79064e+09,TM_3,0.3324
1.79064e+09,TM_1,0.394885
1.79064e+09,TM_3,0.298582
1.79064e+09,TM_8,0.40036
1.79064e+09,TM_9,0.633267
1.79064e+09,TM_3,0.429217
1.79064e+09,TM_9,0.58493
1.79064e+09,TM_7,0.389925
1.79064e+09,TM_6,0.407062
1.79064e+09,TM_5,0.520515
1.79064e+09,TM_8,0.443593
1.79064e+09,TM_2,0.440944
1.79064e+09,TM_5,0.431891
1.79064e+09,TM_7,0.427572
1.79064e+09,TM_5,0.36137
1.79064e+09,TM_6,0.287316
1.79064e+09,TM_7,0.384461
1.79064e+09,TM_1,0.436321
1.79064e+09,TM_1,0.366423
1.79064e+09,TM_4,0.414131
1.79064e+09,TM_2,0.297981
1.79064e+09,TM_4,0.264717
1.79064e+09,TM_4,0.220806
1.79064e+09,TM_6,0.286059
1.79064e+09,TM_9,0.483784
1.79064e+09,TM_8,0.379482
1.79064e+09,TM_2,0.874125
1.79064e+09,TM_3,0.426827
1.79064e+09,TM_1,0.474964
1.79064e+09,TM_3,0.253907
1.79064e+09,TM_8,0.373286
1.79064e+09,TM_9,0.559066
1.79064e+09,TM_3,0.515658
1.79064e+09,TM_9,0.672226
1.79064e+09,TM_7,0.448281
1.79064e+09,TM_6,0.421008
1.79064e+09,TM_5,0.48204
1.79064e+09,TM_8,0.586114
1.79064e+09,TM_2,0.437836
1.79064e+09,TM_5,0.294128
1.79064e+09,TM_7,0.327105
1.79064e+09,TM_5,0.29639
1.79064e+09,TM_6,0.330477
1.79064e+09,TM_7,0.374157
1.79064e+09,TM_1,0.413207
1.79064e+09,TM_1,0.406378
1.79064e+09,TM_4,0.429504
1.79064e+09,TM_2,0.349904
1.79064e+09,TM_4,0.322168
1.79064e+09,TM_4,0.290191
1.79064e+09,TM_6,0.380705
1.79064e+09,TM_9,0.535744
1.79064e+09,TM_8,0.368608
1.79064e+09,TM_2,0.620881
1.79064e+09,TM_3,0.321975
1.79064e+09,TM_1,0.391894
1.79064e+09,TM_3,0.357424
1.79064e+09,TM_8,0.523268
1.79064e+09,TM_9,0.544327
1.79064e+09,TM_3,0.39981
1.79064e+09,TM_9,0.568034
1.79064e+09,TM_7,0.345613
1.79064e+09,TM_6,0.348463
1.79064e+09,TM_5,0.407947
1.79064e+09,TM_8,0.448716
1.79064e+09,TM_2,0.377483
1.79064e+09,TM_5,0.315737
1.79064e+09,TM_7,0.35567
1.79064e+09,TM_5,0.472101
1.79064e+09,TM_6,0.50037
1.79064e+09,TM_7,0.42054
1.79064e+09,TM_1,0.494176
1.79064e+09,TM_1,0.305584
1.79064e+09,TM_4,0.351894
1.79064e+09,TM_2,0.387233
1.79064e+09,TM_4,0.262787
1.79064e+09,TM_4,0.302372
1.79064e+09,TM_6,0.383903
1.79064e+09,TM_9,0.435375
1.79064e+09,TM_8,0.426856
1.79064e+09,TM_2,0.502285
1.79064e+09,TM_3,0.364047
1.79064e+09,TM_1,0.467343
1.79064e+09,TM_3,0.305968
1.79064e+09,TM_8,0.38275
1.79064e+09,TM_9,0.480105
1.79064e+09,TM_3,0.53448
1.79064e+09,TM_9,0.495919
1.79064e+09,TM_7,0.373697
1.79064e+09,TM_6,0.354562
1.79064e+09,TM_5,0.50285
1.79064e+09,TM_8,0.478095
1.79064e+09,TM_2,0.38541
1.79064e+09,TM_5,0.36322
1.79064e+09,TM_7,0.498449
1.79064e+09,TM_5,0.316326
1.79064e+09,TM_6,0.366539
1.79064e+09,TM_7,0.403418
1.79064e+09,TM_1,0.44885
1.79064e+09,TM_1,0.313635
1.79064e+09,TM_4,0.321607
1.79064e+09,TM_2,0.323846
1.79064e+09,TM_4,0.368642
1.79064e+09,TM_4,0.290223
1.79064e+09,TM_6,0.339134
1.79064e+09,TM_9,0.421447
1.79064e+09,TM_8,0.416946
1.79064e+09,TM_2,0.424331
1.79064e+09,TM_3,0.346606
1.79064e+09,TM_1,0.423747
1.79064e+09,TM_3,0.308081
1.79064e+09,TM_8,0.422711
1.79064e+09,TM_9,0.551583
1.79064e+09,TM_3,0.491271
1.79064e+09,TM_9,0.592078
1.79064e+09,TM_7,0.458469
1.79064e+09,TM_6,0.375341
1.79064e+09,TM_5,0.504687
1.79064e+09,TM_8,0.597161
1.79064e+09,TM_2,0.444442
1.79064e+09,TM_5,0.470131
1.79064e+09,TM_7,0.385591
1.79064e+09,TM_5,0.34221
1.79064e+09,TM_6,0.419987
1.79064e+09,TM_7,0.374169
1.79064e+09,TM_1,0.436597
1.79064e+09,TM_1,0.349047
1.79064e+09,TM_4,0.36061
1.79064e+09,TM_2,0.313842
1.79064e+09,TM_4,0.31962
1.79064e+09,TM_4,0.322277
1.79064e+09,TM_6,0.381162
1.79064e+09,TM_9,0.423865
1.79064e+09,TM_8,0.321474
1.79064e+09,TM_2,0.587333
1.79064e+09,TM_3,0.363218
1.79064e+09,TM_1,0.454292
1.79064e+09,TM_3,0.290097
1.79064e+09,TM_8,0.441546
1.79064e+09,TM_9,0.494388
1.79064e+09,TM_3,0.438973
1.79064e+09,TM_9,0.635229
1.79064e+09,TM_7,0.402145
1.79064e+09,TM_6,0.340163
1.79064e+09,TM_5,0.477783
1.79064e+09,TM_8,0.631555
1.79064e+09,TM_2,0.385514
1.79064e+09,TM_5,0.451159
1.79064e+09,TM_7,0.328998
1.79064e+09,TM_5,0.358139
1.79064e+09,TM_6,0.431978
1.79064e+09,TM_7,0.444426
1.79064e+09,TM_1,0.4799
1.79064e+09,TM_1,0.268457
1.79064e+09,TM_4,0.40678
1.79064e+09,TM_2,0.317271
1.79064e+09,TM_4,0.334786
1.79064e+09,TM_4,0.246583
1.79064e+09,TM_6,0.326057
1.79064e+09,TM_9,0.590878
1.79064e+09,TM_8,0.287221
1.79064e+09,TM_2,0.544868
1.79064e+09,TM_3,0.396945
1.79064e+09,TM_1,0.494019
1.79064e+09,TM_3,0.2844
1.79064e+09,TM_8,0.335101
1.79064e+09,TM_9,0.522314
1.79064e+09,TM_3,0.364502
1.79064e+09,TM_9,0.57606
1.79064e+09,TM_7,0.428844
1.79064e+09,TM_6,0.326599
1.79064e+09,TM_5,0.511796
1.79064e+09,TM_8,0.399686
1.79064e+09,TM_2,0.424959
1.79064e+09,TM_5,0.410659
1.79064e+09,TM_7,0.356281
1.79064e+09,TM_5,0.350389
1.79064e+09,TM_6,0.390519
1.79064e+09,TM_7,0.403495
1.79064e+09,TM_1,0.465925
1.79064e+09,TM_1,0.39814
1.79064e+09,TM_4,0.412278
1.79064e+09,TM_2,0.306749
1.79064e+09,TM_4,0.326725
1.79064e+09,TM_4,0.257272
1.79064e+09,TM_6,0.318459
1.79064e+09,TM_9,0.438072
1.79064e+09,TM_8,0.295336
1.79064e+09,TM_2,0.53081
1.79064e+09,TM_3,0.341493
1.79064e+09,TM_1,0.317115
1.79064e+09,TM_3,0.308291
1.79064e+09,TM_8,0.378267
1.79064e+09,TM_9,0.560178
1.79064e+09,TM_3,0.388234
1.79064e+09,TM_9,0.79339
1.79064e+09,TM_7,0.423758
1.79064e+09,TM_6,0.317575
1.79064e+09,TM_5,0.502842
1.79064e+09,TM_8,0.435035
1.79064e+09,TM_2,0.401182
1.79064e+09,TM_5,0.308484
1.79064e+09,TM_7,0.33016
1.79064e+09,TM_5,0.382117
1.79064e+09,TM_6,0.268102
1.79064e+09,TM_7,0.366795
1.79064e+09,TM_1,0.401818
1.79064e+09,TM_1,0.22959
1.79064e+09,TM_4,0.305783
1.79064e+09,TM_2,0.322724
1.79064e+09,TM_4,0.268136
1.79064e+09,TM_4,0.203612
1.79064e+09,TM_6,0.304489
1.79064e+09,TM_9,0.411947
1.79064e+09,TM_8,0.293177
1.79064e+09,TM_2,0.59096
1.79064e+09,TM_3,0.301757
1.79064e+09,TM_1,0.401234
1.79064e+09,TM_3,0.368967
1.79064e+09,TM_8,0.353647
1.79064e+09,TM_9,0.51114
1.79064e+09,TM_3,0.43023
1.79064e+09,TM_9,0.577977
1.79064e+09,TM_7,0.327671
1.79064e+09,TM_6,0.301617
1.79064e+09,TM_5,0.516493
1.79064e+09,TM_8,0.46597
1.79064e+09,TM_2,0.464308
1.79064e+09,TM_5,0.430516
1.79064e+09,TM_7,0.371194
1.79064e+09,TM_5,0.363366
1.79064e+09,TM_6,0.362734
1.79064e+09,TM_7,0.40377
1.79064e+09,TM_1,0.425404
1.79064e+09,TM_1,0.342279
1.79064e+09,TM_4,0.462607
1.79064e+09,TM_2,0.380336
1.79064e+09,TM_4,0.301114
1.79064e+09,TM_4,0.317636
1.79064e+09,TM_6,0.392985
1.79064e+09,TM_9,0.457643
1.79064e+09,TM_8,0.341296
1.79064e+09,TM_2,0.521291
1.79064e+09,TM_3,0.358148
1.79064e+09,TM_1,0.402191
1.79064e+09,TM_3,0.388538
1.79064e+09,TM_8,0.445024
1.79064e+09,TM_9,0.606769
1.79064e+09,TM_3,0.468944
1.79064e+09,TM_9,0.58923
1.79064e+09,TM_7,0.43478
1.79064e+09,TM_6,0.318782
1.79064e+09,TM_5,0.511686
1.79064e+09,TM_8,0.419762
1.79064e+09,TM_2,0.43922
1.79064e+09,TM_5,0.527027
1.79064e+09,TM_7,0.460239
1.79064e+09,TM_5,0.327112
1.79064e+09,TM_6,0.377334
1.79064e+09,TM_7,0.471138
1.79064e+09,TM_1,0.626238
1.79064e+09,TM_1,0.396432
1.79064e+09,TM_4,0.409224
1.79064e+09,TM_2,0.311858
1.79064e+09,TM_4,0.328727
1.79064e+09,TM_4,0.277807
1.79064e+09,TM_6,0.360713
1.79064e+09,TM_9,0.409596
1.79064e+09,TM_8,0.336987
1.79064e+09,TM_2,0.733352
1.79064e+09,TM_3,0.336252
1.79064e+09,TM_1,0.407174
1.79064e+09,TM_3,0.428393
1.79064e+09,TM_8,0.466671
1.79064e+09,TM_9,0.583649
1.79064e+09,TM_3,0.446667
1.79064e+09,TM_9,0.480993
1.79064e+09,TM_7,0.359977
1.79064e+09,TM_6,0.358978
1.79064e+09,TM_5,0.478482
1.79064e+09,TM_8,0.539915
1.79064e+09,TM_2,0.377233
1.79064e+09,TM_5,0.421291
1.79064e+09,TM_7,0.449363
1.79064e+09,TM_5,0.326717
1.79064e+09,TM_6,0.356499
1.79064e+09,TM_7,0.456205
1.79064e+09,TM_1,0.520903
1.79064e+09,TM_1,0.310679
1.79064e+09,TM_4,0.346767
1.79064e+09,TM_2,0.350138
1.79064e+09,TM_4,0.29268
1.79064e+09,TM_4,0.264858
1.79064e+09,TM_6,0.290745
1.79064e+09,TM_9,0.400665
1.79064e+09,TM_8,0.37452
1.79064e+09,TM_2,0.546033
1.79064e+09,TM_3,0.438745
1.79064e+09,TM_1,0.508538
1.79064e+09,TM_3,0.255362
1.79064e+09,TM_8,0.372071
1.79064e+09,TM_9,0.481333
1.79064e+09,TM_3,0.422733
1.79064e+09,TM_9,0.558165
1.79064e+09,TM_7,0.382819
1.79064e+09,TM_6,0.27484
1.79064e+09,TM_5,0.528453
1.79064e+09,TM_8,0.422213
1.79064e+09,TM_2,0.393498
1.79064e+09,TM_5,0.399581
1.79064e+09,TM_7,0.384353
1.79064e+09,TM_5,0.325651
1.79064e+09,TM_6,0.350719
1.79064e+09,TM_7,0.323888
1.79064e+09,TM_1,0.381083
1.79064e+09,TM_1,0.335118
1.79064e+09,TM_4,0.337378
1.79064e+09,TM_2,0.328861
1.79064e+09,TM_4,0.398727
1.79064e+09,TM_4,0.265501
1.79064e+09,TM_6,0.460903
1.79064e+09,TM_9,0.459742
1.79064e+09,TM_8,0.377631
1.79064e+09,TM_2,0.561616
1.79064e+09,TM_3,0.363479
1.79064e+09,TM_1,0.368011
1.79064e+09,TM_3,0.257957
1.79064e+09,TM_8,0.376324
1.79064e+09,TM_9,0.55649
1.79064e+09,TM_3,0.491357
1.79064e+09,TM_9,0.462596
1.79064e+09,TM_7,0.358808
1.79064e+09,TM_6,0.413299
1.79064e+09,TM_5,0.469302
1.79064e+09,TM_8,0.497464
1.79064e+09,TM_2,0.519826
1.79064e+09,TM_5,0.426389
1.79064e+09,TM_7,0.350087
1.79064e+09,TM_5,0.407322
1.79064e+09,TM_6,0.335689
1.79064e+09,TM_7,0.386261
1.79064e+09,TM_1,0.410076
1.79064e+09,TM_1,0.26372
1.79064e+09,TM_4,0.269355
1.79064e+09,TM_2,0.306464
1.79064e+09,TM_4,0.255209
1.79064e+09,TM_4,0.261049
1.79064e+09,TM_6,0.310427
1.79064e+09,TM_9,0.408791
1.79064e+09,TM_8,0.357383
1.79064e+09,TM_2,0.695963
1.79064e+09,TM_3,0.333812
1.79064e+09,TM_1,0.337221
1.79064e+09,TM_3,0.279992
1.79064e+09,TM_8,0.380367
1.79064e+09,TM_9,0.523152
1.79064e+09,TM_3,0.430031
1.79064e+09,TM_9,0.526923
1.79064e+09,TM_7,0.426665
1.79064e+09,TM_6,0.324705
1.79064e+09,TM_5,0.498186
1.79064e+09,TM_8,0.378426
1.79064e+09,TM_2,0.376725
1.79064e+09,TM_5,0.461939
1.79064e+09,TM_7,0.382092
1.79064e+09,TM_5,0.447334
1.79064e+09,TM_6,0.361504
1.79064e+09,TM_7,0.356241
1.79064e+09,TM_1,0.357638
1.79064e+09,TM_1,0.290169
1.79064e+09,TM_4,0.306277
1.79064e+09,TM_2,0.274606
1.79064e+09,TM_4,0.319601
1.79064e+09,TM_4,0.248947
1.79064e+09,TM_6,0.320732
1.79064e+09,TM_9,0.457278
1.79064e+09,TM_8,0.304532
1.79064e+09,TM_2,0.603528
1.79064e+09,TM_3,0.281503
1.79064e+09,TM_1,0.292857
1.79064e+09,TM_3,0.333907
1.79064e+09,TM_8,0.394314
1.79064e+09,TM_9,0.557351
1.79064e+09,TM_3,0.39933
1.79064e+09,TM_9,0.527251
1.79064e+09,TM_7,0.453387
1.79064e+09,TM_6,0.322892
1.79064e+09,TM_5,0.493154
1.79064e+09,TM_8,0.438412
1.79064e+09,TM_2,0.410957
1.79064e+09,TM_5,0.407441
1.79064e+09,TM_7,0.342949
1.79064e+09,TM_5,0.382443
1.79064e+09,TM_6,0.315444
1.79064e+09,TM_7,0.411884
1.79064e+09,TM_1,0.454542
1.79064e+09,TM_1,0.264074
1.79064e+09,TM_4,0.375007
1.79064e+09,TM_2,0.308997
1.79064e+09,TM_4,0.323661
1.79064e+09,TM_4,0.270715
1.79064e+09,TM_6,0.324298
1.79064e+09,TM_9,0.428983
1.79064e+09,TM_8,0.306925
1.79064e+09,TM_2,0.58724
1.79064e+09,TM_3,0.31992
1.79064e+09,TM_1,0.39321
1.79064e+09,TM_3,0.361753
1.79064e+09,TM_8,0.430308
1.79064e+09,TM_9,0.599721
1.79064e+09,TM_3,0.47466
1.79064e+09,TM_9,0.569313
1.79064e+09,TM_7,0.382889
1.79064e+09,TM_6,0.319047
1.79064e+09,TM_5,0.639189
1.79064e+09,TM_8,0.456541
1.79064e+09,TM_2,0.465619
1.79064e+09,TM_5,0.418296
1.79064e+09,TM_7,0.337981
1.79064e+09,TM_5,0.391779
1.79064e+09,TM_6,0.366967
1.79064e+09,TM_7,0.315319
1.79064e+09,TM_1,0.383697
1.79064e+09,TM_1,0.31607
1.79064e+09,TM_4,0.278921
1.79064e+09,TM_2,0.367716
1.79064e+09,TM_4,0.408248
1.79064e+09,TM_4,0.272364
1.79064e+09,TM_6,0.350548
1.79064e+09,TM_9,0.40088
1.79064e+09,TM_8,0.363771
1.79064e+09,TM_2,0.530788
1.79064e+09,TM_3,0.366455
1.79064e+09,TM_1,0.396866
1.79064e+09,TM_3,0.345206
1.79064e+09,TM_8,0.385508
1.79064e+09,TM_9,0.615432
1.79064e+09,TM_3,0.509277
1.79064e+09,TM_9,0.552859
1.79064e+09,TM_7,0.380165
1.79064e+09,TM_6,0.470908
1.79064e+09,TM_5,0.918249
1.79064e+09,TM_8,0.399612
1.79064e+09,TM_2,0.40452
1.79064e+09,TM_5,0.383867
1.79064e+09,TM_7,0.31917
1.79064e+09,TM_5,0.409271
1.79064e+09,TM_6,0.277976
1.79064e+09,TM_7,0.396883
1.79064e+09,TM_1,0.433406
1.79064e+09,TM_1,0.31013
1.79064e+09,TM_4,0.346579
1.79064e+09,TM_2,0.317815
1.79064e+09,TM_4,0.25415
1.79064e+09,TM_4,0.323105
1.79064e+09,TM_6,0.357364
1.79064e+09,TM_9,0.539075
1.79064e+09,TM_8,0.343941
1.79064e+09,TM_2,0.69205
1.79064e+09,TM_3,0.3144
1.79064e+09,TM_1,0.293952
1.79064e+09,TM_3,0.342946
1.79064e+09,TM_8,0.409618
1.79064e+09,TM_9,0.56651
1.79064e+09,TM_3,0.367485
1.79064e+09,TM_9,0.509332
1.79064e+09,TM_7,0.4952
1.79064e+09,TM_6,0.452613
1.79064e+09,TM_5,0.587646
1.79064e+09,TM_8,0.417992
1.79064e+09,TM_2,0.360856
1.79064e+09,TM_5,0.333459
1.79064e+09,TM_7,0.331938
1.79064e+09,TM_5,0.336003
1.79064e+09,TM_6,0.336346
1.79064e+09,TM_7,0.33753
1.79064e+09,TM_1,0.409682
1.79064e+09,TM_1,0.239005
1.79064e+09,TM_4,0.260526
1.79064e+09,TM_2,0.374734
1.79064e+09,TM_4,0.322551
1.79064e+09,TM_4,0.263662
1.79064e+09,TM_6,0.223755
1.79064e+09,TM_9,0.503246
1.79064e+09,TM_8,0.321283
1.79064e+09,TM_2,0.41155
1.79064e+09,TM_3,0.208142
1.79064e+09,TM_1,0.301441
1.79064e+09,TM_3,0.241241
1.79064e+09,TM_8,0.357845
1.79064e+09,TM_9,0.502923
1.79064e+09,TM_3,0.299601
1.79064e+09,TM_9,0.517644
1.79064e+09,TM_7,0.423085
1.79064e+09,TM_6,0.302652
1.79064e+09,TM_5,0.559696
1.79064e+09,TM_8,0.414186
1.79064e+09,TM_2,0.464421
1.79064e+09,TM_5,0.386977
1.79064e+09,TM_7,0.355461
1.79064e+09,TM_5,0.342653
1.79064e+09,TM_6,0.314188
1.79064e+09,TM_7,0.323624
1.79064e+09,TM_1,0.376445
1.79064e+09,TM_1,0.305632
1.79064e+09,TM_4,0.3239
1.79064e+09,TM_2,0.272844
1.79064e+09,TM_4,0.35492
1.79064e+09,TM_4,0.346911
1.79064e+09,TM_6,0.957958
1.79064e+09,TM_9,0.730132
1.79064e+09,TM_8,0.331984
1.79064e+09,TM_2,0.513422
1.79064e+09,TM_3,0.378881
1.79064e+09,TM_1,0.381275
1.79064e+09,TM_3,0.30346
1.79064e+09,TM_8,0.444899
1.79064e+09,TM_9,0.580369
1.79064e+09,TM_3,0.362005
1.79064e+09,TM_9,0.541259
1.79064e+09,TM_7,0.284816
1.79064e+09,TM_6,0.409683
1.79064e+09,TM_5,0.553406
1.79064e+09,TM_8,0.519307
1.79064e+09,TM_2,0.370147
1.79064e+09,TM_5,0.454878
1.79064e+09,TM_7,0.332946
1.79064e+09,TM_5,0.350509
1.79064e+09,TM_6,0.321189
1.79064e+09,TM_7,0.385615
1.79064e+09,TM_1,0.383119
1.79064e+09,TM_1,0.337877
1.79064e+09,TM_4,0.360772
1.79064e+09,TM_2,0.309343
1.79064e+09,TM_4,0.299196
1.79064e+09,TM_4,0.300628
1.79064e+09,TM_6,0.424128
1.79064e+09,TM_9,0.525657
1.79064e+09,TM_8,0.425118
1.79064e+09,TM_2,0.557241
1.79064e+09,TM_3,0.391164
1.79064e+09,TM_1,0.394835
1.79064e+09,TM_3,0.286384
1.79064e+09,TM_8,0.39509
1.79064e+09,TM_9,0.577671
1.79064e+09,TM_3,0.372
1.79064e+09,TM_9,0.711086
1.79064e+09,TM_7,0.373907
1.79064e+09,TM_6,0.427077
1.79064e+09,TM_5,0.517232
1.79064e+09,TM_8,0.537954
1.79064e+09,TM_2,0.414746
1.79064e+09,TM_5,0.379469
1.79064e+09,TM_7,0.313012
1.79064e+09,TM_5,0.322145
1.79064e+09,TM_6,0.420887
1.79064e+09,TM_1,0.460814
1.79064e+09,TM_7,0.513756
1.79064e+09,TM_1,0.338035
1.79064e+09,TM_4,0.326696
1.79064e+09,TM_2,0.319563
1.79064e+09,TM_4,0.304887
1.79064e+09,TM_4,0.352285
1.79064e+09,TM_6,0.305917
1.79064e+09,TM_9,0.509911
1.79064e+09,TM_8,0.350433
1.79064e+09,TM_2,0.508659
1.79064e+09,TM_3,0.264639
1.79064e+09,TM_1,0.292049
1.79064e+09,TM_3,0.317601
1.79064e+09,TM_8,0.443178
1.79064e+09,TM_9,0.790845
1.79064e+09,TM_3,0.514321
1.79064e+09,TM_9,0.6285
1.79064e+09,TM_7,0.368098
1.79064e+09,TM_6,0.380465
1.79064e+09,TM_5,0.525307
1.79064e+09,TM_8,0.403668
1.79064e+09,TM_2,0.39729
1.79064e+09,TM_5,0.410445
1.79064e+09,TM_7,0.34397
1.79064e+09,TM_5,0.351143
1.79064e+09,TM_6,0.331217
1.79064e+09,TM_7,0.398812
1.79064e+09,TM_1,0.488893
1.79064e+09,TM_1,0.359551
1.79064e+09,TM_4,0.393329
1.79064e+09,TM_2,0.368978
1.79064e+09,TM_4,0.26616
1.79064e+09,TM_4,0.312029
1.79064e+09,TM_6,0.304532
1.79064e+09,TM_9,0.508003
1.79064e+09,TM_8,0.326979
1.79064e+09,TM_2,0.645262
1.79064e+09,TM_3,0.324558
1.79064e+09,TM_1,0.332857
1.79064e+09,TM_3,0.471869
1.79064e+09,TM_8,0.424048
1.79064e+09,TM_9,0.660806
1.79064e+09,TM_3,0.465483
1.79064e+09,TM_9,0.628883
1.79064e+09,TM_7,0.390132
1.79064e+09,TM_6,0.330773
1.79064e+09,TM_5,0.541919
1.79064e+09,TM_8,0.4254
1.79064e+09,TM_2,0.428413
1.79064e+09,TM_5,0.456954
1.79064e+09,TM_7,0.370634
1.79064e+09,TM_5,0.365483
1.79064e+09,TM_6,0.364412
1.79064e+09,TM_7,0.456934
1.79064e+09,TM_1,0.514578
1.79064e+09,TM_1,0.351291
1.79064e+09,TM_4,0.379515
1.79064e+09,TM_2,0.318675
1.79064e+09,TM_4,0.25716
1.79064e+09,TM_4,0.300138
1.79064e+09,TM_6,0.304441
1.79064e+09,TM_9,0.57463
1.79064e+09,TM_8,0.316604
1.79064e+09,TM_2,0.625504
1.79064e+09,TM_3,0.297121
1.79064e+09,TM_1,0.288581
1.79064e+09,TM_3,0.334931
1.79064e+09,TM_8,0.344717
1.79064e+09,TM_9,0.504653
1.79064e+09,TM_3,0.341425
1.79064e+09,TM_9,0.626469
1.79064e+09,TM_7,0.39242
1.79064e+09,TM_6,0.312071
1.79064e+09,TM_5,0.55856
1.79064e+09,TM_8,0.545551
1.79064e+09,TM_2,0.404155
1.79064e+09,TM_5,0.439689
1.79064e+09,TM_7,0.3271
1.79064e+09,TM_5,0.399882
1.79064e+09,TM_6,0.299362
1.79064e+09,TM_7,0.397472
1.79064e+09,TM_1,0.462198
1.79064e+09,TM_1,0.277259
1.79064e+09,TM_4,0.263578
1.79064e+09,TM_2,0.334409
1.79064e+09,TM_4,0.285573
1.79064e+09,TM_4,0.313578
1.79064e+09,TM_6,0.373862
1.79064e+09,TM_9,0.418012
1.79064e+09,TM_8,0.308683
1.79064e+09,TM_2,0.556811
1.79064e+09,TM_3,0.319171
1.79064e+09,TM_1,0.305542
1.79064e+09,TM_3,0.389936
1.79064e+09,TM_8,0.414931
1.79064e+09,TM_9,0.575425
1.79064e+09,TM_3,0.400892
1.79064e+09,TM_9,0.631433
1.79064e+09,TM_7,0.344883
1.79064e+09,TM_6,0.369391
1.79064e+09,TM_5,0.570146
1.79064e+09,TM_8,0.39198
1.79064e+09,TM_2,0.408973
1.79064e+09,TM_5,0.390416
1.79064e+09,TM_7,0.399708
1.79064e+09,TM_5,0.485372
1.79064e+09,TM_6,0.354265
1.79064e+09,TM_7,0.518501
1.79064e+09,TM_1,0.693961
1.79064e+09,TM_1,0.30121
1.79064e+09,TM_4,0.278457
1.79064e+09,TM_2,0.360252
1.79064e+09,TM_4,0.296247
1.79064e+09,TM_4,0.245476
1.79064e+09,TM_6,0.32341
1.79064e+09,TM_9,0.457136
1.79064e+09,TM_8,0.446566
1.79064e+09,TM_2,0.538773
1.79064e+09,TM_3,0.291731
1.79064e+09,TM_1,0.26569
1.79064e+09,TM_3,0.31675
1.79064e+09,TM_8,0.390945
1.79064e+09,TM_9,0.57209
1.79064e+09,TM_3,0.37643
1.79064e+09,TM_9,0.658313
1.79064e+09,TM_7,0.379121
1.79064e+09,TM_6,0.370429
1.79064e+09,TM_5,0.554607
1.79064e+09,TM_8,0.432177
1.79064e+09,TM_2,0.435553
1.79064e+09,TM_5,0.510844
1.79064e+09,TM_7,0.407671
1.79064e+09,TM_5,0.485962
1.79064e+09,TM_6,0.327913
1.79064e+09,TM_7,0.410166
1.79064e+09,TM_1,0.460486
1.79064e+09,TM_1,0.259503
1.79064e+09,TM_4,0.319987
1.79064e+09,TM_2,0.340681
1.79064e+09,TM_4,0.386408
1.79064e+09,TM_4,0.285302
1.79064e+09,TM_6,0.383311
1.79064e+09,TM_9,0.449008
1.79064e+09,TM_8,0.350749
1.79064e+09,TM_2,0.617622
1.79064e+09,TM_3,0.297919
1.79064e+09,TM_1,0.30637
1.79064e+09,TM_3,0.326702
1.79064e+09,TM_8,0.356801
1.79064e+09,TM_9,0.518856
1.79064e+09,TM_3,0.328782
1.79064e+09,TM_9,0.614091
1.79064e+09,TM_7,0.420293
1.79064e+09,TM_6,0.326552
1.79064e+09,TM_5,0.481896
1.79064e+09,TM_8,0.419869
1.79064e+09,TM_2,0.407336
1.79064e+09,TM_5,0.404956
1.79064e+09,TM_7,0.362989
1.79064e+09,TM_5,0.334976
1.79064e+09,TM_6,0.291527
1.79064e+09,TM_1,0.313253
1.79064e+09,TM_7,0.451849
1.79064e+09,TM_1,0.265544
1.79064e+09,TM_4,0.245654
1.79064e+09,TM_2,0.344843
1.79064e+09,TM_4,0.270846
1.79064e+09,TM_4,0.244903
1.79064e+09,TM_6,0.400678
1.79064e+09,TM_9,0.465307
1.79064e+09,TM_8,0.335893
1.79064e+09,TM_2,0.589404
1.79064e+09,TM_3,0.31519
1.79064e+09,TM_1,0.252655
1.79064e+09,TM_3,0.284209
1.79064e+09,TM_8,0.340661
1.79064e+09,TM_9,0.486067
1.79064e+09,TM_3,0.304788
1.79064e+09,TM_9,0.628436
1.79064e+09,TM_7,0.42571
1.79064e+09,TM_6,0.326284
1.79064e+09,TM_5,0.590008
1.79064e+09,TM_8,0.439709
1.79064e+09,TM_2,0.366291
1.79064e+09,TM_5,0.352071
1.79064e+09,TM_7,0.37407
1.79064e+09,TM_5,0.349588
1.79064e+09,TM_6,0.314511
1.79064e+09,TM_7,0.414773
1.79064e+09,TM_1,0.481505
1.79064e+09,TM_1,0.254931
1.79064e+09,TM_4,0.22767
1.79064e+09,TM_2,0.454321
1.79064e+09,TM_4,0.23696
1.79064e+09,TM_4,0.22445
1.79064e+09,TM_6,0.382588
1.79064e+09,TM_9,0.456477
1.79064e+09,TM_8,0.326942
1.79064e+09,TM_2,0.453201
1.79064e+09,TM_3,0.297384
1.79064e+09,TM_1,0.347971
1.79064e+09,TM_3,0.429619
1.79064e+09,TM_8,0.331116
1.79064e+09,TM_9,0.547851
1.79064e+09,TM_3,0.345633
1.79064e+09,TM_9,0.556392
1.79064e+09,TM_7,0.264452
1.79064e+09,TM_6,0.290359
1.79064e+09,TM_5,0.574465
1.79064e+09,TM_8,0.418085
1.79064e+09,TM_2,0.48434
1.79064e+09,TM_5,0.431788
1.79064e+09,TM_7,0.3223
1.79064e+09,TM_5,0.389714
1.79064e+09,TM_6,0.326639
1.79064e+09,TM_7,0.391748
1.79064e+09,TM_1,0.408735
1.79064e+09,TM_1,0.285551
1.79064e+09,TM_4,0.289145
1.79064e+09,TM_2,0.332623
1.79064e+09,TM_4,0.325876
1.79064e+09,TM_4,0.28783
1.79064e+09,TM_6,0.368582
1.79064e+09,TM_9,0.447466
1.79064e+09,TM_8,0.378738
1.79064e+09,TM_2,0.525284
1.79064e+09,TM_3,0.294657
1.79064e+09,TM_1,0.304739
1.79064e+09,TM_3,0.300451
1.79064e+09,TM_8,0.455494
1.79064e+09,TM_9,0.740145
1.79064e+09,TM_3,0.380657
1.79064e+09,TM_9,0.6802
1.79064e+09,TM_7,0.4104
1.79064e+09,TM_6,0.376407
1.79064e+09,TM_5,0.540879
1.79064e+09,TM_8,0.42772
1.79064e+09,TM_2,0.504167
1.79064e+09,TM_5,0.440428
1.79064e+09,TM_7,0.321665
1.79064e+09,TM_5,0.394244
1.79064e+09,TM_6,0.415954
1.79064e+09,TM_7,0.389575
1.79064e+09,TM_1,0.426008
1.79064e+09,TM_1,0.343694
1.79064e+09,TM_4,0.359655
1.79064e+09,TM_2,0.391141
1.79064e+09,TM_4,0.273294
1.79064e+09,TM_4,0.339606
1.79064e+09,TM_6,0.531239
1.79064e+09,TM_9,0.451801
1.79064e+09,TM_8,0.407015
1.79064e+09,TM_2,0.480969
1.79064e+09,TM_3,0.440903
1.79064e+09,TM_1,0.479076
1.79064e+09,TM_3,0.365014
1.79064e+09,TM_8,0.436038
1.79064e+09,TM_9,0.56269
1.79064e+09,TM_3,0.328747
1.79064e+09,TM_9,0.568471
1.79064e+09,TM_7,0.337836
1.79064e+09,TM_6,0.430382
1.79064e+09,TM_5,0.487467
1.79064e+09,TM_8,0.528126
1.79064e+09,TM_2,0.438474
1.79064e+09,TM_5,0.383765
1.79064e+09,TM_7,0.34565
1.79064e+09,TM_5,0.317581
1.79064e+09,TM_6,0.287202
1.79064e+09,TM_7,0.366695
1.79064e+09,TM_1,0.468389
1.79064e+09,TM_1,0.282338
1.79064e+09,TM_4,0.281559
1.79064e+09,TM_2,0.316674
1.79064e+09,TM_4,0.282136
1.79064e+09,TM_4,0.367176
1.79064e+09,TM_6,0.458593
1.79064e+09,TM_9,0.376177
1.79064e+09,TM_8,0.337159
1.79064e+09,TM_2,0.469322
1.79064e+09,TM_3,0.384286
1.79064e+09,TM_1,0.618479
1.79064e+09,TM_3,0.216086
1.79064e+09,TM_8,0.332599
1.79064e+09,TM_9,0.472635
1.79064e+09,TM_3,0.342702
1.79064e+09,TM_9,0.538504
1.79064e+09,TM_7,0.479047
1.79064e+09,TM_6,0.433521
1.79064e+09,TM_5,0.487231
1.79064e+09,TM_8,0.533354
1.79064e+09,TM_2,0.41285
1.79064e+09,TM_5,0.413345
1.79064e+09,TM_7,0.474202
1.79064e+09,TM_5,0.35873
1.79064e+09,TM_6,0.320272
1.79064e+09,TM_1,0.436902
1.79064e+09,TM_7,0.534772
1.79064e+09,TM_1,0.360825
1.79064e+09,TM_4,0.319188
1.79064e+09,TM_2,0.337886
1.79064e+09,TM_4,0.276004
1.79064e+09,TM_4,0.371037
1.79064e+09,TM_6,0.486564
1.79064e+09,TM_9,0.37518
1.79064e+09,TM_8,0.372311
1.79064e+09,TM_2,0.607851
1.79064e+09,TM_3,0.278836
1.79064e+09,TM_1,0.322188
1.79064e+09,TM_3,0.527385
1.79064e+09,TM_8,0.442588
1.79064e+09,TM_9,0.512969
1.79064e+09,TM_3,0.408903
1.79064e+09,TM_9,0.590084
1.79064e+09,TM_7,0.414032
1.79064e+09,TM_6,0.421658
1.79064e+09,TM_5,0.476944
1.79064e+09,TM_8,0.424658
1.79064e+09,TM_2,0.400046
1.79064e+09,TM_5,0.392184
1.79064e+09,TM_7,0.379643
1.79064e+09,TM_5,0.322785
1.79064e+09,TM_6,0.34265
1.79064e+09,TM_1,0.359659
1.79064e+09,TM_7,0.455658
1.79064e+09,TM_1,0.435044
1.79064e+09,TM_4,0.469153
1.79064e+09,TM_2,0.355328
1.79064e+09,TM_4,0.253879
1.79064e+09,TM_4,0.275657
1.79064e+09,TM_6,0.430918
1.79064e+09,TM_9,0.387709
1.79064e+09,TM_8,0.330803
1.79064e+09,TM_2,0.553872
1.79064e+09,TM_3,0.322195
1.79064e+09,TM_1,0.342185
1.79064e+09,TM_3,0.349855
1.79064e+09,TM_8,0.422169
1.79064e+09,TM_9,0.530077
1.79064e+09,TM_3,0.417961
1.79064e+09,TM_9,0.562481
1.79064e+09,TM_7,0.428552
1.79064e+09,TM_6,0.491192
1.79064e+09,TM_5,0.554014
1.79064e+09,TM_8,0.507617
1.79064e+09,TM_2,0.397464
1.79064e+09,TM_5,0.392255
1.79064e+09,TM_7,0.38263
1.79064e+09,TM_5,0.262421
1.79064e+09,TM_6,0.340369
1.79064e+09,TM_1,0.359659
1.79064e+09,TM_7,0.452805
1.79064e+09,TM_1,0.302492
1.79064e+09,TM_4,0.294259
1.79064e+09,TM_2,0.323928
1.79064e+09,TM_4,0.249974
1.79064e+09,TM_4,0.361371
1.79064e+09,TM_6,0.385597
1.79064e+09,TM_9,0.489802
1.79064e+09,TM_8,0.35825
1.79064e+09,TM_2,0.614511
1.79064e+09,TM_3,0.277025
1.79064e+09,TM_1,0.364864
1.79064e+09,TM_3,0.257686
1.79064e+09,TM_8,0.360262
1.79064e+09,TM_9,0.508743
1.79064e+09,TM_3,0.331645
1.79064e+09,TM_9,0.598983
1.79064e+09,TM_7,0.365137
1.79064e+09,TM_6,0.300218
1.79064e+09,TM_5,0.618891
1.79064e+09,TM_8,0.403096
1.79064e+09,TM_2,0.433605
1.79064e+09,TM_5,0.36635
1.79064e+09,TM_7,0.500005
1.79064e+09,TM_5,0.385231
1.79064e+09,TM_6,0.300188
1.79064e+09,TM_1,0.497952
1.79064e+09,TM_7,0.593008
1.79064e+09,TM_1,0.27
1.79064e+09,TM_4,0.270131
1.79064e+09,TM_2,0.428581
1.79064e+09,TM_4,0.354399
1.79064e+09,TM_4,0.316549
1.79064e+09,TM_6,0.381191
1.79064e+09,TM_9,0.455894
1.79064e+09,TM_8,0.336372
1.79064e+09,TM_2,0.559487
1.79064e+09,TM_3,0.286334
1.79064e+09,TM_1,0.299451
1.79064e+09,TM_3,0.291609
1.79064e+09,TM_8,0.324814
1.79064e+09,TM_9,0.540321
1.79064e+09,TM_3,0.388184
1.79064e+09,TM_9,0.600335
1.79064e+09,TM_7,0.429276
1.79064e+09,TM_6,0.403582
1.79064e+09,TM_5,0.562707
1.79064e+09,TM_8,0.54912
1.79064e+09,TM_2,0.418134
1.79064e+09,TM_5,0.392813
1.79064e+09,TM_7,0.449408
1.79064e+09,TM_5,0.43502
1.79064e+09,TM_6,0.310961
1.79064e+09,TM_1,0.42389
1.79064e+09,TM_7,0.545072
1.79064e+09,TM_1,0.284963
1.79064e+09,TM_4,0.301079
1.79064e+09,TM_2,0.335653
1.79064e+09,TM_4,0.25408
1.79064e+09,TM_4,0.236432
1.79064e+09,TM_6,0.431817
1.79064e+09,TM_9,0.475626
1.79064e+09,TM_8,0.364098
1.79064e+09,TM_2,0.63094
1.79064e+09,TM_3,0.286744
1.79064e+09,TM_1,0.342798
1.79064e+09,TM_3,0.376747
1.79064e+09,TM_8,0.337319
1.79064e+09,TM_9,0.520663
1.79064e+09,TM_3,0.368249
1.79064e+09,TM_9,0.539982
1.79064e+09,TM_7,0.385361
1.79064e+09,TM_6,0.333162
1.79064e+09,TM_5,0.485426
1.79064e+09,TM_8,0.506581
1.79064e+09,TM_2,0.548333
1.79064e+09,TM_5,0.479951
1.79064e+09,TM_7,0.419985
1.79064e+09,TM_5,0.354763
1.79064e+09,TM_6,0.327528
1.79064e+09,TM_1,0.567116
1.79064e+09,TM_7,0.664316
1.79064e+09,TM_1,0.289452
1.79064e+09,TM_4,0.284353
1.79064e+09,TM_2,0.572564
1.79064e+09,TM_4,0.262363
1.79064e+09,TM_4,0.247889
1.79064e+09,TM_6,0.41948
1.79064e+09,TM_9,0.537388
1.79064e+09,TM_8,0.306533
1.79064e+09,TM_2,0.58753
1.79064e+09,TM_3,0.298293
1.79064e+09,TM_1,0.416438
1.79064e+09,TM_3,0.329091
1.79064e+09,TM_8,0.342496
1.79064e+09,TM_9,0.536612
1.79064e+09,TM_3,0.377284
1.79064e+09,TM_9,0.554265
1.79064e+09,TM_7,0.391529
1.79064e+09,TM_6,0.414939
1.79064e+09,TM_5,0.517021
1.79064e+09,TM_8,0.510932
1.79064e+09,TM_2,0.488286
1.79064e+09,TM_5,0.411163
1.79064e+09,TM_7,0.413552
1.79064e+09,TM_5,0.339904
1.79064e+09,TM_6,0.30383
1.79064e+09,TM_7,0.403675
1.79064e+09,TM_1,0.512982
1.79064e+09,TM_1,0.421383
1.79064e+09,TM_4,0.433947
1.79064e+09,TM_2,0.362634
1.79064e+09,TM_4,0.282794
1.79064e+09,TM_4,0.289967
1.79064e+09,TM_6,0.352879
1.79064e+09,TM_9,0.44589
1.79064e+09,TM_8,0.329111
1.79064e+09,TM_2,0.570927
1.79064e+09,TM_3,0.297987
1.79064e+09,TM_1,0.302442
1.79064e+09,TM_3,0.331582
1.79064e+09,TM_8,0.335255
1.79064e+09,TM_9,0.458954
1.79064e+09,TM_3,0.363373
1.79064e+09,TM_9,0.51998
1.79064e+09,TM_7,0.402899
1.79064e+09,TM_6,0.345317
1.79064e+09,TM_5,0.587134
1.79064e+09,TM_8,0.523209
1.79064e+09,TM_2,0.539494
1.79064e+09,TM_5,0.386392
1.79064e+09,TM_7,0.434648
1.79064e+09,TM_5,0.327157
1.79064e+09,TM_6,0.305764
1.79064e+09,TM_1,0.439615
1.79064e+09,TM_7,0.527444
1.79064e+09,TM_1,0.254324
1.79064e+09,TM_4,0.304941
1.79064e+09,TM_2,0.495433
1.79064e+09,TM_4,0.34397
1.79064e+09,TM_4,0.291397
1.79064e+09,TM_6,0.415505
1.79064e+09,TM_9,0.404095
1.79064e+09,TM_8,0.382449
1.79064e+09,TM_2,0.559845
1.79064e+09,TM_3,0.268015
1.79064e+09,TM_1,0.362516
1.79064e+09,TM_3,0.375811
1.79064e+09,TM_8,0.439429
1.79064e+09,TM_9,0.726552
1.79064e+09,TM_3,0.416621
1.79064e+09,TM_9,0.569397
1.79064e+09,TM_7,0.457831
1.79064e+09,TM_6,0.397002
1.79064e+09,TM_5,0.759173
1.79064e+09,TM_8,0.480766
1.79064e+09,TM_2,0.559389
1.79064e+09,TM_5,0.638572
1.79064e+09,TM_7,0.574029
1.79064e+09,TM_5,0.339774
1.79064e+09,TM_6,0.301847
1.79064e+09,TM_7,0.45335
1.79064e+09,TM_1,0.550362
1.79064e+09,TM_1,0.342009
1.79064e+09,TM_4,0.37537
1.79064e+09,TM_2,0.35405
1.79064e+09,TM_4,0.214676
1.79064e+09,TM_4,0.293047
1.79064e+09,TM_6,0.879382
1.79064e+09,TM_9,0.48975
1.79064e+09,TM_8,0.325575
1.79064e+09,TM_2,0.618568
1.79064e+09,TM_3,0.389688
1.79064e+09,TM_1,0.414283
1.79064e+09,TM_3,0.395843
1.79064e+09,TM_8,0.362533
1.79064e+09,TM_9,0.547205
1.79064e+09,TM_3,0.402677
1.79064e+09,TM_9,0.539196
1.79064e+09,TM_7,0.432174
1.79064e+09,TM_6,0.327017
1.79064e+09,TM_5,0.474733
1.79064e+09,TM_8,0.482498
1.79064e+09,TM_2,0.43655
1.79064e+09,TM_5,0.384979
1.79064e+09,TM_7,0.573769
1.79064e+09,TM_5,0.301557
1.79064e+09,TM_6,0.310518
1.79064e+09,TM_1,0.427018
1.79064e+09,TM_7,0.540738
1.79064e+09,TM_1,0.267335
1.79064e+09,TM_4,0.340803
1.79064e+09,TM_2,0.347747
1.79064e+09,TM_4,0.305865
1.79064e+09,TM_4,0.312956
1.79064e+09,TM_6,0.382097
1.79064e+09,TM_9,0.419524
1.79064e+09,TM_8,0.281975
1.79064e+09,TM_2,0.600785
1.79064e+09,TM_3,0.29741
1.79064e+09,TM_1,0.267905
1.79064e+09,TM_3,0.357933
1.79064e+09,TM_8,0.476487
1.79064e+09,TM_9,0.58302
1.79064e+09,TM_3,0.38218
1.79064e+09,TM_9,0.544522
1.79064e+09,TM_7,0.590029
1.79064e+09,TM_6,0.343465
1.79064e+09,TM_5,0.492734
1.79064e+09,TM_8,0.502715
1.79064e+09,TM_2,0.534458
1.79064e+09,TM_5,0.368428
1.79064e+09,TM_7,0.409575
1.79064e+09,TM_5,0.338662
1.79064e+09,TM_6,0.296841
1.79064e+09,TM_7,0.440717
1.79064e+09,TM_1,0.517608
1.79064e+09,TM_1,0.337998
1.79064e+09,TM_4,0.316286
1.79064e+09,TM_2,0.448097
1.79064e+09,TM_4,0.262945
1.79064e+09,TM_4,0.247991
1.79064e+09,TM_6,0.47755
1.79064e+09,TM_9,0.49104
1.79064e+09,TM_8,0.371335
1.79064e+09,TM_2,0.588905
1.79064e+09,TM_3,0.289376
1.79064e+09,TM_1,0.294315
1.79064e+09,TM_3,0.379435
1.79064e+09,TM_8,0.380363
1.79064e+09,TM_9,0.623587
1.79064e+09,TM_3,0.404813
1.79064e+09,TM_9,0.591408
1.79064e+09,TM_7,0.418432
1.79064e+09,TM_6,0.399528
1.79064e+09,TM_5,0.461533
1.79064e+09,TM_8,0.482606
1.79064e+09,TM_2,0.417116
1.79064e+09,TM_5,0.374196
1.79064e+09,TM_7,0.321973
1.79064e+09,TM_5,0.299949
1.79064e+09,TM_6,0.309025
1.79064e+09,TM_7,0.352373
1.79064e+09,TM_1,0.437749
1.79064e+09,TM_1,0.294328
1.79064e+09,TM_4,0.366859
1.79064e+09,TM_2,0.301436
1.79064e+09,TM_4,0.248495
1.79064e+09,TM_4,0.261427
1.79064e+09,TM_6,0.413423
1.79064e+09,TM_9,0.573012
1.79064e+09,TM_8,0.361952
1.79064e+09,TM_2,0.534028
1.79064e+09,TM_3,0.293327
1.79064e+09,TM_1,0.293289
1.79064e+09,TM_3,0.301053
1.79064e+09,TM_8,0.384696
1.79064e+09,TM_9,0.510116
1.79064e+09,TM_3,0.292839
1.79064e+09,TM_9,0.559971
1.79064e+09,TM_7,0.399682
1.79064e+09,TM_6,0.394806
1.79064e+09,TM_5,0.469406
1.79064e+09,TM_8,0.527256
1.79064e+09,TM_2,0.316245
1.79064e+09,TM_5,0.333936
1.79064e+09,TM_7,0.346612
1.79064e+09,TM_5,0.30553
1.79064e+09,TM_6,0.277633
1.79064e+09,TM_7,0.458172
1.79064e+09,TM_1,0.523068
1.79064e+09,TM_1,0.285227
1.79064e+09,TM_4,0.312451
1.79064e+09,TM_2,0.249927
1.79064e+09,TM_4,0.240745
1.79064e+09,TM_4,0.249588
1.79064e+09,TM_6,0.974755
1.79064e+09,TM_9,0.451939
1.79064e+09,TM_8,0.361768
1.79064e+09,TM_2,0.564442
1.79064e+09,TM_3,0.291119
1.79064e+09,TM_1,0.335307
1.79064e+09,TM_3,0.308437
1.79064e+09,TM_8,0.355516
1.79064e+09,TM_9,0.544183
1.79064e+09,TM_3,0.339557
1.79064e+09,TM_9,0.549064
1.79064e+09,TM_7,0.426543
1.79064e+09,TM_6,0.433928
1.79064e+09,TM_5,0.463161
1.79064e+09,TM_8,0.528936
1.79064e+09,TM_2,0.360417
1.79064e+09,TM_5,0.364034
1.79064e+09,TM_7,0.323902
1.79064e+09,TM_5,0.335273
1.79064e+09,TM_6,0.355104
1.79064e+09,TM_7,0.480591
1.79064e+09,TM_1,0.629132
1.79064e+09,TM_1,0.326203
1.79064e+09,TM_4,0.421731
1.79064e+09,TM_2,0.343876
1.79064e+09,TM_4,0.245379
1.79064e+09,TM_4,0.309276
1.79064e+09,TM_6,0.340496
1.79064e+09,TM_9,0.438519
1.79064e+09,TM_8,0.413865
1.79064e+09,TM_2,0.561434
1.79064e+09,TM_3,0.454312
1.79064e+09,TM_1,0.507111
1.79064e+09,TM_3,0.348935
1.79064e+09,TM_8,0.369178
1.79064e+09,TM_9,0.548046
1.79064e+09,TM_3,0.363017
1.79064e+09,TM_9,0.544754
1.79064e+09,TM_7,0.360335
1.79064e+09,TM_6,0.369631
1.79064e+09,TM_5,0.477956
1.79064e+09,TM_8,0.473064
1.79064e+09,TM_2,0.578821
1.79064e+09,TM_5,0.430166
1.79064e+09,TM_7,0.416563
1.79064e+09,TM_5,0.360562
1.79064e+09,TM_6,0.38577
1.79064e+09,TM_7,0.463133
1.79064e+09,TM_1,0.62424
1.79064e+09,TM_1,0.263967
1.79064e+09,TM_4,0.380833
1.79064e+09,TM_2,0.381003
1.79064e+09,TM_4,0.273327
1.79064e+09,TM_4,0.270019
1.79064e+09,TM_6,0.378839
1.79064e+09,TM_9,0.471681
1.79064e+09,TM_8,0.406707
1.79064e+09,TM_2,0.55053
1.79064e+09,TM_3,0.302416
1.79064e+09,TM_1,0.314021
1.79064e+09,TM_3,0.317134
1.79064e+09,TM_8,0.349998
1.79064e+09,TM_9,0.530153
1.79064e+09,TM_3,0.330406
1.79064e+09,TM_9,0.518949
1.79064e+09,TM_7,0.345708
1.79064e+09,TM_6,0.37601
1.79064e+09,TM_5,0.559697
1.79064e+09,TM_8,0.473255
1.79064e+09,TM_2,0.445289
1.79064e+09,TM_5,0.413006
1.79064e+09,TM_7,0.387862
1.79064e+09,TM_5,0.297422
1.79064e+09,TM_6,0.293667
1.79064e+09,TM_7,0.434085
1.79064e+09,TM_1,0.543459
1.79064e+09,TM_1,0.269583
1.79064e+09,TM_4,0.371735
1.79064e+09,TM_2,0.281424
1.79064e+09,TM_4,0.419867
1.79064e+09,TM_4,0.400624
1.79064e+09,TM_6,0.428429
1.79064e+09,TM_9,0.570896
1.79064e+09,TM_8,0.341295
1.79064e+09,TM_2,0.621314
1.79064e+09,TM_3,0.249231
1.79064e+09,TM_1,0.469953
1.79064e+09,TM_3,0.325604
1.79064e+09,TM_8,0.428377
1.79064e+09,TM_9,0.538803
1.79064e+09,TM_3,0.377015
1.79064e+09,TM_9,0.470433
1.79064e+09,TM_7,0.318767
1.79064e+09,TM_6,0.42144
1.79064e+09,TM_5,0.47092
1.79064e+09,TM_8,0.590092
1.79064e+09,TM_2,0.423543
1.79064e+09,TM_5,0.38721
1.79064e+09,TM_7,0.366454
1.79064e+09,TM_5,0.303282
1.79064e+09,TM_6,0.306639
1.79064e+09,TM_7,0.423984
1.79064e+09,TM_1,0.494394
1.79064e+09,TM_1,0.290017
1.79064e+09,TM_4,0.246311
1.79064e+09,TM_2,0.298949
1.79064e+09,TM_4,0.256794
1.79064e+09,TM_4,0.289388
1.79064e+09,TM_6,0.764397
1.79064e+09,TM_9,0.466896
1.79064e+09,TM_8,0.301866
1.79064e+09,TM_2,0.488824
1.79064e+09,TM_3,0.221069
1.79064e+09,TM_1,0.479435
1.79064e+09,TM_3,0.33088
1.79064e+09,TM_8,0.362174
1.79064e+09,TM_9,0.639341
1.79064e+09,TM_3,0.354684
1.79064e+09,TM_9,0.54198
1.79064e+09,TM_7,0.386788
1.79064e+09,TM_6,0.381689
1.79064e+09,TM_5,0.497775
1.79064e+09,TM_8,0.516867
1.79064e+09,TM_2,0.460191
1.79064e+09,TM_5,0.402907
1.79064e+09,TM_7,0.324885
1.79064e+09,TM_5,0.287535
1.79064e+09,TM_6,0.439323
1.79064e+09,TM_7,0.457692
1.79064e+09,TM_1,0.585003
1.79064e+09,TM_1,0.406186
1.79064e+09,TM_4,0.339682
1.79064e+09,TM_2,0.296259
1.79064e+09,TM_4,0.361427
1.79064e+09,TM_4,0.375897
1.79064e+09,TM_6,0.390939
1.79064e+09,TM_9,0.499461
1.79064e+09,TM_8,0.360892
1.79064e+09,TM_2,0.641588
1.79064e+09,TM_3,0.258425
1.79064e+09,TM_1,0.434993
1.79064e+09,TM_3,0.372986
1.79064e+09,TM_8,0.470849
1.79064e+09,TM_9,0.521578
1.79064e+09,TM_3,0.364617
1.79064e+09,TM_9,0.467449
1.79064e+09,TM_7,0.285638
1.79064e+09,TM_6,0.366471
1.79064e+09,TM_5,0.475765
1.79064e+09,TM_8,0.483475
1.79064e+09,TM_2,0.327713
1.79064e+09,TM_5,0.411835
1.79064e+09,TM_7,0.399583
1.79064e+09,TM_5,0.311015
1.79064e+09,TM_6,0.316914
1.79064e+09,TM_7,0.403973
1.79064e+09,TM_1,0.436625
1.79064e+09,TM_1,0.52535
1.79064e+09,TM_4,0.446339
1.79064e+09,TM_2,0.364883
1.79064e+09,TM_4,0.352454
1.79064e+09,TM_4,0.300345
1.79064e+09,TM_6,0.369439
1.79064e+09,TM_9,0.434888
1.79064e+09,TM_8,0.4463
1.79064e+09,TM_2,0.642956
1.79064e+09,TM_3,0.490998
1.79064e+09,TM_1,0.487685
1.79064e+09,TM_3,0.301895
1.79064e+09,TM_8,0.410026
1.79064e+09,TM_9,0.471784
1.79064e+09,TM_3,0.292085
1.79064e+09,TM_9,0.45042
1.79064e+09,TM_7,0.425913
1.79064e+09,TM_6,0.417546
1.79064e+09,TM_5,0.479706
1.79064e+09,TM_8,0.487294
1.79064e+09,TM_2,0.31473
1.79064e+09,TM_5,0.29911
1.79064e+09,TM_7,0.364521
1.79064e+09,TM_5,0.285136
1.79064e+09,TM_6,0.31457
1.79064e+09,TM_7,0.364996
1.79064e+09,TM_1,0.443307
1.79064e+09,TM_1,0.28627
1.79064e+09,TM_4,0.325526
1.79064e+09,TM_2,0.258623
1.79064e+09,TM_4,0.27541
1.79064e+09,TM_4,0.241647
1.79064e+09,TM_6,0.385338
1.79064e+09,TM_9,0.442238
1.79064e+09,TM_8,0.356644
1.79064e+09,TM_2,0.548347
1.79064e+09,TM_3,0.386267
1.79064e+09,TM_1,0.504292
1.79064e+09,TM_3,0.485228
1.79064e+09,TM_8,0.388872
1.79064e+09,TM_9,0.519966
1.79064e+09,TM_3,0.351653
1.79064e+09,TM_9,0.490743
1.79064e+09,TM_7,0.362426
1.79064e+09,TM_6,0.516073
1.79064e+09,TM_5,0.404658
1.79064e+09,TM_8,0.398425
1.79064e+09,TM_2,0.406587
1.79064e+09,TM_5,0.354571
1.79064e+09,TM_7,0.536859
1.79064e+09,TM_5,0.339527
1.79064e+09,TM_6,0.396744
1.79064e+09,TM_7,0.383789
1.79064e+09,TM_1,0.497757
1.79064e+09,TM_1,0.276165
1.79064e+09,TM_4,0.363199
1.79064e+09,TM_2,0.386923
1.79064e+09,TM_4,0.278356
1.79064e+09,TM_4,0.273775
1.79064e+09,TM_6,0.378365
1.79064e+09,TM_9,0.427753
1.79064e+09,TM_8,0.384856
1.79064e+09,TM_2,0.549563
1.79064e+09,TM_3,0.302492
1.79064e+09,TM_1,0.44223
1.79064e+09,TM_3,0.374356
1.79064e+09,TM_8,0.451681
1.79064e+09,TM_9,0.559302
1.79064e+09,TM_3,0.458071
1.79064e+09,TM_9,0.482285
1.79064e+09,TM_7,0.391321
1.79064e+09,TM_6,0.404616
1.79064e+09,TM_5,0.461062
1.79064e+09,TM_8,0.513627
1.79064e+09,TM_2,0.46931
1.79064e+09,TM_5,0.430542
1.79064e+09,TM_7,0.336096
1.79064e+09,TM_5,0.30683
1.79064e+09,TM_6,0.414852
1.79064e+09,TM_7,0.439324
1.79064e+09,TM_1,0.535183
1.79064e+09,TM_1,0.30999
1.79064e+09,TM_4,0.380674
1.79064e+09,TM_2,0.349818
1.79064e+09,TM_4,0.23591
1.79064e+09,TM_4,0.250235
1.79064e+09,TM_6,0.330985
1.79064e+09,TM_9,0.465933
1.79064e+09,TM_8,0.280971
1.79064e+09,TM_2,0.540953
1.79064e+09,TM_3,0.462511
1.79064e+09,TM_1,0.39232
1.79064e+09,TM_3,0.381821
1.79064e+09,TM_8,0.390291
1.79064e+09,TM_9,0.500042
1.79064e+09,TM_3,0.428337
1.79064e+09,TM_9,0.511217
1.79064e+09,TM_7,0.398284
1.79064e+09,TM_6,0.344542
1.79064e+09,TM_5,0.493726
1.79064e+09,TM_8,0.47437
1.79064e+09,TM_2,0.355018
1.79064e+09,TM_5,0.388671
1.79064e+09,TM_7,0.355345
1.79064e+09,TM_5,0.343131
1.79064e+09,TM_6,0.353095
1.79064e+09,TM_7,0.403769
1.79064e+09,TM_1,0.382614
1.79064e+09,TM_1,0.239349
1.79064e+09,TM_4,0.296524
1.79064e+09,TM_2,0.443552
1.79064e+09,TM_4,0.248088
1.79064e+09,TM_4,0.260095
1.79064e+09,TM_6,0.515594
1.79064e+09,TM_9,0.398374
1.79064e+09,TM_8,0.407139
1.79064e+09,TM_2,0.51322
1.79064e+09,TM_3,0.334252
1.79064e+09,TM_1,0.331051
1.79064e+09,TM_3,0.325734
1.79064e+09,TM_8,0.350866
1.79064e+09,TM_9,0.536323
1.79064e+09,TM_3,0.319199
1.79064e+09,TM_9,0.561743
1.79064e+09,TM_7,0.574171
1.79064e+09,TM_6,0.334442
1.79064e+09,TM_5,0.528391
1.79064e+09,TM_8,0.489416
1.79064e+09,TM_2,0.440949
1.79064e+09,TM_5,0.367811
1.79064e+09,TM_7,0.428912
1.79064e+09,TM_5,0.498486
1.79064e+09,TM_6,0.387636
1.79064e+09,TM_7,0.424611
1.79064e+09,TM_1,0.496233
1.79064e+09,TM_1,0.260462
1.79064e+09,TM_4,0.295778
1.79064e+09,TM_2,0.338014
1.79064e+09,TM_4,0.29166
1.79064e+09,TM_4,0.252506
1.79064e+09,TM_6,0.376146
1.79064e+09,TM_9,0.412776
1.79064e+09,TM_8,0.359363
1.79064e+09,TM_2,0.536078
1.79064e+09,TM_3,0.233894
1.79064e+09,TM_1,0.40274
1.79064e+09,TM_3,0.335243
1.79064e+09,TM_8,0.344431
1.79064e+09,TM_9,0.511869
1.79064e+09,TM_3,0.372526
1.79064e+09,TM_9,0.528096
1.79064e+09,TM_7,0.376793
1.79064e+09,TM_6,0.355827
1.79064e+09,TM_5,0.529212
1.79064e+09,TM_8,0.529044
1.79064e+09,TM_2,0.425849
1.79064e+09,TM_5,0.361958
1.79064e+09,TM_7,0.494411
1.79064e+09,TM_5,0.424788
1.79064e+09,TM_6,0.385304
1.79064e+09,TM_7,0.493337
1.79064e+09,TM_1,0.519106
1.79064e+09,TM_1,0.4759
1.79064e+09,TM_4,0.39952
1.79064e+09,TM_2,0.325724
1.79064e+09,TM_4,0.363646
1.79064e+09,TM_4,0.439522
1.79064e+09,TM_6,0.346981
1.79064e+09,TM_9,0.456652
1.79064e+09,TM_8,0.317562
1.79064e+09,TM_2,0.631684
1.79064e+09,TM_3,0.25905
1.79064e+09,TM_1,0.264828
1.79064e+09,TM_3,0.368754
1.79064e+09,TM_8,0.377874
1.79064e+09,TM_9,0.580008
1.79064e+09,TM_3,0.526442
1.79064e+09,TM_9,0.556807
1.79064e+09,TM_7,0.419173
1.79064e+09,TM_6,0.338401
1.79064e+09,TM_5,0.566502
1.79064e+09,TM_8,0.515601
1.79064e+09,TM_2,0.510187
1.79064e+09,TM_5,0.473292
1.79064e+09,TM_7,0.37968
1.79064e+09,TM_5,0.398366
1.79064e+09,TM_6,0.31726
1.79064e+09,TM_7,0.40375
1.79064e+09,TM_1,0.411939
1.79064e+09,TM_1,0.249395
1.79064e+09,TM_4,0.287962
1.79064e+09,TM_2,0.428044
1.79064e+09,TM_4,0.264011
1.79064e+09,TM_4,0.286595
1.79064e+09,TM_6,0.317853
1.79064e+09,TM_9,0.524268
1.79064e+09,TM_8,0.37147
1.79064e+09,TM_2,0.560489
1.79064e+09,TM_3,0.37953
1.79064e+09,TM_1,0.3417
1.79064e+09,TM_3,0.336635
1.79064e+09,TM_8,0.377365
1.79064e+09,TM_9,0.488264
1.79064e+09,TM_3,0.36647
1.79064e+09,TM_9,0.611976
1.79064e+09,TM_7,0.503032
1.79064e+09,TM_6,0.334668
1.79064e+09,TM_5,0.518069
1.79064e+09,TM_8,0.534424
1.79064e+09,TM_2,0.441305
1.79064e+09,TM_5,0.419824
1.79064e+09,TM_7,0.445378
1.79064e+09,TM_5,0.441835
1.79064e+09,TM_6,0.360495
1.79064e+09,TM_7,0.414378
1.79064e+09,TM_1,0.399703
1.79064e+09,TM_1,0.396084
1.79064e+09,TM_4,0.331517
1.79064e+09,TM_2,0.322319
1.79064e+09,TM_4,0.290698
1.79064e+09,TM_4,0.26672
1.79064e+09,TM_6,0.410572
1.79064e+09,TM_9,0.455448
1.79064e+09,TM_8,0.31394
1.79064e+09,TM_2,0.516123
1.79064e+09,TM_3,0.249703
1.79064e+09,TM_1,0.30641
1.79064e+09,TM_3,0.30188
1.79064e+09,TM_8,0.374035
1.79064e+09,TM_9,0.481332
1.79064e+09,TM_3,0.301028
1.79064e+09,TM_9,0.549181
1.79064e+09,TM_7,0.342698
1.79064e+09,TM_6,0.339384
1.79064e+09,TM_5,0.46949
1.79064e+09,TM_8,0.517639
1.79064e+09,TM_2,0.339462
1.79064e+09,TM_5,0.395306
1.79064e+09,TM_7,0.408984
1.79064e+09,TM_5,0.319157
1.79064e+09,TM_6,0.38719
1.79064e+09,TM_7,0.409191
1.79064e+09,TM_1,0.413889
1.79064e+09,TM_1,0.309844
1.79064e+09,TM_4,0.269301
1.79064e+09,TM_2,0.287272
1.79064e+09,TM_4,0.261957
1.79064e+09,TM_4,0.287826
1.79064e+09,TM_6,0.351377
1.79064e+09,TM_9,0.42616
1.79064e+09,TM_8,0.378155
1.79064e+09,TM_2,0.496124
1.79064e+09,TM_3,0.285032
1.79064e+09,TM_1,0.374956
1.79064e+09,TM_3,0.377731
1.79064e+09,TM_8,0.41073
1.79064e+09,TM_9,0.538586
1.79064e+09,TM_3,0.367323
1.79064e+09,TM_9,0.58013
1.79064e+09,TM_7,0.408792
1.79064e+09,TM_6,0.415462
1.79064e+09,TM_5,0.509544
1.79064e+09,TM_8,0.544482
1.79064e+09,TM_2,0.396852
1.79064e+09,TM_5,0.367083
1.79064e+09,TM_7,0.395365
1.79064e+09,TM_5,0.334937
1.79064e+09,TM_6,0.32697
1.79064e+09,TM_7,0.386786
1.79064e+09,TM_1,0.441801
1.79064e+09,TM_1,0.291085
1.79064e+09,TM_4,0.268462
1.79064e+09,TM_2,0.426255
1.79064e+09,TM_4,0.325508
1.79064e+09,TM_4,0.352317
1.79064e+09,TM_6,0.402888
1.79064e+09,TM_9,0.520768
1.79064e+09,TM_8,0.399254
1.79064e+09,TM_2,0.530916
1.79064e+09,TM_3,0.328984
1.79064e+09,TM_1,0.508946
1.79064e+09,TM_3,0.332649
1.79064e+09,TM_8,0.384712
1.79064e+09,TM_9,0.496219
1.79064e+09,TM_3,0.363169
1.79064e+09,TM_9,0.506056
1.79064e+09,TM_7,0.377031
1.79064e+09,TM_6,0.391275
1.79064e+09,TM_5,0.592074
1.79064e+09,TM_8,0.484606
1.79064e+09,TM_2,0.376081
1.79064e+09,TM_5,0.41214
1.79064e+09,TM_7,0.364567
1.79064e+09,TM_5,0.397229
1.79064e+09,TM_6,0.292601
1.79064e+09,TM_1,0.319659
1.79064e+09,TM_7,0.506446
1.79064e+09,TM_1,0.291431
1.79064e+09,TM_4,0.305235
1.79064e+09,TM_2,0.272708
1.79064e+09,TM_4,0.25861
1.79064e+09,TM_4,0.274
1.79064e+09,TM_6,0.339016
1.79064e+09,TM_9,0.43781
1.79064e+09,TM_8,0.334234
1.79064e+09,TM_2,0.54042
1.79064e+09,TM_3,0.324647
1.79064e+09,TM_1,0.382638
1.79064e+09,TM_3,0.328662
1.79064e+09,TM_8,0.374805
1.79064e+09,TM_9,0.555906
1.79064e+09,TM_3,0.331878
1.79064e+09,TM_9,0.603601
1.79064e+09,TM_7,0.328754
1.79064e+09,TM_6,0.397373
1.79064e+09,TM_5,0.520662
1.79064e+09,TM_8,0.63527
1.79064e+09,TM_2,0.477962
1.79064e+09,TM_5,0.422611
1.79064e+09,TM_7,0.486196
1.79064e+09,TM_5,0.322811
1.79064e+09,TM_6,0.367907
1.79064e+09,TM_7,0.361859
1.79064e+09,TM_1,0.372215
1.79064e+09,TM_1,0.32268
1.79064e+09,TM_4,0.356555
1.79064e+09,TM_2,0.416753
1.79064e+09,TM_4,0.256119
1.79064e+09,TM_4,0.246137
1.79064e+09,TM_6,0.374402
1.79064e+09,TM_9,0.521406
1.79064e+09,TM_8,0.339665
1.79064e+09,TM_2,0.543769
1.79064e+09,TM_3,0.28222
1.79064e+09,TM_1,0.270488
1.79064e+09,TM_3,0.450213
1.79064e+09,TM_8,0.418483
1.79064e+09,TM_9,0.639252
1.79064e+09,TM_3,0.385807
1.79064e+09,TM_9,0.600219
1.79064e+09,TM_7,0.374868
1.79064e+09,TM_6,0.335675
1.79064e+09,TM_5,0.453238
1.79064e+09,TM_8,0.567147
1.79064e+09,TM_2,0.521634
1.79064e+09,TM_5,0.426967
1.79064e+09,TM_7,0.584713
1.79064e+09,TM_5,0.357919
1.79064e+09,TM_6,0.334917
1.79064e+09,TM_7,0.350427
1.79064e+09,TM_1,0.428008
1.79064e+09,TM_1,0.439842
1.79064e+09,TM_4,0.385651
1.79064e+09,TM_2,0.352526
1.79064e+09,TM_4,0.31877
1.79064e+09,TM_4,0.27004
1.79064e+09,TM_6,0.413318
1.79064e+09,TM_9,0.604644
1.79064e+09,TM_8,0.30149
1.79064e+09,TM_2,0.495308
1.79064e+09,TM_3,0.262138
1.79064e+09,TM_1,0.393729
1.79064e+09,TM_3,0.27758
1.79064e+09,TM_8,0.417319
1.79064e+09,TM_9,0.522894
1.79064e+09,TM_3,0.305867
1.79064e+09,TM_9,0.496561
1.79064e+09,TM_7,0.412584
1.79064e+09,TM_6,0.327934
1.79064e+09,TM_5,0.440554
1.79064e+09,TM_8,0.532647
1.79064e+09,TM_2,0.42898
1.79064e+09,TM_5,0.435445
1.79064e+09,TM_7,0.386706
1.79064e+09,TM_5,0.325258
1.79064e+09,TM_6,0.435185
1.79064e+09,TM_1,0.39603
1.79064e+09,TM_7,0.481959
1.79064e+09,TM_1,0.409915
1.79064e+09,TM_4,0.350435
1.79064e+09,TM_2,0.371924
1.79064e+09,TM_4,0.333485
1.79064e+09,TM_4,0.320735
1.79064e+09,TM_6,0.403514
1.79064e+09,TM_9,0.420046
1.79064e+09,TM_8,0.367561
1.79064e+09,TM_2,0.508238
1.79064e+09,TM_3,0.349948
1.79064e+09,TM_1,0.419384
1.79064e+09,TM_3,0.37571
1.79064e+09,TM_8,0.347121
1.79064e+09,TM_9,0.676195
1.79064e+09,TM_3,0.409052
1.79064e+09,TM_9,0.558605
1.79064e+09,TM_7,0.577731
1.79064e+09,TM_6,0.354621
1.79064e+09,TM_5,0.516386
1.79064e+09,TM_8,0.483003
1.79064e+09,TM_2,0.431964
1.79064e+09,TM_5,0.424492
1.79064e+09,TM_7,0.493734
1.79064e+09,TM_5,0.392284
1.79064e+09,TM_6,0.333482
1.79064e+09,TM_1,0.360321
1.79064e+09,TM_7,0.429408
1.79064e+09,TM_1,0.281532
1.79064e+09,TM_4,0.276403
1.79064e+09,TM_2,0.405145
1.79064e+09,TM_4,0.308551
1.79064e+09,TM_4,0.284592
1.79064e+09,TM_6,0.372735
1.79064e+09,TM_9,0.421376
1.79064e+09,TM_8,0.380011
1.79064e+09,TM_2,0.586975
1.79064e+09,TM_3,0.338279
1.79064e+09,TM_1,0.50209
1.79064e+09,TM_3,0.343403
1.79064e+09,TM_8,0.412248
1.79064e+09,TM_9,0.544244
1.79064e+09,TM_3,0.424562
1.79064e+09,TM_9,0.584873
1.79064e+09,TM_7,0.468264
1.79064e+09,TM_6,0.337039
1.79064e+09,TM_5,0.530842
1.79064e+09,TM_8,0.465951
1.79064e+09,TM_2,0.492026
1.79064e+09,TM_5,0.457784
1.79064e+09,TM_7,0.394459
1.79064e+09,TM_5,0.563713
1.79064e+09,TM_6,0.336261
1.79064e+09,TM_1,0.401978
1.79064e+09,TM_7,0.469177
1.79064e+09,TM_1,0.328947
1.79064e+09,TM_4,0.288171
1.79064e+09,TM_2,0.328649
1.79064e+09,TM_4,0.302637
1.79064e+09,TM_4,0.347776
1.79064e+09,TM_6,0.408989
1.79064e+09,TM_9,0.391721
1.79064e+09,TM_8,0.342858
1.79064e+09,TM_2,0.539574
1.79064e+09,TM_3,0.414527
1.79064e+09,TM_1,0.368295
1.79064e+09,TM_3,0.306911
1.79064e+09,TM_8,0.40359
1.79064e+09,TM_9,0.519172
1.79064e+09,TM_3,0.311084
1.79064e+09,TM_9,0.473888
1.79064e+09,TM_7,0.367846
1.79064e+09,TM_6,0.351912
1.79064e+09,TM_5,0.465241
1.79064e+09,TM_8,0.465045
1.79064e+09,TM_2,0.421767
1.79064e+09,TM_5,0.417085
1.79064e+09,TM_7,0.463947
1.79064e+09,TM_5,0.330426
1.79064e+09,TM_6,0.378589
1.79064e+09,TM_1,0.458752
1.79064e+09,TM_7,0.484858
1.79064e+09,TM_1,0.540351
1.79064e+09,TM_4,0.541101
1.79064e+09,TM_2,0.436955
1.79064e+09,TM_4,0.357906
1.79064e+09,TM_4,0.437768
1.79064e+09,TM_6,0.375401
1.79064e+09,TM_9,0.410175
1.79064e+09,TM_8,0.35779
1.79064e+09,TM_2,0.544713
1.79064e+09,TM_3,0.277811
1.79064e+09,TM_1,0.302703
1.79064e+09,TM_3,0.306846
1.79064e+09,TM_8,0.437076
1.79064e+09,TM_9,0.648899
1.79064e+09,TM_3,0.384984
1.79064e+09,TM_9,0.608865
1.79064e+09,TM_7,0.603973
1.79064e+09,TM_6,0.346877
1.79064e+09,TM_5,0.512052
1.79064e+09,TM_8,0.44932
1.79064e+09,TM_2,0.414228
1.79064e+09,TM_5,0.37884
1.79064e+09,TM_7,0.422272
1.79064e+09,TM_5,0.311334
1.79064e+09,TM_6,0.261199
1.79064e+09,TM_1,0.371871
1.79064e+09,TM_7,0.413605
1.79064e+09,TM_1,0.408902
1.79064e+09,TM_4,0.279189
1.79064e+09,TM_2,0.429176
1.79064e+09,TM_4,0.243653
1.79064e+09,TM_4,0.296491
1.79064e+09,TM_6,0.354515
1.79064e+09,TM_9,0.516135
1.79064e+09,TM_8,0.330858
1.79064e+09,TM_2,0.481193
1.79064e+09,TM_3,0.329938
1.79064e+09,TM_1,0.303776
1.79064e+09,TM_3,0.326678
1.79064e+09,TM_8,0.35928
1.79064e+09,TM_9,0.53668
1.79064e+09,TM_3,0.367911
1.79064e+09,TM_9,0.612135
1.79064e+09,TM_7,0.472792
1.79064e+09,TM_6,0.338751
1.79064e+09,TM_5,0.527642
1.79064e+09,TM_8,0.567621
1.79064e+09,TM_2,0.611633
1.79064e+09,TM_5,0.461303
1.79064e+09,TM_7,0.437723
1.79064e+09,TM_5,0.38484
1.79064e+09,TM_6,0.288807
1.79064e+09,TM_1,0.354997
1.79064e+09,TM_7,0.352954
1.79064e+09,TM_1,0.457499
1.79064e+09,TM_4,0.335247
1.79064e+09,TM_2,0.412047
1.79064e+09,TM_4,0.317565
1.79064e+09,TM_4,0.405228
1.79064e+09,TM_6,0.432829
1.79064e+09,TM_9,0.513012
1.79064e+09,TM_8,0.412414
1.79064e+09,TM_2,0.522403
1.79064e+09,TM_3,0.407686
1.79064e+09,TM_1,0.271401
1.79064e+09,TM_3,0.327076
1.79064e+09,TM_8,0.453401
1.79064e+09,TM_9,0.644396
1.79064e+09,TM_3,0.432942
1.79064e+09,TM_9,0.593269
1.79064e+09,TM_7,0.682076
1.79064e+09,TM_6,0.367417
1.79064e+09,TM_5,0.50914
1.79064e+09,TM_8,0.450007
1.79064e+09,TM_2,0.425388
1.79064e+09,TM_5,0.394951
1.79064e+09,TM_7,0.458656
1.79064e+09,TM_5,0.334236
1.79064e+09,TM_6,0.419869
1.79064e+09,TM_1,0.326561
1.79064e+09,TM_7,0.395496
1.79064e+09,TM_1,0.414141
1.79064e+09,TM_4,0.300003
1.79064e+09,TM_2,0.493611
1.79064e+09,TM_4,0.282239
1.79064e+09,TM_4,0.351955
1.79064e+09,TM_6,0.370743
1.79064e+09,TM_9,0.473031
1.79064e+09,TM_8,0.348203
1.79064e+09,TM_2,0.623658
1.79064e+09,TM_3,0.353258
1.79064e+09,TM_1,0.405622
1.79064e+09,TM_3,0.315476
1.79064e+09,TM_8,0.416475
1.79064e+09,TM_9,0.571401
1.79064e+09,TM_3,0.453075
1.79064e+09,TM_9,0.523317
1.79064e+09,TM_7,0.542343
1.79064e+09,TM_6,0.291921
1.79064e+09,TM_5,0.485308
1.79064e+09,TM_8,0.464349
1.79064e+09,TM_2,0.539804
1.79064e+09,TM_5,0.408338
1.79064e+09,TM_7,0.499485
1.79064e+09,TM_5,0.395437
1.79064e+09,TM_6,0.305133
1.79064e+09,TM_1,0.358064
1.79064e+09,TM_7,0.428912
1.79064e+09,TM_1,0.335441
1.79064e+09,TM_4,0.235893
1.79064e+09,TM_2,0.392062
1.79064e+09,TM_4,0.352622
1.79064e+09,TM_4,0.326224
1.79064e+09,TM_6,0.325511
1.79064e+09,TM_9,0.492303
1.79064e+09,TM_8,0.360787
1.79064e+09,TM_2,0.536701
1.79064e+09,TM_3,0.318365
1.79064e+09,TM_1,0.298966
1.79064e+09,TM_3,0.318323
1.79064e+09,TM_8,0.358067
1.79064e+09,TM_9,0.492409
1.79064e+09,TM_3,0.414148
1.79064e+09,TM_9,0.544628
1.79064e+09,TM_7,0.541371
1.79064e+09,TM_6,0.29175
1.79064e+09,TM_5,0.455057
1.79064e+09,TM_8,0.465581
1.79064e+09,TM_2,0.519374
1.79064e+09,TM_5,0.393214
1.79064e+09,TM_7,0.463256
1.79064e+09,TM_5,0.353632
1.79064e+09,TM_6,0.303388
1.79064e+09,TM_1,0.292255
1.79064e+09,TM_7,0.360482
1.79064e+09,TM_1,0.300564
1.79064e+09,TM_4,0.345013
1.79064e+09,TM_2,0.485138
1.79064e+09,TM_4,0.309394
1.79064e+09,TM_4,0.3237
1.79064e+09,TM_6,0.423521
1.79064e+09,TM_9,0.522332
1.79064e+09,TM_8,0.390277
1.79064e+09,TM_2,0.612526
1.79064e+09,TM_3,0.558948
1.79064e+09,TM_1,0.461025
1.79064e+09,TM_3,0.335495
1.79064e+09,TM_8,0.410092
1.79064e+09,TM_9,0.637227
1.79064e+09,TM_3,0.413838
1.79064e+09,TM_9,0.708886
1.79064e+09,TM_7,0.463043
1.79064e+09,TM_6,0.386569
1.79064e+09,TM_5,0.491587
1.79064e+09,TM_8,0.483858
1.79064e+09,TM_2,0.415896
1.79064e+09,TM_5,0.457002
1.79064e+09,TM_7,0.497935
1.79064e+09,TM_5,0.424414
1.79064e+09,TM_6,0.274727
1.79064e+09,TM_1,0.357919
1.79064e+09,TM_7,0.466627
1.79064e+09,TM_1,0.334969
1.79064e+09,TM_4,0.364475
1.79064e+09,TM_2,0.398642
1.79064e+09,TM_4,0.24403
1.79064e+09,TM_4,0.26938
1.79064e+09,TM_6,0.54621
1.79064e+09,TM_9,0.506778
1.79064e+09,TM_8,0.289971
1.79064e+09,TM_2,0.500299
1.79064e+09,TM_3,0.265687
1.79064e+09,TM_1,0.313627
1.79064e+09,TM_3,0.286202
1.79064e+09,TM_8,0.436845
1.79064e+09,TM_9,0.529435
1.79064e+09,TM_3,0.317307
1.79064e+09,TM_9,0.493423
1.79064e+09,TM_7,0.480387
1.79064e+09,TM_6,0.349261
1.79064e+09,TM_5,0.502309
1.79064e+09,TM_8,0.483257
1.79064e+09,TM_2,0.443437
1.79064e+09,TM_5,0.333368
1.79064e+09,TM_7,0.436986
1.79064e+09,TM_5,0.335801
1.79064e+09,TM_6,0.284208
1.79064e+09,TM_1,0.384553
1.79064e+09,TM_7,0.457274
1.79064e+09,TM_1,0.385016
1.79064e+09,TM_4,0.336283
1.79064e+09,TM_2,0.346739
1.79064e+09,TM_4,0.310555
1.79064e+09,TM_4,0.328877
1.79064e+09,TM_6,0.358351
1.79064e+09,TM_9,0.515017
1.79064e+09,TM_8,0.309202
1.79064e+09,TM_2,0.655972
1.79064e+09,TM_3,0.376237
1.79064e+09,TM_1,0.337712
1.79064e+09,TM_3,0.340312
1.79064e+09,TM_8,0.376781
1.79064e+09,TM_9,0.587037
1.79064e+09,TM_3,0.456659
1.79064e+09,TM_9,0.588384
1.79064e+09,TM_7,0.467448
1.79064e+09,TM_6,0.309976
1.79064e+09,TM_5,0.565579
1.79064e+09,TM_8,0.561059
1.79064e+09,TM_2,0.646495
1.79064e+09,TM_5,0.407844
1.79064e+09,TM_7,0.479328
1.79064e+09,TM_5,0.315116
1.79064e+09,TM_6,0.343
1.79064e+09,TM_1,0.300098
1.79064e+09,TM_7,0.464601
1.79064e+09,TM_1,0.331903
1.79064e+09,TM_4,0.327069
1.79064e+09,TM_2,0.330228
1.79064e+09,TM_4,0.298444
1.79064e+09,TM_4,0.354579
1.79064e+09,TM_6,0.405118
1.79064e+09,TM_9,0.564747
1.79064e+09,TM_8,0.357715
1.79064e+09,TM_2,0.488362
1.79064e+09,TM_3,0.477054
1.79064e+09,TM_1,0.361553
1.79064e+09,TM_3,0.383972
1.79064e+09,TM_8,0.392315
1.79064e+09,TM_9,0.584464
1.79064e+09,TM_3,0.402697
1.79064e+09,TM_9,0.535339
1.79064e+09,TM_7,0.432447
1.79064e+09,TM_6,0.378469
1.79064e+09,TM_5,0.529565
1.79064e+09,TM_8,0.451309
1.79064e+09,TM_2,0.500529
1.79064e+09,TM_5,0.404299
1.79064e+09,TM_7,0.577317
1.79064e+09,TM_5,0.326986
1.79064e+09,TM_6,0.346273
1.79064e+09,TM_1,0.278611
1.79064e+09,TM_7,0.465649
1.79064e+09,TM_1,0.503657
1.79064e+09,TM_4,0.375433
1.79064e+09,TM_2,0.335143
1.79064e+09,TM_4,0.318157
1.79064e+09,TM_4,0.356657
1.79064e+09,TM_6,0.368886
1.79064e+09,TM_9,0.452778
1.79064e+09,TM_8,0.341678
1.79064e+09,TM_2,0.591563
1.79064e+09,TM_3,0.366549
1.79064e+09,TM_1,0.328261
1.79064e+09,TM_3,0.303758
1.79064e+09,TM_8,0.42794
1.79064e+09,TM_9,0.550761
1.79064e+09,TM_3,0.381619
1.79064e+09,TM_9,0.639693
1.79064e+09,TM_7,0.542253
1.79064e+09,TM_6,0.429745
1.79064e+09,TM_5,0.497389
1.79064e+09,TM_8,0.56746
1.79064e+09,TM_2,0.543393
1.79064e+09,TM_5,0.385435
1.79064e+09,TM_7,0.487069
1.79064e+09,TM_5,0.285289
1.79064e+09,TM_6,0.320676
1.79064e+09,TM_1,0.316969
1.79064e+09,TM_7,0.352968
1.79064e+09,TM_1,0.402753
1.79064e+09,TM_4,0.303991
1.79064e+09,TM_2,0.42815
1.79064e+09,TM_4,0.278151
1.79064e+09,TM_4,0.361073
1.79064e+09,TM_6,0.369697
1.79064e+09,TM_9,0.405436
1.79064e+09,TM_8,0.33464
1.79064e+09,TM_2,0.49716
1.79064e+09,TM_3,0.303976
1.79064e+09,TM_1,0.289201
1.79064e+09,TM_3,0.267692
1.79064e+09,TM_8,0.389562
1.79064e+09,TM_9,0.565992
1.79064e+09,TM_3,0.390003
1.79064e+09,TM_9,0.484254
1.79064e+09,TM_7,0.607311
1.79064e+09,TM_6,0.373209
1.79064e+09,TM_5,0.480691
1.79064e+09,TM_8,0.479923
1.79064e+09,TM_2,0.502751
1.79064e+09,TM_5,0.436078
1.79064e+09,TM_7,0.353762
1.79064e+09,TM_5,0.327278
1.79064e+09,TM_6,0.341126
1.79064e+09,TM_1,0.272179
1.79064e+09,TM_7,0.344078
1.79064e+09,TM_1,0.332247
1.79064e+09,TM_4,0.319636
1.79064e+09,TM_2,0.373167
1.79064e+09,TM_4,0.269128
1.79064e+09,TM_4,0.31984
1.79064e+09,TM_6,0.449279
1.79064e+09,TM_9,0.430682
1.79064e+09,TM_8,0.337436
1.79064e+09,TM_2,0.479768
1.79064e+09,TM_3,0.247654
1.79064e+09,TM_1,0.317353
1.79064e+09,TM_3,0.313933
1.79064e+09,TM_8,0.340142
1.79064e+09,TM_9,0.613499
1.79064e+09,TM_3,0.398583
1.79064e+09,TM_9,0.585443
1.79064e+09,TM_7,0.648334
1.79064e+09,TM_6,0.362782
1.79064e+09,TM_5,0.501956
1.79064e+09,TM_8,0.695203
1.79064e+09,TM_2,0.49242
1.79064e+09,TM_5,0.370003
1.79064e+09,TM_7,0.419533
1.79064e+09,TM_5,0.40192
1.79064e+09,TM_6,0.305125
1.79064e+09,TM_1,0.290456
1.79064e+09,TM_7,0.433589
1.79064e+09,TM_1,0.325822
1.79064e+09,TM_4,0.40225
1.79064e+09,TM_2,0.446509
1.79064e+09,TM_4,0.304157
1.79064e+09,TM_4,0.30934
1.79064e+09,TM_6,0.345566
1.79064e+09,TM_9,0.579983
1.79064e+09,TM_8,0.380651
1.79064e+09,TM_2,0.563892
1.79064e+09,TM_3,0.437476
1.79064e+09,TM_1,0.296241
1.79064e+09,TM_3,0.305239
1.79064e+09,TM_8,0.375536
1.79064e+09,TM_9,0.63371
1.79064e+09,TM_3,0.502791
1.79064e+09,TM_9,0.528414
1.79064e+09,TM_7,0.426077
1.79064e+09,TM_6,0.33657
1.79064e+09,TM_5,0.491721
1.79064e+09,TM_8,0.589239
1.79064e+09,TM_2,0.477715
1.79064e+09,TM_5,0.407665
1.79064e+09,TM_7,0.456953
1.79064e+09,TM_5,0.391793
1.79064e+09,TM_6,0.311786
1.79064e+09,TM_1,0.355865
1.79064e+09,TM_7,0.406876
1.79064e+09,TM_1,0.30549
1.79064e+09,TM_4,0.330781
1.79064e+09,TM_2,0.467807
1.79064e+09,TM_4,0.344071
1.79064e+09,TM_4,0.29465
1.79064e+09,TM_6,0.327029
1.79064e+09,TM_9,0.396086
1.79064e+09,TM_8,0.418579
1.79064e+09,TM_2,0.532796
1.79064e+09,TM_3,0.313167
1.79064e+09,TM_1,0.310744
1.79064e+09,TM_3,0.362102
1.79064e+09,TM_8,0.410204
1.79064e+09,TM_9,0.527071
1.79064e+09,TM_3,0.36852
1.79064e+09,TM_9,0.598808
1.79064e+09,TM_7,0.412982
1.79064e+09,TM_6,0.332034
1.79064e+09,TM_5,0.476879
1.79064e+09,TM_8,0.461628
1.79064e+09,TM_2,0.47086
1.79064e+09,TM_5,0.367086
1.79064e+09,TM_7,0.370082
1.79064e+09,TM_5,0.352814
1.79064e+09,TM_6,0.320176
1.79064e+09,TM_1,0.356659
1.79064e+09,TM_7,0.382484
1.79064e+09,TM_1,0.28512
1.79064e+09,TM_4,0.312999
1.79064e+09,TM_2,0.378985
1.79064e+09,TM_4,0.29018
1.79064e+09,TM_4,0.349003
1.79064e+09,TM_6,0.390691
1.79064e+09,TM_9,0.396992
1.79064e+09,TM_8,0.3531
1.79064e+09,TM_2,0.608884
1.79064e+09,TM_3,0.351807
1.79064e+09,TM_1,0.354024
1.79064e+09,TM_3,0.325933
1.79064e+09,TM_8,0.410586
1.79064e+09,TM_9,0.62323
1.79064e+09,TM_3,0.430535
1.79064e+09,TM_9,0.536273
1.79064e+09,TM_7,0.422154
1.79064e+09,TM_6,0.390649
1.79064e+09,TM_5,0.481631
1.79064e+09,TM_8,0.500403
1.79064e+09,TM_2,0.448002
1.79064e+09,TM_5,0.428839
1.79064e+09,TM_7,0.450672
1.79064e+09,TM_5,0.344386
1.79064e+09,TM_6,0.366105
1.79064e+09,TM_1,0.316593
1.79064e+09,TM_7,0.510293
1.79064e+09,TM_1,0.305774
1.79064e+09,TM_4,0.255832
1.79064e+09,TM_2,0.347075
1.79064e+09,TM_4,0.318952
1.79064e+09,TM_4,0.360776
1.79064e+09,TM_6,0.644033
1.79064e+09,TM_9,0.403571
1.79064e+09,TM_8,0.345065
1.79064e+09,TM_2,0.585612
1.79064e+09,TM_3,0.37085
1.79064e+09,TM_1,0.336397
1.79064e+09,TM_3,0.322885
1.79064e+09,TM_8,0.358805
1.79064e+09,TM_9,0.552606
1.79064e+09,TM_3,0.491742
1.79064e+09,TM_9,0.55614
1.79064e+09,TM_7,0.456783
1.79064e+09,TM_6,0.408967
1.79064e+09,TM_5,0.465414
1.79064e+09,TM_8,0.618304
1.79064e+09,TM_2,0.506449
1.79064e+09,TM_5,0.46059
1.79064e+09,TM_7,0.503022
1.79064e+09,TM_5,0.317391
1.79064e+09,TM_6,0.306909
1.79064e+09,TM_7,0.364577
1.79064e+09,TM_1,0.45442
1.79064e+09,TM_1,0.320436
1.79064e+09,TM_4,0.312016
1.79064e+09,TM_2,0.349075
1.79064e+09,TM_4,0.274544
1.79064e+09,TM_4,0.307164
1.79064e+09,TM_6,0.297544
1.79064e+09,TM_9,0.540958
1.79064e+09,TM_8,0.286961
1.79064e+09,TM_2,0.579817
1.79064e+09,TM_3,0.28857
1.79064e+09,TM_1,0.283219
1.79064e+09,TM_3,0.255197
1.79064e+09,TM_8,0.349148
1.79064e+09,TM_9,0.536071
1.79064e+09,TM_3,0.334262
1.79064e+09,TM_9,0.507156
1.79064e+09,TM_7,0.398987
1.79064e+09,TM_6,0.366125
1.79064e+09,TM_5,0.407702
1.79064e+09,TM_8,0.507835
1.79064e+09,TM_2,0.452115
1.79064e+09,TM_5,0.343842
1.79064e+09,TM_7,0.447198
1.79064e+09,TM_5,0.327801
1.79064e+09,TM_6,0.338025
1.79064e+09,TM_1,0.358601
1.79064e+09,TM_7,0.408566
1.79064e+09,TM_1,0.270054
1.79064e+09,TM_4,0.282167
1.79064e+09,TM_2,0.375653
1.79064e+09,TM_4,0.437636
1.79064e+09,TM_4,0.327073
1.79064e+09,TM_6,0.36957
1.79064e+09,TM_9,0.494964
1.79064e+09,TM_8,0.339755
1.79064e+09,TM_2,0.594853
1.79064e+09,TM_3,0.334311
1.79064e+09,TM_1,0.327869
1.79064e+09,TM_3,0.310015
1.79064e+09,TM_8,0.325403
1.79064e+09,TM_9,0.568929
1.79064e+09,TM_3,0.444958
1.79064e+09,TM_9,0.614236
1.79064e+09,TM_7,0.386466
1.79064e+09,TM_6,0.371484
1.79064e+09,TM_5,0.467215
1.79064e+09,TM_8,0.510159
1.79064e+09,TM_2,0.496909
1.79064e+09,TM_5,0.462467
1.79064e+09,TM_7,0.480179
1.79064e+09,TM_5,0.340144
1.79064e+09,TM_6,0.335772
1.79064e+09,TM_1,0.264202
1.79064e+09,TM_7,0.391995
1.79064e+09,TM_1,0.308885
1.79064e+09,TM_4,0.258765
1.79064e+09,TM_2,0.302041
1.79064e+09,TM_4,0.275244
1.79064e+09,TM_4,0.270797
1.79064e+09,TM_6,0.481724
1.79064e+09,TM_9,0.54155
1.79064e+09,TM_8,0.366871
1.79064e+09,TM_2,0.45113
1.79064e+09,TM_3,0.315478
1.79064e+09,TM_1,0.391099
1.79064e+09,TM_3,0.247346
1.79064e+09,TM_8,0.396834
1.79064e+09,TM_9,0.523256
1.79064e+09,TM_3,0.473165
1.79064e+09,TM_9,0.738582
1.79064e+09,TM_7,0.447151
1.79064e+09,TM_6,0.383267
1.79064e+09,TM_5,0.55064
1.79064e+09,TM_8,0.459474
1.79064e+09,TM_2,0.466055
1.79064e+09,TM_5,0.39776
1.79064e+09,TM_7,0.434485
1.79064e+09,TM_5,0.349351
1.79064e+09,TM_6,0.37065
1.79064e+09,TM_1,0.407237
1.79064e+09,TM_7,0.43588
1.79064e+09,TM_1,0.321742
1.79064e+09,TM_4,0.24627
1.79064e+09,TM_2,0.413969
1.79064e+09,TM_4,0.289714
1.79064e+09,TM_4,0.270297
1.79064e+09,TM_6,0.519153
1.79064e+09,TM_9,0.416222
1.79064e+09,TM_8,0.414858
1.79064e+09,TM_2,0.54244
1.79064e+09,TM_3,0.252599
1.79064e+09,TM_1,0.283211
1.79064e+09,TM_3,0.351158
1.79064e+09,TM_8,0.344576
1.79064e+09,TM_9,0.554703
1.79064e+09,TM_3,0.394937
1.79064e+09,TM_9,0.445572
1.79064e+09,TM_7,0.395803
1.79064e+09,TM_6,0.347919
1.79064e+09,TM_5,0.585449
1.79064e+09,TM_8,0.441033
1.79064e+09,TM_2,0.447936
1.79064e+09,TM_5,0.327049
1.79064e+09,TM_7,0.371176
1.79064e+09,TM_5,0.296034
1.79064e+09,TM_6,0.390092
1.79064e+09,TM_1,0.33417
1.79064e+09,TM_7,0.406934
1.79064e+09,TM_1,0.272842
1.79064e+09,TM_4,0.264438
1.79064e+09,TM_2,0.415243
1.79064e+09,TM_4,0.23771
1.79064e+09,TM_4,0.291587
1.79064e+09,TM_6,0.304257
1.79064e+09,TM_9,0.395067
1.79064e+09,TM_8,0.314297
1.79064e+09,TM_2,0.545267
1.79064e+09,TM_3,0.310977
1.79064e+09,TM_1,0.261577
1.79064e+09,TM_3,0.328043
1.79064e+09,TM_8,0.393277
1.79064e+09,TM_9,0.508073
1.79064e+09,TM_3,0.364755
1.79064e+09,TM_9,0.519238
1.79064e+09,TM_7,0.360795
1.79064e+09,TM_6,0.485466
1.79064e+09,TM_5,0.466843
1.79064e+09,TM_8,0.480883
1.79064e+09,TM_2,0.49372
1.79064e+09,TM_5,0.409333
1.79064e+09,TM_7,0.399136
1.79064e+09,TM_5,0.320534
1.79064e+09,TM_6,0.324843
1.79064e+09,TM_1,0.395656
1.79064e+09,TM_7,0.48414
1.79064e+09,TM_1,0.364232
1.79064e+09,TM_4,0.318054
1.79064e+09,TM_2,0.410687
1.79064e+09,TM_4,0.256562
1.79064e+09,TM_4,0.336895
1.79064e+09,TM_6,0.358255
1.79064e+09,TM_9,0.731673
1.79064e+09,TM_8,0.355993
1.79064e+09,TM_2,0.495524
1.79064e+09,TM_3,0.319235
1.79064e+09,TM_1,0.354981
1.79064e+09,TM_3,0.343007
1.79064e+09,TM_8,0.343819
1.79064e+09,TM_9,0.526004
1.79064e+09,TM_3,0.299161
1.79064e+09,TM_9,0.493591
1.79064e+09,TM_7,0.364685
1.79064e+09,TM_6,0.314241
1.79064e+09,TM_5,0.454713
1.79064e+09,TM_8,0.558404
1.79064e+09,TM_2,0.345697
1.79064e+09,TM_5,0.352346
1.79064e+09,TM_7,0.467082
1.79064e+09,TM_5,0.32641
1.79064e+09,TM_6,0.354996
1.79064e+09,TM_1,0.454182
1.79064e+09,TM_7,0.549754
1.79064e+09,TM_1,0.352365
1.79064e+09,TM_4,0.259701
1.79064e+09,TM_2,0.309668
1.79064e+09,TM_4,0.337861
1.79064e+09,TM_4,0.316554
1.79064e+09,TM_6,0.373943
1.79064e+09,TM_9,0.526113
1.79064e+09,TM_8,0.417768
1.79064e+09,TM_2,0.553546
1.79064e+09,TM_3,0.40446
1.79064e+09,TM_1,0.343953
1.79064e+09,TM_3,0.342712
1.79064e+09,TM_8,0.441748
1.79064e+09,TM_9,0.638122
1.79064e+09,TM_3,0.458196
1.79064e+09,TM_9,0.543457
1.79064e+09,TM_7,0.382315
1.79064e+09,TM_6,0.418169
1.79064e+09,TM_5,0.488775
1.79064e+09,TM_8,0.545753
1.79064e+09,TM_2,0.487095
1.79064e+09,TM_5,0.312237
1.79064e+09,TM_7,0.536088
1.79064e+09,TM_5,0.453701
1.79064e+09,TM_6,0.317979
1.79064e+09,TM_1,0.369659
1.79064e+09,TM_7,0.477
1.79064e+09,TM_1,0.323147
1.79064e+09,TM_4,0.266316
1.79064e+09,TM_2,0.382119
1.79064e+09,TM_4,0.346106
1.79064e+09,TM_4,0.27723
1.79064e+09,TM_6,0.407096
1.79064e+09,TM_9,0.529558
1.79064e+09,TM_8,0.434952
1.79064e+09,TM_2,0.506747
1.79064e+09,TM_3,0.276229
1.79064e+09,TM_1,0.356092
1.79064e+09,TM_3,0.383472
1.79064e+09,TM_8,0.398135
1.79064e+09,TM_9,0.541275
1.79064e+09,TM_3,0.370468
1.79064e+09,TM_9,0.490162
1.79064e+09,TM_7,0.341048
1.79064e+09,TM_6,0.403043
1.79064e+09,TM_5,0.417192
1.79064e+09,TM_8,0.566197
1.79064e+09,TM_2,0.477519
1.79064e+09,TM_5,0.338008
1.79064e+09,TM_7,0.59759
1.79064e+09,TM_5,0.308176
1.79064e+09,TM_6,0.32909
1.79064e+09,TM_1,0.430464
1.79064e+09,TM_7,0.513922
1.79064e+09,TM_1,0.320594
1.79064e+09,TM_4,0.260462
1.79064e+09,TM_2,0.330465
1.79064e+09,TM_4,0.283478
1.79064e+09,TM_4,0.258287
1.79064e+09,TM_6,0.352873
1.79064e+09,TM_9,0.553617
1.79064e+09,TM_8,0.380137
1.79064e+09,TM_2,0.514507
1.79064e+09,TM_3,0.268905
1.79064e+09,TM_1,0.348722
1.79064e+09,TM_3,0.262763
1.79064e+09,TM_8,0.34096
1.79064e+09,TM_9,0.551844
1.79064e+09,TM_3,0.447454
1.79064e+09,TM_9,0.501689
1.79064e+09,TM_7,0.363143
1.79064e+09,TM_6,0.391573
1.79064e+09,TM_5,0.487218
1.79064e+09,TM_8,0.489451
1.79064e+09,TM_2,0.488508
1.79064e+09,TM_5,0.395603
1.79064e+09,TM_7,0.376369
1.79064e+09,TM_5,0.326885
1.79064e+09,TM_6,0.339074
1.79064e+09,TM_1,0.301068
1.79064e+09,TM_7,0.517197
1.79064e+09,TM_1,0.290221
1.79064e+09,TM_4,0.292311
1.79064e+09,TM_2,0.504239
1.79064e+09,TM_4,0.300181
1.79064e+09,TM_4,0.275829
1.79064e+09,TM_6,0.369399
1.79064e+09,TM_9,0.517447
1.79064e+09,TM_8,0.362297
1.79064e+09,TM_2,0.574436
1.79064e+09,TM_3,0.350351
1.79064e+09,TM_1,0.32615
1.79064e+09,TM_3,0.347806
1.79064e+09,TM_8,0.40387
1.79064e+09,TM_9,0.519765
1.79064e+09,TM_3,0.456818
1.79064e+09,TM_9,0.533691
1.79064e+09,TM_7,0.356965
1.79064e+09,TM_6,0.360587
1.79064e+09,TM_5,0.427778
1.79064e+09,TM_8,0.436633
1.79064e+09,TM_2,0.438425
1.79064e+09,TM_5,0.401051
1.79064e+09,TM_7,0.578089
1.79064e+09,TM_5,0.341705
1.79064e+09,TM_6,0.278101
1.79064e+09,TM_7,0.366271
1.79064e+09,TM_1,0.45907
1.79064e+09,TM_1,0.293696
1.79064e+09,TM_4,0.383723
1.79064e+09,TM_2,0.327465
1.79064e+09,TM_4,0.248184
1.79064e+09,TM_4,0.272938
1.79064e+09,TM_6,0.339045
1.79064e+09,TM_9,0.442848
1.79064e+09,TM_8,0.306366
1.79064e+09,TM_2,0.497869
1.79064e+09,TM_3,0.320589
1.79064e+09,TM_1,0.419966
1.79064e+09,TM_3,0.38364
1.79064e+09,TM_8,0.392152
1.79064e+09,TM_9,0.563079
1.79064e+09,TM_3,0.350472
1.79064e+09,TM_9,0.536772
1.79064e+09,TM_7,0.357046
1.79064e+09,TM_6,0.464335
1.79064e+09,TM_5,0.470628
1.79064e+09,TM_8,0.494153
1.79064e+09,TM_2,0.490253
1.79064e+09,TM_5,0.337198
1.79064e+09,TM_7,0.378006
1.79064e+09,TM_5,0.297436
1.79064e+09,TM_6,0.373869
1.79064e+09,TM_1,0.352144
1.79064e+09,TM_7,0.407196
1.79064e+09,TM_1,0.274545
1.79064e+09,TM_4,0.273313
1.79064e+09,TM_2,0.350461
1.79064e+09,TM_4,0.354283
1.79064e+09,TM_4,0.278311
1.79064e+09,TM_6,0.423148
1.79064e+09,TM_9,0.402702
1.79064e+09,TM_8,0.31312
1.79064e+09,TM_2,0.379359
1.79064e+09,TM_3,0.352312
1.79064e+09,TM_1,0.371835
1.79064e+09,TM_3,0.375168
1.79064e+09,TM_8,0.405362
1.79064e+09,TM_9,0.638867
1.79064e+09,TM_3,0.489186
1.79064e+09,TM_9,0.6176
1.79064e+09,TM_7,0.49389
1.79064e+09,TM_6,0.371872
1.79064e+09,TM_5,0.479476
1.79064e+09,TM_8,0.45687
1.79064e+09,TM_2,0.485171
1.79064e+09,TM_5,0.423145
1.79064e+09,TM_7,0.368235
1.79064e+09,TM_5,0.339139
1.79064e+09,TM_6,0.288894
1.79064e+09,TM_7,0.435166
1.79064e+09,TM_1,0.480631
1.79064e+09,TM_1,0.258428
1.79064e+09,TM_4,0.315697
1.79064e+09,TM_2,0.374207
1.79064e+09,TM_4,0.338284
1.79064e+09,TM_4,0.325101
1.79064e+09,TM_6,0.402663
1.79064e+09,TM_9,0.512154
1.79064e+09,TM_8,0.365316
1.79064e+09,TM_2,0.509254
1.79064e+09,TM_3,0.299476
1.79064e+09,TM_1,0.292782
1.79064e+09,TM_3,0.359952
1.79064e+09,TM_8,0.432542
1.79064e+09,TM_9,0.563542
1.79064e+09,TM_3,0.444596
1.79064e+09,TM_9,0.529723
1.79064e+09,TM_7,0.528387
1.79064e+09,TM_6,0.432386
1.79064e+09,TM_5,0.451917
1.79064e+09,TM_8,0.481055
1.79064e+09,TM_2,0.422487
1.79064e+09,TM_5,0.321393
1.79064e+09,TM_7,0.3779
1.79064e+09,TM_5,0.389946
1.79064e+09,TM_6,0.28913
1.79064e+09,TM_1,0.361917
1.79064e+09,TM_7,0.43047
1.79064e+09,TM_1,0.243287
1.79064e+09,TM_4,0.292057
1.79064e+09,TM_2,0.351333
1.79064e+09,TM_4,0.364844
1.79064e+09,TM_4,0.396335
1.79064e+09,TM_6,0.382384
1.79064e+09,TM_9,0.485887
1.79064e+09,TM_8,0.342833
1.79064e+09,TM_2,0.504887
1.79064e+09,TM_3,0.302908
1.79064e+09,TM_1,0.406445
1.79064e+09,TM_3,0.490332
1.79064e+09,TM_8,0.388901
1.79064e+09,TM_9,0.558272
1.79064e+09,TM_3,0.451351
1.79064e+09,TM_9,0.533852
1.79064e+09,TM_7,0.351743
1.79064e+09,TM_6,0.456338
1.79064e+09,TM_5,0.514998
1.79064e+09,TM_8,0.457156
1.79064e+09,TM_2,0.408367
1.79064e+09,TM_5,0.395281
1.79064e+09,TM_7,0.399129
1.79064e+09,TM_5,0.382083
1.79064e+09,TM_6,0.314602
1.79064e+09,TM_7,0.386495
1.79064e+09,TM_1,0.385514
1.79064e+09,TM_1,0.28705
1.79064e+09,TM_4,0.255552
1.79064e+09,TM_2,0.337816
1.79064e+09,TM_4,0.315958
1.79064e+09,TM_4,0.235617
1.79064e+09,TM_6,0.355026
1.79064e+09,TM_9,0.465762
1.79064e+09,TM_8,0.324821
1.79064e+09,TM_2,0.529687
1.79064e+09,TM_3,0.375206
1.79064e+09,TM_1,0.370044
1.79064e+09,TM_3,0.364941
1.79064e+09,TM_8,0.378891
1.79064e+09,TM_9,0.5973
1.79064e+09,TM_3,0.438431
1.79064e+09,TM_9,0.59543
1.79064e+09,TM_7,0.415645
1.79064e+09,TM_6,0.448579
1.79064e+09,TM_5,0.524302
1.79064e+09,TM_8,0.439759
1.79064e+09,TM_2,0.412825
1.79064e+09,TM_5,0.404247
1.79064e+09,TM_7,0.40128
1.79064e+09,TM_5,0.441311
1.79064e+09,TM_6,0.31026
1.79064e+09,TM_1,0.332839
1.79064e+09,TM_7,0.423045
1.79064e+09,TM_1,0.28093
1.79064e+09,TM_4,0.283471
1.79064e+09,TM_2,0.36907
1.79064e+09,TM_4,0.382755
1.79064e+09,TM_4,0.232319
1.79064e+09,TM_6,0.424531
1.79064e+09,TM_9,0.428298
1.79064e+09,TM_8,0.356658
1.79064e+09,TM_2,0.473358
1.79064e+09,TM_3,0.353498
1.79064e+09,TM_1,0.324182
1.79064e+09,TM_3,0.292901
1.79064e+09,TM_8,0.333242
1.79064e+09,TM_9,0.558577
1.79064e+09,TM_3,0.384283
1.79064e+09,TM_9,0.55981
1.79064e+09,TM_7,0.38295
1.79064e+09,TM_6,0.352857
1.79064e+09,TM_5,0.502073
1.79064e+09,TM_8,0.525823
1.79064e+09,TM_2,0.47153
1.79064e+09,TM_5,0.387967
1.79064e+09,TM_7,0.38563
1.79064e+09,TM_5,0.421168
1.79064e+09,TM_6,0.360506
1.79064e+09,TM_1,0.78515
1.79064e+09,TM_7,0.870318
1.79064e+09,TM_1,0.271724
1.79064e+09,TM_4,0.376728
1.79064e+09,TM_2,0.384048
1.79064e+09,TM_4,0.307741
1.79064e+09,TM_4,0.271602
1.79064e+09,TM_6,0.440031
1.79064e+09,TM_9,0.482121
1.79064e+09,TM_8,0.331962
1.79064e+09,TM_2,0.541689
1.79064e+09,TM_3,0.327234
1.79064e+09,TM_1,0.331983
1.79064e+09,TM_3,0.330726
1.79064e+09,TM_8,0.383556
1.79064e+09,TM_9,0.57927
1.79064e+09,TM_3,0.419501
1.79064e+09,TM_9,0.690509
1.79064e+09,TM_7,0.484962
1.79064e+09,TM_6,0.40863
1.79064e+09,TM_5,0.462752
1.79064e+09,TM_8,0.492252
1.79064e+09,TM_2,0.437008
1.79064e+09,TM_5,0.385044
1.79064e+09,TM_7,0.385592
1.79064e+09,TM_5,0.436519
1.79064e+09,TM_6,0.301251
1.79064e+09,TM_1,0.357116
1.79064e+09,TM_7,0.438957
1.79064e+09,TM_1,0.255723
1.79064e+09,TM_4,0.35548
1.79064e+09,TM_2,0.286129
1.79064e+09,TM_4,0.343155
1.79064e+09,TM_4,0.247573
1.79064e+09,TM_6,0.356094
1.79064e+09,TM_9,0.488511
1.79064e+09,TM_8,0.445699
1.79064e+09,TM_2,0.496252
1.79064e+09,TM_3,0.267347
1.79064e+09,TM_1,0.350199
1.79064e+09,TM_3,0.316393
1.79064e+09,TM_8,0.42317
1.79064e+09,TM_9,0.550713
1.79064e+09,TM_3,0.392234
1.79064e+09,TM_9,0.506731
1.79064e+09,TM_7,0.419087
1.79064e+09,TM_6,0.317809
1.79064e+09,TM_5,0.465225
1.79064e+09,TM_8,0.534395
1.79064e+09,TM_2,0.451985
1.79064e+09,TM_5,0.41311
1.79064e+09,TM_7,0.382669
1.79064e+09,TM_5,0.327343
1.79064e+09,TM_6,0.480597
1.79064e+09,TM_1,0.3869
1.79064e+09,TM_7,0.48891
1.79064e+09,TM_1,0.31807
1.79064e+09,TM_4,0.290809
1.79064e+09,TM_2,0.386513
1.79064e+09,TM_4,0.370228
1.79064e+09,TM_4,0.3058
1.79064e+09,TM_6,0.337182
1.79064e+09,TM_9,0.526432
1.79064e+09,TM_8,0.3059
1.79064e+09,TM_2,0.50612
1.79064e+09,TM_3,0.324186
1.79064e+09,TM_1,0.28182
1.79064e+09,TM_3,0.328421
1.79064e+09,TM_8,0.400784
1.79064e+09,TM_9,0.553603
1.79064e+09,TM_3,0.374205
1.79064e+09,TM_9,0.585879
1.79064e+09,TM_7,0.34355
1.79064e+09,TM_6,0.3702
1.79064e+09,TM_5,0.493022
1.79064e+09,TM_8,0.46762
1.79064e+09,TM_2,0.381478
1.79064e+09,TM_5,0.32838
1.79064e+09,TM_7,0.455455
1.79064e+09,TM_5,0.301101
1.79064e+09,TM_6,0.374794
1.79064e+09,TM_1,0.418108
1.79064e+09,TM_7,0.499693
1.79064e+09,TM_1,0.311854
1.79064e+09,TM_4,0.297357
1.79064e+09,TM_2,0.374542
1.79064e+09,TM_4,0.265788
1.79064e+09,TM_4,0.276755
1.79064e+09,TM_6,0.380602
1.79064e+09,TM_9,0.41234
1.79064e+09,TM_8,0.312568
1.79064e+09,TM_2,0.522052
1.79064e+09,TM_3,0.376504
1.79064e+09,TM_1,0.358021
1.79064e+09,TM_3,0.2782
1.79064e+09,TM_8,0.469225
1.79064e+09,TM_9,0.522153
1.79064e+09,TM_3,0.373327
1.79064e+09,TM_9,0.51586
1.79064e+09,TM_7,0.374053
1.79064e+09,TM_6,0.356711
1.79064e+09,TM_5,0.456193
1.79064e+09,TM_8,0.459216
1.79064e+09,TM_2,0.446349
1.79064e+09,TM_5,0.435775
1.79064e+09,TM_7,0.338056
1.79064e+09,TM_5,0.334773
1.79064e+09,TM_6,0.460084
1.79064e+09,TM_7,0.391169
1.79064e+09,TM_1,0.453348
1.79064e+09,TM_1,0.27579
1.79064e+09,TM_4,0.303714
1.79064e+09,TM_2,0.389408
1.79064e+09,TM_4,0.300384
1.79064e+09,TM_4,0.316702
1.79064e+09,TM_6,0.388199
1.79064e+09,TM_9,0.441147
1.79064e+09,TM_8,0.333933
1.79064e+09,TM_2,0.495671
1.79064e+09,TM_3,0.287268
1.79064e+09,TM_1,0.315567
1.79064e+09,TM_3,0.323659
1.79064e+09,TM_8,0.483424
1.79064e+09,TM_9,0.468307
1.79064e+09,TM_3,0.351232
1.79064e+09,TM_9,0.563877
1.79064e+09,TM_7,0.413868
1.79064e+09,TM_6,0.492075
1.79064e+09,TM_5,0.46153
1.79064e+09,TM_8,0.452233
1.79064e+09,TM_2,0.467002
1.79064e+09,TM_5,0.38681
1.79064e+09,TM_7,0.465891
1.79064e+09,TM_5,0.331452
1.79064e+09,TM_6,0.305077
1.79064e+09,TM_1,0.348934
1.79064e+09,TM_7,0.371472
1.79064e+09,TM_1,0.372731
1.79064e+09,TM_4,0.293056
1.79064e+09,TM_2,0.326626
1.79064e+09,TM_4,0.36796
1.79064e+09,TM_4,0.294304
1.79064e+09,TM_6,0.410633
1.79064e+09,TM_9,0.471671
1.79064e+09,TM_8,0.345698
1.79064e+09,TM_2,0.51154
1.79064e+09,TM_3,0.380954
1.79064e+09,TM_1,0.34641
1.79064e+09,TM_3,0.292437
1.79064e+09,TM_8,0.42215
1.79064e+09,TM_9,0.552102
1.79064e+09,TM_3,0.455235
1.79064e+09,TM_9,0.693736
1.79064e+09,TM_7,0.438661
1.79064e+09,TM_6,0.388139
1.79064e+09,TM_5,0.518309
1.79064e+09,TM_8,0.470228
1.79064e+09,TM_2,0.450024
1.79064e+09,TM_5,0.485991
1.79064e+09,TM_7,0.411209
1.79064e+09,TM_5,0.432793
1.79064e+09,TM_6,0.499299
1.79064e+09,TM_1,0.374795
1.79064e+09,TM_7,0.426514
1.79064e+09,TM_1,0.310055
1.79064e+09,TM_4,0.296472
1.79064e+09,TM_2,0.328245
1.79064e+09,TM_4,0.338412
1.79064e+09,TM_4,0.302564
1.79064e+09,TM_6,0.448844
1.79064e+09,TM_9,0.400006
1.79064e+09,TM_8,0.34353
1.79064e+09,TM_2,0.484174
1.79064e+09,TM_3,0.365196
1.79064e+09,TM_1,0.383574
1.79064e+09,TM_3,0.332173
1.79064e+09,TM_8,0.404227
1.79064e+09,TM_9,0.547185
1.79064e+09,TM_3,0.376391
1.79064e+09,TM_9,0.561706
1.79064e+09,TM_7,0.479216
1.79064e+09,TM_6,0.397756
1.79064e+09,TM_5,0.503536
1.79064e+09,TM_8,0.510698
1.79064e+09,TM_2,0.404113
1.79064e+09,TM_5,0.397887
1.79064e+09,TM_7,0.520491
1.79064e+09,TM_5,0.39309
1.79064e+09,TM_6,0.387674
1.79064e+09,TM_1,0.27184
1.79064e+09,TM_7,0.387978
1.79064e+09,TM_1,0.25998
1.79064e+09,TM_4,0.302469
1.79064e+09,TM_2,0.340535
1.79064e+09,TM_4,0.333864
1.79064e+09,TM_4,0.285096
1.79064e+09,TM_6,0.388832
1.79064e+09,TM_9,0.490684
1.79064e+09,TM_8,0.340651
1.79064e+09,TM_2,0.52878
1.79064e+09,TM_3,0.337992
1.79064e+09,TM_1,0.41334
1.79064e+09,TM_3,0.361712
1.79064e+09,TM_8,0.427376
1.79064e+09,TM_9,0.531076
1.79064e+09,TM_3,0.470847
1.79064e+09,TM_9,0.573598
1.79064e+09,TM_7,0.384043
1.79064e+09,TM_6,0.365556
1.79064e+09,TM_5,0.48207
1.79064e+09,TM_8,0.447446
1.79064e+09,TM_2,0.444196
1.79064e+09,TM_5,0.363217
1.79064e+09,TM_7,0.379016
1.79064e+09,TM_5,0.406245
1.79064e+09,TM_6,0.421478
1.79064e+09,TM_1,0.341273
1.79064e+09,TM_7,0.483905
1.79064e+09,TM_1,0.29277
1.79064e+09,TM_4,0.259141
1.79064e+09,TM_2,0.326393
1.79064e+09,TM_4,0.290129
1.79064e+09,TM_4,0.252584
1.79064e+09,TM_6,0.377582
1.79064e+09,TM_9,0.431587
1.79064e+09,TM_8,0.318893
1.79064e+09,TM_2,0.490155
1.79064e+09,TM_3,0.258883
1.79064e+09,TM_1,0.31339
1.79064e+09,TM_3,0.280841
1.79064e+09,TM_8,0.382985
1.79064e+09,TM_9,0.564209
1.79064e+09,TM_3,0.376241
1.79064e+09,TM_9,0.478557
1.79064e+09,TM_7,0.350948
1.79064e+09,TM_6,0.308201
1.79064e+09,TM_5,0.517436
1.79064e+09,TM_8,0.441288
1.79064e+09,TM_2,0.414394
1.79064e+09,TM_5,0.39643
1.79064e+09,TM_7,0.521158
1.79064e+09,TM_5,0.543354
1.79064e+09,TM_6,0.352975
1.79064e+09,TM_1,0.314089
1.79064e+09,TM_7,0.444588
1.79064e+09,TM_1,0.24177
1.79064e+09,TM_4,0.259316
1.79064e+09,TM_2,0.357858
1.79064e+09,TM_4,0.234408
1.79064e+09,TM_4,0.251335
1.79064e+09,TM_6,0.335621
1.79064e+09,TM_9,0.403929
1.79064e+09,TM_8,0.285448
1.79064e+09,TM_2,0.531996
1.79064e+09,TM_3,0.285583
1.79064e+09,TM_1,0.304369
1.79064e+09,TM_3,0.307335
1.79064e+09,TM_8,0.369239
1.79064e+09,TM_9,0.510271
1.79064e+09,TM_3,0.354552
1.79064e+09,TM_9,0.587251
1.79064e+09,TM_7,0.368891
1.79064e+09,TM_6,0.339525
1.79064e+09,TM_5,0.508351
1.79064e+09,TM_8,0.457369
1.79064e+09,TM_2,0.471133
1.79064e+09,TM_5,0.407367
1.79064e+09,TM_7,0.467711
1.79064e+09,TM_5,0.407855
1.79064e+09,TM_6,0.342507
1.79064e+09,TM_1,0.388073
1.79064e+09,TM_7,0.420473
1.79064e+09,TM_1,0.260877
1.79064e+09,TM_4,0.262781
1.79064e+09,TM_2,0.355172
1.79064e+09,TM_4,0.283632
1.79064e+09,TM_4,0.316168
1.79064e+09,TM_6,0.306914
1.79064e+09,TM_9,0.442305
1.79064e+09,TM_8,0.325772
1.79064e+09,TM_2,0.534985
1.79064e+09,TM_3,0.40692
1.79064e+09,TM_1,0.311763
1.79064e+09,TM_3,0.349116
1.79064e+09,TM_8,0.385256
1.79064e+09,TM_9,0.645435
1.79064e+09,TM_3,0.433916
1.79064e+09,TM_9,0.461693
1.79064e+09,TM_7,0.36997
1.79064e+09,TM_6,0.368718
1.79064e+09,TM_5,0.555187
1.79064e+09,TM_8,0.481701
1.79064e+09,TM_2,0.444139
1.79064e+09,TM_5,0.394874
1.79064e+09,TM_7,0.452375
1.79064e+09,TM_5,0.442033
1.79064e+09,TM_6,0.411482
1.79064e+09,TM_1,0.310721
1.79064e+09,TM_7,0.385531
1.79064e+09,TM_1,0.269198
1.79064e+09,TM_4,0.364908
1.79064e+09,TM_2,0.372714
1.79064e+09,TM_4,0.295906
1.79064e+09,TM_4,0.258018
1.79064e+09,TM_6,0.455492
1.79064e+09,TM_9,0.44174
1.79064e+09,TM_8,0.307663
1.79064e+09,TM_2,0.623367
1.79064e+09,TM_3,0.313804
1.79064e+09,TM_1,0.296938
1.79064e+09,TM_3,0.355758
1.79064e+09,TM_8,0.38211
1.79064e+09,TM_9,0.605758
1.79064e+09,TM_3,0.31292
1.79064e+09,TM_9,0.414941
1.79064e+09,TM_7,0.491129
1.79064e+09,TM_6,0.351483
1.79064e+09,TM_5,0.456894
1.79064e+09,TM_8,0.495739
1.79064e+09,TM_2,0.413872
1.79064e+09,TM_5,0.389214
1.79064e+09,TM_7,0.483824
1.79064e+09,TM_5,0.414801
1.79064e+09,TM_6,0.421451
1.79064e+09,TM_1,0.342584
1.79064e+09,TM_7,0.382911
1.79064e+09,TM_1,0.307716
1.79064e+09,TM_4,0.365166
1.79064e+09,TM_2,0.314617
1.79064e+09,TM_4,0.289932
1.79064e+09,TM_4,0.27964
1.79064e+09,TM_6,0.26055
1.79064e+09,TM_9,0.49832
1.79064e+09,TM_8,0.340734
1.79064e+09,TM_2,0.487408
1.79064e+09,TM_3,0.381866
1.79064e+09,TM_1,0.3775
1.79064e+09,TM_3,0.315929
1.79064e+09,TM_8,0.417952
1.79064e+09,TM_9,0.564253
1.79064e+09,TM_3,0.46395
1.79064e+09,TM_9,0.552815
1.79064e+09,TM_7,0.416813
1.79064e+09,TM_6,0.425867
1.79064e+09,TM_5,0.47976
1.79064e+09,TM_8,0.580209
1.79064e+09,TM_2,0.418596
1.79064e+09,TM_5,0.426035
1.79064e+09,TM_7,0.516984
1.79064e+09,TM_5,0.346811
1.79064e+09,TM_6,0.353247
1.79064e+09,TM_1,0.333663
1.79064e+09,TM_7,0.393781
1.79064e+09,TM_1,0.263297
1.79064e+09,TM_4,0.257891
1.79064e+09,TM_2,0.360784
1.79064e+09,TM_4,0.317915
1.79064e+09,TM_4,0.404217
1.79064e+09,TM_6,0.400956
1.79064e+09,TM_9,0.482284
1.79064e+09,TM_8,0.310451
1.79064e+09,TM_2,0.49921
1.79064e+09,TM_3,0.304077
1.79064e+09,TM_1,0.395638
1.79064e+09,TM_3,0.275012
1.79064e+09,TM_8,0.355696
1.79064e+09,TM_9,0.489023
1.79064e+09,TM_3,0.324242
1.79064e+09,TM_9,0.448497
1.79064e+09,TM_7,0.546637
1.79064e+09,TM_6,0.304075
1.79064e+09,TM_5,0.400978
1.79064e+09,TM_8,0.430485
1.79064e+09,TM_2,0.398912
1.79064e+09,TM_5,0.31406
1.79064e+09,TM_7,0.535767
1.79064e+09,TM_5,0.390491
1.79064e+09,TM_6,0.26985
1.79064e+09,TM_1,0.381028
1.79064e+09,TM_7,0.465723
1.79064e+09,TM_1,0.28011
1.79064e+09,TM_4,0.261967
1.79064e+09,TM_2,0.332472
1.79064e+09,TM_4,0.262076
1.79064e+09,TM_4,0.230201
1.79064e+09,TM_6,0.259492
1.79064e+09,TM_9,0.471879
1.79064e+09,TM_8,0.324514
1.79064e+09,TM_2,0.558988
1.79064e+09,TM_3,0.338355
1.79064e+09,TM_1,0.310318
1.79064e+09,TM_3,0.304031
1.79064e+09,TM_8,0.389945
1.79064e+09,TM_9,0.52341
1.79064e+09,TM_3,0.43814
1.79064e+09,TM_9,0.450556
1.79064e+09,TM_7,0.48558
1.79064e+09,TM_6,0.321398
1.79064e+09,TM_5,0.440237
1.79064e+09,TM_8,0.479212
1.79064e+09,TM_2,0.454467
1.79064e+09,TM_5,0.336051
1.79064e+09,TM_7,0.638196
1.79064e+09,TM_5,0.273952
1.79064e+09,TM_6,0.390804
1.79064e+09,TM_1,0.327787
1.79064e+09,TM_7,0.465908
1.79064e+09,TM_1,0.24401
1.79064e+09,TM_4,0.244632
1.79064e+09,TM_2,0.302833
1.79064e+09,TM_4,0.308348
1.79064e+09,TM_4,0.284691
1.79064e+09,TM_6,0.404009
1.79064e+09,TM_9,0.411229
1.79064e+09,TM_8,0.340756
1.79064e+09,TM_2,0.463483
1.79064e+09,TM_3,0.339787
1.79064e+09,TM_1,0.369347
1.79064e+09,TM_3,0.293383
1.79064e+09,TM_8,0.406356
1.79064e+09,TM_9,0.556626
1.79064e+09,TM_3,0.350325
1.79064e+09,TM_9,0.480215
1.79064e+09,TM_7,0.378768
1.79064e+09,TM_6,0.343878
1.79064e+09,TM_5,0.438712
1.79064e+09,TM_8,0.491898
1.79064e+09,TM_2,0.400458
1.79064e+09,TM_5,0.438675
1.79064e+09,TM_7,0.384486
1.79064e+09,TM_5,0.287071
1.79064e+09,TM_6,0.359728
1.79064e+09,TM_1,0.409934
1.79064e+09,TM_7,0.470691
1.79064e+09,TM_1,0.263249
1.79064e+09,TM_4,0.269446
1.79064e+09,TM_2,0.286492
1.79064e+09,TM_4,0.287151
1.79064e+09,TM_4,0.239817
1.79064e+09,TM_6,0.324736
1.79064e+09,TM_9,0.420543
1.79064e+09,TM_8,0.327626
1.79064e+09,TM_2,0.456892
1.79064e+09,TM_3,0.29619
1.79064e+09,TM_1,0.280571
1.79064e+09,TM_3,0.308165
1.79064e+09,TM_8,0.392147
1.79064e+09,TM_9,0.479995
1.79064e+09,TM_3,0.317739
1.79064e+09,TM_9,0.473485
1.79064e+09,TM_7,0.391653
1.79064e+09,TM_6,0.348745
1.79064e+09,TM_5,0.411415
1.79064e+09,TM_8,0.483381
1.79064e+09,TM_2,0.40986
1.79064e+09,TM_5,0.337886
1.79064e+09,TM_7,0.387877
1.79064e+09,TM_5,0.282453
1.79064e+09,TM_6,0.397958
1.79064e+09,TM_1,0.330886
1.79064e+09,TM_7,0.385924
1.79064e+09,TM_1,0.247876
1.79064e+09,TM_4,0.283962
1.79064e+09,TM_2,0.301084
1.79064e+09,TM_4,0.312253
1.79064e+09,TM_4,0.26621
1.79064e+09,TM_6,0.335928
1.79064e+09,TM_9,0.413601
1.79064e+09,TM_8,0.346146
1.79064e+09,TM_2,0.550135
1.79064e+09,TM_3,0.283131
1.79064e+09,TM_1,0.292112
1.79064e+09,TM_3,0.252149
1.79064e+09,TM_8,0.38286
1.79064e+09,TM_9,0.539599
1.79064e+09,TM_3,0.351361
1.79064e+09,TM_9,0.448769
1.79064e+09,TM_7,0.564308
1.79064e+09,TM_6,0.328127
1.79064e+09,TM_5,0.431686
1.79064e+09,TM_8,0.47179
1.79064e+09,TM_2,0.425261
1.79064e+09,TM_5,0.338314
1.79064e+09,TM_7,0.362505
1.79064e+09,TM_5,0.3533
1.79064e+09,TM_6,0.401169
1.79064e+09,TM_1,0.392776
1.79064e+09,TM_7,0.480737
1.79064e+09,TM_1,0.328719
1.79064e+09,TM_4,0.226792
1.79064e+09,TM_2,0.337975
1.79064e+09,TM_4,0.307515
1.79064e+09,TM_4,0.272532
1.79064e+09,TM_6,0.327811
1.79064e+09,TM_9,0.585981
1.79064e+09,TM_8,0.287794
1.79064e+09,TM_2,0.602364
1.79064e+09,TM_3,0.304018
1.79064e+09,TM_1,0.299281
1.79064e+09,TM_3,0.350057
1.79064e+09,TM_8,0.339658
1.79064e+09,TM_9,0.442049
1.79064e+09,TM_3,0.304471
1.79064e+09,TM_9,0.555973
1.79064e+09,TM_7,0.423131
1.79064e+09,TM_6,0.351779
1.79064e+09,TM_5,0.493888
1.79064e+09,TM_8,0.465579
1.79064e+09,TM_2,0.393792
1.79064e+09,TM_5,0.404045
1.79064e+09,TM_7,0.443125
1.79064e+09,TM_5,0.383064
1.79064e+09,TM_6,0.364
1.79064e+09,TM_1,0.332294
1.79064e+09,TM_7,0.374832
1.79064e+09,TM_1,0.302494
1.79064e+09,TM_4,0.270743
1.79064e+09,TM_2,0.282559
1.79064e+09,TM_4,0.26122
1.79064e+09,TM_4,0.301431
1.79064e+09,TM_6,0.351038
1.79064e+09,TM_9,0.507539
1.79064e+09,TM_8,0.302917
1.79064e+09,TM_2,0.49438
1.79064e+09,TM_3,0.313477
1.79064e+09,TM_1,0.359453
1.79064e+09,TM_3,0.253412
1.79064e+09,TM_8,0.326462
1.79064e+09,TM_9,0.488749
1.79064e+09,TM_3,0.380346
1.79064e+09,TM_9,0.535824
1.79064e+09,TM_7,0.430061
1.79064e+09,TM_6,0.315836
1.79064e+09,TM_5,0.450431
1.79064e+09,TM_8,0.442296
1.79064e+09,TM_2,0.347615
1.79064e+09,TM_5,0.348305
1.79064e+09,TM_7,0.457232
1.79064e+09,TM_5,0.276511
1.79064e+09,TM_6,0.38563
1.79064e+09,TM_1,0.318276
1.79064e+09,TM_7,0.447022
1.79064e+09,TM_1,0.291819
1.79064e+09,TM_4,0.286025
1.79064e+09,TM_2,0.329561
1.79064e+09,TM_4,0.282379
1.79064e+09,TM_4,0.268949
1.79064e+09,TM_6,0.356203
1.79064e+09,TM_9,0.509338
1.79064e+09,TM_8,0.352019
1.79064e+09,TM_2,0.488007
1.79064e+09,TM_3,0.272293
1.79064e+09,TM_1,0.347694
1.79064e+09,TM_3,0.313452
1.79064e+09,TM_8,0.495444
1.79064e+09,TM_9,0.538539
1.79064e+09,TM_3,0.402685
1.79064e+09,TM_9,0.581178
1.79064e+09,TM_7,0.443385
1.79064e+09,TM_6,0.39819
1.79064e+09,TM_5,0.522281
1.79064e+09,TM_8,0.446261
1.79064e+09,TM_2,0.400859
1.79064e+09,TM_5,0.36337
1.79064e+09,TM_7,0.381416
1.79064e+09,TM_5,0.30269
1.79064e+09,TM_6,0.395302
1.79064e+09,TM_1,0.446585
1.79064e+09,TM_7,0.468675
1.79064e+09,TM_1,0.396036
1.79064e+09,TM_4,0.515404
1.79064e+09,TM_2,0.317009
1.79064e+09,TM_4,0.286482
1.79064e+09,TM_4,0.261222
1.79064e+09,TM_6,0.284395
1.79064e+09,TM_9,0.589195
1.79064e+09,TM_8,0.362693
1.79064e+09,TM_2,0.536687
1.79064e+09,TM_3,0.304019
1.79064e+09,TM_1,0.322922
1.79064e+09,TM_3,0.259078
1.79064e+09,TM_8,0.471038
1.79064e+09,TM_9,0.551794
1.79064e+09,TM_3,0.427152
1.79064e+09,TM_9,0.628176
1.79064e+09,TM_7,0.45925
1.79064e+09,TM_6,0.364588
1.79064e+09,TM_5,0.437199
1.79064e+09,TM_8,0.540222
1.79064e+09,TM_2,0.429398
1.79064e+09,TM_5,0.333623
1.79064e+09,TM_7,0.416547
1.79064e+09,TM_5,0.345024
1.79064e+09,TM_6,0.264349
1.79064e+09,TM_1,0.314647
1.79064e+09,TM_7,0.475955
1.79064e+09,TM_1,0.255592
1.79064e+09,TM_4,0.332721
1.79064e+09,TM_2,0.312758
1.79064e+09,TM_4,0.293356
1.79064e+09,TM_4,0.33025
1.79064e+09,TM_6,0.34286
1.79064e+09,TM_9,0.622018
1.79064e+09,TM_8,0.31224
1.79064e+09,TM_2,0.521783
1.79064e+09,TM_3,0.283724
1.79064e+09,TM_1,0.273294
1.79064e+09,TM_3,0.296543
1.79064e+09,TM_8,0.388744
1.79064e+09,TM_9,0.596399
1.79064e+09,TM_3,0.448448
1.79064e+09,TM_9,0.509171
1.79064e+09,TM_7,0.40186
1.79064e+09,TM_6,0.298775
1.79064e+09,TM_5,0.464893
1.79064e+09,TM_8,0.479737
1.79064e+09,TM_2,0.475067
1.79064e+09,TM_5,0.342386
1.79064e+09,TM_7,0.453282
1.79064e+09,TM_5,0.335418
1.79064e+09,TM_6,0.380831
1.79064e+09,TM_1,0.337163
1.79064e+09,TM_7,0.657499
1.79064e+09,TM_1,0.240138
1.79064e+09,TM_4,0.290919
1.79064e+09,TM_2,0.316716
1.79064e+09,TM_4,0.272389
1.79064e+09,TM_4,0.276964
1.79064e+09,TM_6,0.357475
1.79064e+09,TM_9,0.469487
1.79064e+09,TM_8,0.344436
1.79064e+09,TM_2,0.526564
1.79064e+09,TM_3,0.30694
1.79064e+09,TM_1,0.419186
1.79064e+09,TM_3,0.317565
1.79064e+09,TM_8,0.373524
1.79064e+09,TM_9,0.568649
1.79064e+09,TM_3,0.482952
1.79064e+09,TM_9,0.544097
1.79064e+09,TM_7,0.428181
1.79064e+09,TM_6,0.43729
1.79064e+09,TM_5,0.479256
1.79064e+09,TM_8,0.443208
1.79064e+09,TM_2,0.482187
1.79064e+09,TM_5,0.384859
1.79064e+09,TM_7,0.48839
1.79064e+09,TM_5,0.355309
1.79064e+09,TM_6,0.394243
1.79064e+09,TM_1,0.363956
1.79064e+09,TM_7,0.437333
1.79064e+09,TM_1,0.254138
1.79064e+09,TM_4,0.425369
1.79064e+09,TM_2,0.435678
1.79064e+09,TM_4,0.285468
1.79064e+09,TM_4,0.239911
1.79064e+09,TM_6,0.330633
1.79064e+09,TM_9,0.444539
1.79064e+09,TM_8,0.282019
1.79064e+09,TM_2,0.514556
1.79064e+09,TM_3,0.36312
1.79064e+09,TM_1,0.313287
1.79064e+09,TM_3,0.301751
1.79064e+09,TM_8,0.408333
1.79064e+09,TM_9,0.581484
1.79064e+09,TM_3,0.321869
1.79064e+09,TM_9,0.463782
1.79064e+09,TM_7,0.396024
1.79064e+09,TM_6,0.356442
1.79064e+09,TM_5,0.486895
1.79064e+09,TM_8,0.422157
1.79064e+09,TM_2,0.573103
1.79064e+09,TM_5,0.311149
1.79064e+09,TM_7,0.417179
1.79064e+09,TM_5,0.312771
1.79064e+09,TM_6,0.448127
1.79064e+09,TM_1,0.402067
1.79064e+09,TM_7,0.521604
1.79064e+09,TM_1,0.284749
1.79064e+09,TM_4,0.284857
1.79064e+09,TM_2,0.307514
1.79064e+09,TM_4,0.304176
1.79064e+09,TM_4,0.23876
1.79064e+09,TM_6,0.324632
1.79064e+09,TM_9,0.446556
1.79064e+09,TM_8,0.369867
1.79064e+09,TM_2,0.515819
1.79064e+09,TM_3,0.293395
1.79064e+09,TM_1,0.324998
1.79064e+09,TM_3,0.350905
1.79064e+09,TM_8,0.301893
1.79064e+09,TM_9,0.614941
1.79064e+09,TM_3,0.446146
1.79064e+09,TM_9,0.531271
1.79064e+09,TM_7,0.484172
1.79064e+09,TM_6,0.343164
1.79064e+09,TM_5,0.459458
1.79064e+09,TM_8,0.479721
1.79064e+09,TM_2,0.819051
1.79064e+09,TM_5,0.424126
1.79064e+09,TM_7,0.526107
1.79064e+09,TM_5,0.377298
1.79064e+09,TM_6,0.293099
1.79064e+09,TM_1,0.334439
1.79064e+09,TM_7,0.593549
1.79064e+09,TM_1,0.292569
1.79064e+09,TM_4,0.296066
1.79064e+09,TM_2,0.304354
1.79064e+09,TM_4,0.268249
1.79064e+09,TM_4,0.234303
1.79064e+09,TM_6,0.333649
1.79064e+09,TM_9,0.434629
1.79064e+09,TM_8,0.380106
1.79064e+09,TM_2,0.494894
1.79064e+09,TM_3,0.395751
1.79064e+09,TM_1,0.346909
1.79064e+09,TM_3,0.301041
1.79064e+09,TM_8,0.41599
1.79064e+09,TM_9,0.612878
1.79064e+09,TM_3,0.386862
1.79064e+09,TM_9,0.465419
1.79064e+09,TM_7,0.360054
1.79064e+09,TM_6,0.340748
1.79064e+09,TM_5,0.463503
1.79064e+09,TM_8,0.513355
1.79064e+09,TM_2,0.3682
1.79064e+09,TM_5,0.406231
1.79064e+09,TM_7,0.439606
1.79064e+09,TM_5,0.396461
1.79064e+09,TM_6,0.350072
1.79064e+09,TM_1,0.365003
1.79064e+09,TM_7,0.395285
1.79064e+09,TM_1,0.339944
1.79064e+09,TM_4,0.28464
1.79064e+09,TM_2,0.27066
1.79064e+09,TM_4,0.28953
1.79064e+09,TM_4,0.313072
1.79064e+09,TM_6,0.326447
1.79064e+09,TM_9,0.446878
1.79064e+09,TM_8,0.320238
1.79064e+09,TM_2,0.472307
1.79064e+09,TM_3,0.279302
1.79064e+09,TM_1,0.336201
1.79064e+09,TM_3,0.2567
1.79064e+09,TM_8,0.394163
1.79064e+09,TM_9,0.51223
1.79064e+09,TM_3,0.32681
1.79064e+09,TM_9,0.453021
1.79064e+09,TM_7,0.490314
1.79064e+09,TM_6,0.339841
1.79064e+09,TM_5,0.412764
1.79064e+09,TM_8,0.417424
1.79064e+09,TM_2,0.373807
1.79064e+09,TM_5,0.27321
1.79064e+09,TM_7,0.385831
1.79064e+09,TM_5,0.380246
1.79064e+09,TM_6,0.433813
1.79064e+09,TM_1,0.347914
1.79064e+09,TM_7,0.464319
1.79064e+09,TM_1,0.286191
1.79064e+09,TM_4,0.369523
1.79064e+09,TM_2,0.250474
1.79064e+09,TM_4,0.251445
1.79064e+09,TM_4,0.265572
1.79064e+09,TM_6,0.383136
1.79064e+09,TM_9,0.410851
1.79064e+09,TM_8,0.363288
1.79064e+09,TM_2,0.483253
1.79064e+09,TM_3,0.310726
1.79064e+09,TM_1,0.315717
1.79064e+09,TM_3,0.295925
1.79064e+09,TM_8,0.404911
1.79064e+09,TM_9,0.527521
1.79064e+09,TM_3,0.359846
1.79064e+09,TM_9,0.570124
1.79064e+09,TM_7,0.353599
1.79064e+09,TM_6,0.340879
1.79064e+09,TM_5,0.447382
1.79064e+09,TM_8,0.431335
1.79064e+09,TM_2,0.400544
1.79064e+09,TM_5,0.365335
1.79064e+09,TM_7,0.42378
1.79064e+09,TM_5,0.269717
1.79064e+09,TM_6,0.373738
1.79064e+09,TM_1,0.348215
1.79064e+09,TM_7,0.484106
1.79064e+09,TM_1,0.32811
1.79064e+09,TM_4,0.361027
1.79064e+09,TM_2,0.3123
1.79064e+09,TM_4,0.247032
1.79064e+09,TM_4,0.254531
1.79064e+09,TM_6,0.341377
1.79064e+09,TM_9,0.378725
1.79064e+09,TM_8,0.336386
1.79064e+09,TM_2,0.456149
1.79064e+09,TM_3,0.269267
1.79064e+09,TM_1,0.378138
1.79064e+09,TM_3,0.246671
1.79064e+09,TM_8,0.48147
1.79064e+09,TM_9,0.489669
1.79064e+09,TM_3,0.338066
1.79064e+09,TM_9,0.554834
1.79064e+09,TM_7,0.406505
1.79064e+09,TM_6,0.293678
1.79064e+09,TM_5,0.525665
1.79064e+09,TM_8,0.446227
1.79064e+09,TM_2,0.45524
1.79064e+09,TM_5,0.401566
1.79064e+09,TM_7,0.456377
1.79064e+09,TM_5,0.339013
1.79064e+09,TM_6,0.308411
1.79064e+09,TM_1,0.359043
1.79064e+09,TM_7,0.609146
1.79064e+09,TM_1,0.339161
1.79064e+09,TM_4,0.398229
1.79064e+09,TM_2,0.316998
1.79064e+09,TM_4,0.270706
1.79064e+09,TM_4,0.252283
1.79064e+09,TM_6,0.368101
1.79064e+09,TM_9,0.43607
1.79064e+09,TM_8,0.332857
1.79064e+09,TM_2,0.520699
1.79064e+09,TM_3,0.266821
1.79064e+09,TM_1,0.279755
1.79064e+09,TM_3,0.298464
1.79064e+09,TM_8,0.385566
1.79064e+09,TM_9,0.529738
1.79064e+09,TM_3,0.386794
1.79064e+09,TM_9,0.574649
1.79064e+09,TM_7,0.47672
1.79064e+09,TM_6,0.380281
1.79064e+09,TM_5,0.497132
1.79064e+09,TM_8,0.411626
1.79064e+09,TM_2,0.382226
1.79064e+09,TM_5,0.34123
1.79064e+09,TM_7,0.408371
1.79064e+09,TM_5,0.369028
1.79064e+09,TM_6,0.371571
1.79064e+09,TM_1,0.438591
1.79064e+09,TM_7,0.400417
1.79064e+09,TM_1,0.313479
1.79064e+09,TM_4,0.336215
1.79064e+09,TM_2,0.360111
1.79064e+09,TM_4,0.257304
1.79064e+09,TM_4,0.269296
1.79064e+09,TM_6,0.323435
1.79064e+09,TM_9,0.401904
1.79064e+09,TM_8,0.332147
1.79064e+09,TM_2,0.629074
1.79064e+09,TM_3,0.425562
1.79064e+09,TM_1,0.369028
1.79064e+09,TM_3,0.309147
1.79064e+09,TM_8,0.379574
1.79064e+09,TM_9,0.541727
1.79064e+09,TM_3,0.367944
1.79064e+09,TM_9,0.572462
1.79064e+09,TM_7,0.375541
1.79064e+09,TM_6,0.253353
1.79064e+09,TM_5,0.470218
1.79064e+09,TM_8,0.451117
1.79064e+09,TM_2,0.586658
1.79064e+09,TM_5,0.323285
1.79064e+09,TM_7,0.445285
1.79064e+09,TM_5,0.351137
1.79064e+09,TM_6,0.453665
1.79064e+09,TM_1,0.524891
1.79064e+09,TM_7,0.492339
1.79064e+09,TM_1,0.275648
1.79064e+09,TM_4,0.346707
1.79064e+09,TM_2,0.335216
1.79064e+09,TM_4,0.263616
1.79064e+09,TM_4,0.271993
1.79064e+09,TM_6,0.328527
1.79064e+09,TM_9,0.441088
1.79064e+09,TM_8,0.301907
1.79064e+09,TM_2,0.569595
1.79064e+09,TM_3,0.290974
1.79064e+09,TM_1,0.378545
1.79064e+09,TM_3,0.312032
1.79064e+09,TM_8,0.390937
1.79064e+09,TM_9,0.557852
1.79064e+09,TM_3,0.382018
1.79064e+09,TM_9,0.606336
1.79064e+09,TM_7,0.394198
1.79064e+09,TM_6,0.266921
1.79064e+09,TM_5,0.463192
1.79064e+09,TM_8,0.42842
1.79064e+09,TM_2,0.478511
1.79064e+09,TM_5,0.402479
1.79064e+09,TM_7,0.425921
1.79064e+09,TM_5,0.426996
1.79064e+09,TM_6,0.416499
1.79064e+09,TM_1,0.34405
1.79064e+09,TM_7,0.340642
1.79064e+09,TM_1,0.337476
1.79064e+09,TM_4,0.271452
1.79064e+09,TM_2,0.290958
1.79064e+09,TM_4,0.230586
1.79064e+09,TM_4,0.240295
1.79064e+09,TM_6,0.302188
1.79064e+09,TM_9,0.390383
1.79064e+09,TM_8,0.306034
1.79064e+09,TM_2,0.517258
1.79064e+09,TM_3,0.364168
1.79064e+09,TM_1,0.302978
1.79064e+09,TM_3,0.292898
1.79064e+09,TM_8,0.471639
1.79064e+09,TM_9,0.548687
1.79064e+09,TM_3,0.341616
1.79064e+09,TM_9,0.55303
1.79064e+09,TM_7,0.430313
1.79064e+09,TM_6,0.320534
1.79064e+09,TM_5,0.431582
1.79064e+09,TM_8,0.426594
1.79064e+09,TM_2,0.467471
1.79064e+09,TM_5,0.293492
1.79064e+09,TM_7,0.389557
1.79064e+09,TM_5,0.374122
1.79064e+09,TM_6,0.349991
1.79064e+09,TM_1,0.442815
1.79064e+09,TM_7,0.467939
1.79064e+09,TM_1,0.261525
1.79064e+09,TM_4,0.44368
1.79064e+09,TM_2,0.29661
1.79064e+09,TM_4,0.299438
1.79064e+09,TM_4,0.283559
1.79064e+09,TM_6,0.313192
1.79064e+09,TM_9,0.403052
1.79064e+09,TM_8,0.338382
1.79064e+09,TM_2,0.498941
1.79064e+09,TM_3,0.26472
1.79064e+09,TM_1,0.273965
1.79064e+09,TM_3,0.339251
1.79064e+09,TM_8,0.379378
1.79064e+09,TM_9,0.489883
1.79064e+09,TM_3,0.401002
1.79064e+09,TM_9,0.552723
1.79064e+09,TM_7,0.389112
1.79064e+09,TM_6,0.313628
1.79064e+09,TM_5,0.494273
1.79064e+09,TM_8,0.436718
1.79064e+09,TM_2,0.384367
1.79064e+09,TM_5,0.387506
1.79064e+09,TM_7,0.431804
1.79064e+09,TM_5,0.333081
1.79064e+09,TM_6,0.339686
1.79064e+09,TM_1,0.390437
1.79064e+09,TM_7,0.392077
1.79064e+09,TM_1,0.303844
1.79064e+09,TM_4,0.278621
1.79064e+09,TM_2,0.273576
1.79064e+09,TM_4,0.287163
1.79064e+09,TM_4,0.226652
1.79064e+09,TM_6,0.308255
1.79064e+09,TM_9,0.517911
1.79064e+09,TM_8,0.319313
1.79064e+09,TM_2,0.498828
1.79064e+09,TM_3,0.300294
1.79064e+09,TM_1,0.463612
1.79064e+09,TM_3,0.274673
1.79064e+09,TM_8,0.379566
1.79064e+09,TM_9,0.586802
1.79064e+09,TM_3,0.413831
1.79064e+09,TM_9,0.629551
1.79064e+09,TM_7,0.384321
1.79064e+09,TM_6,0.360822
1.79064e+09,TM_5,0.484684
1.79064e+09,TM_8,0.452076
1.79064e+09,TM_2,0.507035
1.79064e+09,TM_5,0.331345
1.79064e+09,TM_7,0.41528
1.79064e+09,TM_5,0.39039
1.79064e+09,TM_6,0.335617
1.79064e+09,TM_1,0.483907
1.79064e+09,TM_7,0.527152
1.79064e+09,TM_1,0.280328
1.79064e+09,TM_4,0.296711
1.79064e+09,TM_2,0.346926
1.79064e+09,TM_4,0.283649
1.79064e+09,TM_4,0.307618
1.79064e+09,TM_6,0.381177
1.79064e+09,TM_9,0.474264
1.79064e+09,TM_8,0.311147
1.79064e+09,TM_2,0.512473
1.79064e+09,TM_3,0.298231
1.79064e+09,TM_1,0.298903
1.79064e+09,TM_3,0.315465
1.79064e+09,TM_8,0.367518
1.79064e+09,TM_9,0.570596
1.79064e+09,TM_3,0.37981
1.79064e+09,TM_9,0.631023
1.79064e+09,TM_7,0.406189
1.79064e+09,TM_6,0.361058
1.79064e+09,TM_5,0.524247
1.79064e+09,TM_8,0.510965
1.79064e+09,TM_2,0.462451
1.79064e+09,TM_5,0.286346
1.79064e+09,TM_7,0.366131
1.79064e+09,TM_5,0.326012
1.79064e+09,TM_6,0.385075
1.79064e+09,TM_1,0.284545
1.79064e+09,TM_7,0.443198
1.79064e+09,TM_1,0.274395
1.79064e+09,TM_4,0.444545
1.79064e+09,TM_2,0.348591
1.79064e+09,TM_4,0.327026
1.79064e+09,TM_4,0.304935
1.79064e+09,TM_6,0.374706
1.79064e+09,TM_9,0.404908
1.79064e+09,TM_8,0.352386
1.79064e+09,TM_2,0.576077
1.79064e+09,TM_3,0.280258
1.79064e+09,TM_1,0.31238
1.79064e+09,TM_3,0.41006
1.79064e+09,TM_8,0.444622
1.79064e+09,TM_9,0.538377
1.79064e+09,TM_3,0.342772
1.79064e+09,TM_9,0.577387
1.79064e+09,TM_7,0.34464
1.79064e+09,TM_6,0.382493
1.79064e+09,TM_5,0.422541
1.79064e+09,TM_8,0.428229
1.79064e+09,TM_2,0.434511
1.79064e+09,TM_5,0.286484
1.79064e+09,TM_7,0.364052
1.79064e+09,TM_5,0.302242
1.79064e+09,TM_6,0.347924
1.79064e+09,TM_1,0.314981
1.79064e+09,TM_7,0.424518
1.79064e+09,TM_1,0.304309
1.79064e+09,TM_4,0.290278
1.79064e+09,TM_2,0.305008
1.79064e+09,TM_4,0.258242
1.79064e+09,TM_4,0.224916
1.79064e+09,TM_6,0.298628
1.79064e+09,TM_9,0.48991
1.79064e+09,TM_8,0.316009
1.79064e+09,TM_2,0.530013
1.79064e+09,TM_3,0.279469
1.79064e+09,TM_1,0.27758
1.79064e+09,TM_3,0.260077
1.79064e+09,TM_8,0.303155
1.79064e+09,TM_9,0.512313
1.79064e+09,TM_3,0.431211
1.79064e+09,TM_9,0.515459
1.79064e+09,TM_7,0.371591
1.79064e+09,TM_6,0.321912
1.79064e+09,TM_5,0.453912
1.79064e+09,TM_8,0.393308
1.79064e+09,TM_2,0.398175
1.79064e+09,TM_5,0.303241
1.79064e+09,TM_7,0.561662
1.79064e+09,TM_5,0.425876
1.79064e+09,TM_6,0.260176
1.79064e+09,TM_1,0.352503
1.79064e+09,TM_7,0.410975
1.79064e+09,TM_1,0.269904
1.79064e+09,TM_4,0.310822
1.79064e+09,TM_2,0.321014
1.79064e+09,TM_4,0.253339
1.79064e+09,TM_4,0.244354
1.79064e+09,TM_6,0.227363
1.79064e+09,TM_9,0.420047
1.79064e+09,TM_8,0.32349
1.79064e+09,TM_2,0.497331
1.79064e+09,TM_3,0.233833
1.79064e+09,TM_1,0.441219
1.79064e+09,TM_3,0.299965
1.79064e+09,TM_8,0.374896
1.79064e+09,TM_9,0.560356
1.79064e+09,TM_3,0.398216
1.79064e+09,TM_9,0.617298
1.79064e+09,TM_7,0.387898
1.79064e+09,TM_6,0.434297
1.79064e+09,TM_5,0.476932
1.79064e+09,TM_8,0.470014
1.79064e+09,TM_2,0.473819
1.79064e+09,TM_5,0.330717
1.79064e+09,TM_7,0.401723
1.79064e+09,TM_5,0.294453
1.79064e+09,TM_6,0.309064
1.79064e+09,TM_1,0.330521
1.79064e+09,TM_7,0.368043
1.79064e+09,TM_1,0.286087
1.79064e+09,TM_4,0.436873
1.79064e+09,TM_2,0.349797
1.79064e+09,TM_4,0.267399
1.79064e+09,TM_4,0.263204
1.79064e+09,TM_6,0.340399
1.79064e+09,TM_9,0.460174
1.79064e+09,TM_8,0.333635
1.79064e+09,TM_2,0.551296
1.79064e+09,TM_3,0.370211
1.79064e+09,TM_1,0.331162
1.79064e+09,TM_3,0.308053
1.79064e+09,TM_8,0.337814
1.79064e+09,TM_9,0.547538
1.79064e+09,TM_3,0.405617
1.79064e+09,TM_9,0.502718
1.79064e+09,TM_7,0.532679
1.79064e+09,TM_6,0.349901
1.79064e+09,TM_5,0.4356
1.79064e+09,TM_8,0.405727
1.79064e+09,TM_2,0.524751
1.79064e+09,TM_5,0.330681
1.79064e+09,TM_7,0.347892
1.79064e+09,TM_5,0.299923
1.79064e+09,TM_6,0.351318
1.79064e+09,TM_1,0.36693
1.79064e+09,TM_7,0.395334
1.79064e+09,TM_1,0.280403
1.79064e+09,TM_4,0.334096
1.79064e+09,TM_2,0.311278
1.79064e+09,TM_4,0.254818
1.79064e+09,TM_4,0.256185
1.79064e+09,TM_6,0.343771
1.79064e+09,TM_9,0.434682
1.79064e+09,TM_8,0.314101
1.79064e+09,TM_2,0.581877
1.79064e+09,TM_3,0.378606
1.79064e+09,TM_1,0.415305
1.79064e+09,TM_3,0.319678
1.79064e+09,TM_8,0.361072
1.79064e+09,TM_9,0.533921
1.79064e+09,TM_3,0.385747
1.79064e+09,TM_9,0.530663
1.79064e+09,TM_7,0.334477
1.79064e+09,TM_6,0.452152
1.79064e+09,TM_5,0.416952
1.79064e+09,TM_8,0.48418
1.79064e+09,TM_2,0.407315
1.79064e+09,TM_5,0.325797
1.79064e+09,TM_7,0.477619
1.79064e+09,TM_5,0.268573
1.79064e+09,TM_6,0.314048
1.79064e+09,TM_1,0.381204
1.79064e+09,TM_7,0.394347
1.79064e+09,TM_1,0.267086
1.79064e+09,TM_4,0.254817
1.79064e+09,TM_2,0.32125
1.79064e+09,TM_4,0.272805
1.79064e+09,TM_4,0.245844
1.79064e+09,TM_6,0.33212
1.79064e+09,TM_9,0.415973
1.79064e+09,TM_8,0.326702
1.79064e+09,TM_2,0.521348
1.79064e+09,TM_3,0.315966
1.79064e+09,TM_1,0.261985
1.79064e+09,TM_3,0.352624
1.79064e+09,TM_8,0.387372
1.79064e+09,TM_9,0.765101
1.79064e+09,TM_3,0.397222
1.79064e+09,TM_9,0.551869
1.79064e+09,TM_7,0.401612
1.79064e+09,TM_6,0.304983
1.79064e+09,TM_5,0.469125
1.79064e+09,TM_8,0.438134
1.79064e+09,TM_2,0.448842
1.79064e+09,TM_5,0.369874
1.79064e+09,TM_7,0.438216
1.79064e+09,TM_5,0.297086
1.79064e+09,TM_6,0.407221
1.79064e+09,TM_1,0.439788
1.79064e+09,TM_7,0.492986
1.79064e+09,TM_1,0.28411
1.79064e+09,TM_4,0.35283
1.79064e+09,TM_2,0.366145
1.79064e+09,TM_4,0.366175
1.79064e+09,TM_4,0.292633
1.79064e+09,TM_6,0.345966
1.79064e+09,TM_9,0.457929
1.79064e+09,TM_8,0.34283
1.79064e+09,TM_2,0.514736
1.79064e+09,TM_3,0.328177
1.79064e+09,TM_1,0.325262
1.79064e+09,TM_3,0.307596
1.79064e+09,TM_8,0.396207
1.79064e+09,TM_9,0.534711
1.79064e+09,TM_3,0.344715
1.79064e+09,TM_9,0.523231
1.79064e+09,TM_7,0.344348
1.79064e+09,TM_6,0.337856
1.79064e+09,TM_5,0.46699
1.79064e+09,TM_8,0.397687
1.79064e+09,TM_2,0.446946
1.79064e+09,TM_5,0.3398
1.79064e+09,TM_7,0.427311
1.79064e+09,TM_5,0.282381
1.79064e+09,TM_6,0.351111
1.79064e+09,TM_1,0.410603
1.79064e+09,TM_7,0.468941
1.79064e+09,TM_1,0.324757
1.79064e+09,TM_4,0.31297
1.79064e+09,TM_2,0.356644
1.79064e+09,TM_4,0.298992
1.79064e+09,TM_4,0.256321
1.79064e+09,TM_6,0.468772
1.79064e+09,TM_9,0.382893
1.79064e+09,TM_8,0.381848
1.79064e+09,TM_2,0.452065
1.79064e+09,TM_3,0.335965
1.79064e+09,TM_1,0.312686
1.79064e+09,TM_3,0.252384
1.79064e+09,TM_8,0.368109
1.79064e+09,TM_9,0.594799
1.79064e+09,TM_3,0.317214
1.79064e+09,TM_9,0.511143
1.79064e+09,TM_7,0.351835
1.79064e+09,TM_6,0.348288
1.79064e+09,TM_5,0.436523
1.79064e+09,TM_8,0.425412
1.79064e+09,TM_2,0.389215
1.79064e+09,TM_5,0.357407
1.79064e+09,TM_7,0.358736
1.79064e+09,TM_5,0.382691
1.79064e+09,TM_6,0.338242
1.79064e+09,TM_1,0.447801
1.79064e+09,TM_7,0.490083
1.79064e+09,TM_1,0.283613
1.79064e+09,TM_4,0.327867
1.79064e+09,TM_2,0.292443
1.79064e+09,TM_4,0.305939
1.79064e+09,TM_4,0.286943
1.79064e+09,TM_6,0.300327
1.79064e+09,TM_9,0.408602
1.79064e+09,TM_8,0.310362
1.79064e+09,TM_2,0.587259
1.79064e+09,TM_3,0.338379
1.79064e+09,TM_1,0.328305
1.79064e+09,TM_3,0.310765
1.79064e+09,TM_8,0.358156
1.79064e+09,TM_9,0.501774
1.79064e+09,TM_3,0.291587
1.79064e+09,TM_9,0.560021
1.79064e+09,TM_7,0.348517
1.79064e+09,TM_6,0.336503
1.79064e+09,TM_5,0.441067
1.79064e+09,TM_8,0.439182
1.79064e+09,TM_2,0.480896
1.79064e+09,TM_5,0.362772
1.79064e+09,TM_7,0.388263
1.79064e+09,TM_5,0.472841
1.79064e+09,TM_6,0.437205
1.79064e+09,TM_1,0.357817
1.79064e+09,TM_7,0.44405
1.79064e+09,TM_1,0.298029
1.79064e+09,TM_4,0.324692
1.79064e+09,TM_2,0.359719
1.79064e+09,TM_4,0.411857
1.79064e+09,TM_4,0.291508
1.79064e+09,TM_6,0.340071
1.79064e+09,TM_9,0.502675
1.79064e+09,TM_8,0.355389
1.79064e+09,TM_2,0.544701
1.79064e+09,TM_3,0.350449
1.79064e+09,TM_1,0.295899
1.79064e+09,TM_3,0.272527
1.79064e+09,TM_8,0.409258
1.79064e+09,TM_9,0.548232
1.79064e+09,TM_3,0.339482
1.79064e+09,TM_9,0.482405
1.79064e+09,TM_7,0.317877
1.79064e+09,TM_6,0.313469
1.79064e+09,TM_5,0.460338
1.79064e+09,TM_8,0.427722
1.79064e+09,TM_2,0.422759
1.79064e+09,TM_5,0.443381
1.79064e+09,TM_7,0.31432
1.79064e+09,TM_5,0.316739
1.79064e+09,TM_6,0.418576
1.79064e+09,TM_1,0.44455
1.79064e+09,TM_7,0.542366
1.79064e+09,TM_1,0.284252
1.79064e+09,TM_4,0.323169
1.79064e+09,TM_2,0.359149
1.79064e+09,TM_4,0.353516
1.79064e+09,TM_4,0.272015
1.79064e+09,TM_6,0.288103
1.79064e+09,TM_9,0.455718
1.79064e+09,TM_8,0.291563
1.79064e+09,TM_2,0.483233
1.79064e+09,TM_3,0.358437
1.79064e+09,TM_1,0.278409
1.79064e+09,TM_3,0.293315
1.79064e+09,TM_8,0.356017
1.79064e+09,TM_9,0.561931
1.79064e+09,TM_3,0.345958
1.79064e+09,TM_9,0.464106
1.79064e+09,TM_7,0.338795
1.79064e+09,TM_6,0.402369
1.79064e+09,TM_5,0.460343
1.79064e+09,TM_8,0.43427
1.79064e+09,TM_2,0.42429
1.79064e+09,TM_5,0.352468
1.79064e+09,TM_7,0.386626
1.79064e+09,TM_5,0.323
1.79064e+09,TM_6,0.318907
1.79064e+09,TM_1,0.433351
1.79064e+09,TM_7,0.417268
1.79064e+09,TM_1,0.282098
1.79064e+09,TM_4,0.298258
1.79064e+09,TM_2,0.310562
1.79064e+09,TM_4,0.378349
1.79064e+09,TM_4,0.244864
1.79064e+09,TM_6,0.32352
1.79064e+09,TM_9,0.446292
1.79064e+09,TM_8,0.283965
1.79064e+09,TM_2,0.534169
1.79064e+09,TM_3,0.341381
1.79064e+09,TM_1,0.291946
1.79064e+09,TM_3,0.330706
1.79064e+09,TM_8,0.393329
1.79064e+09,TM_9,0.559726
1.79064e+09,TM_3,0.300893
1.79064e+09,TM_9,0.49077
1.79064e+09,TM_7,0.333163
1.79064e+09,TM_6,0.306879
1.79064e+09,TM_5,0.477878
1.79064e+09,TM_8,0.426111
1.79064e+09,TM_2,0.46629
1.79064e+09,TM_5,0.315842
1.79064e+09,TM_7,0.484923
1.79064e+09,TM_5,0.510581
1.79064e+09,TM_6,0.313026
1.79064e+09,TM_1,0.387859
1.79064e+09,TM_7,0.464474
1.79064e+09,TM_1,0.250644
1.79064e+09,TM_4,0.279049
1.79064e+09,TM_2,0.365078
1.79064e+09,TM_4,0.329041
1.79064e+09,TM_4,0.236388
1.79064e+09,TM_6,0.339753
1.79064e+09,TM_9,0.496195
1.79064e+09,TM_8,0.305195
1.79064e+09,TM_2,0.517787
1.79064e+09,TM_3,0.348908
1.79064e+09,TM_1,0.290203
1.79064e+09,TM_3,0.295058
1.79064e+09,TM_8,0.36728
1.79064e+09,TM_9,0.558375
1.79064e+09,TM_3,0.336656
1.79064e+09,TM_9,0.584461
1.79064e+09,TM_7,0.36507
1.79064e+09,TM_6,0.31836
1.79064e+09,TM_5,0.47767
1.79064e+09,TM_8,0.425675
1.79064e+09,TM_2,0.463643
1.79064e+09,TM_5,0.393246
1.79064e+09,TM_7,0.420006
1.79064e+09,TM_5,0.334853
1.79064e+09,TM_6,0.360763
1.79064e+09,TM_1,0.379723
1.79064e+09,TM_7,0.442871
1.79064e+09,TM_1,0.262556
1.79064e+09,TM_4,0.283653
1.79064e+09,TM_2,0.382355
1.79064e+09,TM_4,0.289882
1.79064e+09,TM_4,0.295214
1.79064e+09,TM_6,0.424704
1.79064e+09,TM_9,0.57803
1.79064e+09,TM_8,0.319251
1.79064e+09,TM_2,0.511935
1.79064e+09,TM_3,0.307125
1.79064e+09,TM_1,0.441413
1.79064e+09,TM_3,0.402422
1.79064e+09,TM_8,0.371628
1.79064e+09,TM_9,0.635772
1.79064e+09,TM_3,0.417758
1.79064e+09,TM_9,0.672228
1.79064e+09,TM_7,0.380246
1.79064e+09,TM_6,0.457624
1.79064e+09,TM_5,0.47308
1.79064e+09,TM_8,0.409563
1.79064e+09,TM_2,0.455337
1.79064e+09,TM_5,0.32881
1.79064e+09,TM_7,0.653151
1.79064e+09,TM_5,0.3305
1.79064e+09,TM_6,0.397979
1.79064e+09,TM_1,0.461811
1.79064e+09,TM_7,0.491838
1.79064e+09,TM_1,0.320699
1.79064e+09,TM_4,0.324788
1.79064e+09,TM_2,0.378657
1.79064e+09,TM_4,0.313923
1.79064e+09,TM_4,0.2626
1.79064e+09,TM_6,0.363676
1.79064e+09,TM_9,0.524641
1.79064e+09,TM_8,0.360332
1.79064e+09,TM_2,0.49349
1.79064e+09,TM_3,0.302782
1.79064e+09,TM_1,0.356649
1.79064e+09,TM_3,0.325365
1.79064e+09,TM_8,0.488256
1.79064e+09,TM_9,0.546703
1.79064e+09,TM_3,0.418042
1.79064e+09,TM_9,0.500499
1.79064e+09,TM_7,0.382349
1.79064e+09,TM_6,0.443168
1.79064e+09,TM_5,0.452189
1.79064e+09,TM_8,0.458097
1.79064e+09,TM_2,0.471497
1.79064e+09,TM_5,0.378725
1.79064e+09,TM_7,0.440211
1.79064e+09,TM_5,0.313615
1.79064e+09,TM_6,0.317039
1.79064e+09,TM_1,0.453081
1.79064e+09,TM_7,0.494566
1.79064e+09,TM_1,0.309315
1.79064e+09,TM_4,0.311331
1.79064e+09,TM_2,0.357588
1.79064e+09,TM_4,0.368837
1.79064e+09,TM_4,0.396732
1.79064e+09,TM_6,0.316776
1.79064e+09,TM_9,0.421699
1.79064e+09,TM_8,0.431863
1.79064e+09,TM_2,0.48883
1.79064e+09,TM_3,0.368794
1.79064e+09,TM_1,0.439401
1.79064e+09,TM_3,0.237582
1.79064e+09,TM_8,0.350473
1.79064e+09,TM_9,0.530696
1.79064e+09,TM_3,0.332432
1.79064e+09,TM_9,0.501792
1.79064e+09,TM_7,0.364655
1.79064e+09,TM_6,0.34558
1.79064e+09,TM_5,0.557816
1.79064e+09,TM_8,0.512064
1.79064e+09,TM_2,0.390889
1.79064e+09,TM_5,0.37189
1.79064e+09,TM_7,0.467991
1.79064e+09,TM_5,0.340244
1.79064e+09,TM_6,0.366731
1.79064e+09,TM_1,0.42763
1.79064e+09,TM_7,0.456899
1.79064e+09,TM_1,0.324811
1.79064e+09,TM_4,0.29648
1.79064e+09,TM_2,0.326811
1.79064e+09,TM_4,0.363136
1.79064e+09,TM_4,0.290018
1.79064e+09,TM_6,0.329519
1.79064e+09,TM_9,0.438029
1.79064e+09,TM_8,0.307652
1.79064e+09,TM_2,0.493086
1.79064e+09,TM_3,0.296704
1.79064e+09,TM_1,0.320683
1.79064e+09,TM_3,0.330393
1.79064e+09,TM_8,0.38688
1.79064e+09,TM_9,0.582346
1.79064e+09,TM_3,0.427391
1.79064e+09,TM_9,0.748432
1.79064e+09,TM_7,0.414323
1.79064e+09,TM_6,0.437787
1.79064e+09,TM_5,0.434019
1.79064e+09,TM_8,0.446642
1.79064e+09,TM_2,0.410759
1.79064e+09,TM_5,0.510844
1.79064e+09,TM_7,0.430515
1.79064e+09,TM_5,0.3276
1.79064e+09,TM_6,0.342498
1.79064e+09,TM_1,0.387386
1.79064e+09,TM_7,0.461049
1.79064e+09,TM_1,0.375299
1.79064e+09,TM_4,0.302316
1.79064e+09,TM_2,0.368278
1.79064e+09,TM_4,0.304895
1.79064e+09,TM_4,0.305622
1.79064e+09,TM_6,0.390311
1.79064e+09,TM_9,0.571434
1.79064e+09,TM_8,0.39701
1.79064e+09,TM_2,0.48953
1.79064e+09,TM_3,0.33863
1.79064e+09,TM_1,0.365681
1.79064e+09,TM_3,0.266921
1.79064e+09,TM_8,0.434986
1.79064e+09,TM_9,0.535867
1.79064e+09,TM_3,0.339373
1.79064e+09,TM_9,0.494104
1.79064e+09,TM_7,0.348923
1.79064e+09,TM_6,0.45811
1.79064e+09,TM_5,0.478009
1.79064e+09,TM_8,0.468655
1.79064e+09,TM_2,0.421841
1.79064e+09,TM_5,0.372992
1.79064e+09,TM_7,0.386834
1.79064e+09,TM_5,0.270245
1.79064e+09,TM_6,0.342819
1.79064e+09,TM_1,0.460327
1.79064e+09,TM_7,0.48187
1.79064e+09,TM_1,0.294955
1.79064e+09,TM_4,0.301674
1.79064e+09,TM_2,0.362018
1.79064e+09,TM_4,0.355987
1.79064e+09,TM_4,0.362083
1.79064e+09,TM_6,0.307642
1.79064e+09,TM_9,0.481143
1.79064e+09,TM_8,0.360836
1.79064e+09,TM_2,0.357519
1.79064e+09,TM_3,0.367547
1.79064e+09,TM_1,0.327982
1.79064e+09,TM_3,0.279277
1.79064e+09,TM_8,0.34497
1.79064e+09,TM_9,0.485147
1.79064e+09,TM_3,0.357925
1.79064e+09,TM_9,0.667601
1.79064e+09,TM_7,0.4166
1.79064e+09,TM_6,0.436711
1.79064e+09,TM_5,0.39739
1.79064e+09,TM_8,0.472122
1.79064e+09,TM_2,0.437735
1.79064e+09,TM_5,0.394194
1.79064e+09,TM_7,0.425098
1.79064e+09,TM_5,0.281379
1.79064e+09,TM_6,0.352178
1.79064e+09,TM_1,0.422414
1.79064e+09,TM_7,0.366942
1.79064e+09,TM_1,0.320812
1.79064e+09,TM_4,0.31473
1.79064e+09,TM_2,0.324587
1.79064e+09,TM_4,0.300526
1.79064e+09,TM_4,0.279805
1.79064e+09,TM_6,0.34251
1.79064e+09,TM_9,0.641472
1.79064e+09,TM_8,0.358642
1.79064e+09,TM_2,0.474282
1.79064e+09,TM_3,0.363149
1.79064e+09,TM_1,0.437562
1.79064e+09,TM_3,0.372572
1.79064e+09,TM_8,0.394497
1.79064e+09,TM_9,0.84247
1.79064e+09,TM_3,0.369486
1.79064e+09,TM_9,0.665796
1.79064e+09,TM_7,0.515821
1.79064e+09,TM_6,0.398474
1.79064e+09,TM_5,0.429585
1.79064e+09,TM_8,0.44275
1.79064e+09,TM_2,0.382042
1.79064e+09,TM_5,0.359083
1.79064e+09,TM_7,0.571366
1.79064e+09,TM_5,0.294645
1.79064e+09,TM_6,0.374283
1.79064e+09,TM_1,0.480965
1.79064e+09,TM_7,0.458442
1.79064e+09,TM_1,0.261455
1.79064e+09,TM_4,0.309037
1.79064e+09,TM_2,0.367975
1.79064e+09,TM_4,0.429609
1.79064e+09,TM_4,0.306852
1.79064e+09,TM_6,0.328834
1.79064e+09,TM_9,0.535403
1.79064e+09,TM_8,0.283173
1.79064e+09,TM_2,0.479065
1.79064e+09,TM_3,0.299981
1.79064e+09,TM_1,0.397602
1.79064e+09,TM_3,0.308272
1.79064e+09,TM_8,0.414054
1.79064e+09,TM_9,0.506484
1.79064e+09,TM_3,0.375752
1.79064e+09,TM_9,0.543872
1.79064e+09,TM_7,0.485101
1.79064e+09,TM_6,0.304284
1.79064e+09,TM_5,0.412745
1.79064e+09,TM_8,0.439415
1.79064e+09,TM_2,0.370502
1.79064e+09,TM_5,0.322727
1.79064e+09,TM_7,0.372929
1.79064e+09,TM_5,0.330391
1.79064e+09,TM_6,0.309008
1.79064e+09,TM_1,0.36178
1.79064e+09,TM_7,0.352327
1.79064e+09,TM_1,0.282768
1.79064e+09,TM_4,0.271935
1.79064e+09,TM_2,0.321265
1.79064e+09,TM_4,0.295048
1.79064e+09,TM_4,0.325134
1.79064e+09,TM_6,0.325466
1.79064e+09,TM_9,0.423864
1.79064e+09,TM_8,0.299022
1.79064e+09,TM_2,0.561869
1.79064e+09,TM_3,0.30488
1.79064e+09,TM_1,0.405651
1.79064e+09,TM_3,0.283291
1.79064e+09,TM_8,0.374776
1.79064e+09,TM_9,0.558519
1.79064e+09,TM_3,0.378153
1.79064e+09,TM_9,0.520568
1.79064e+09,TM_7,0.544741
1.79064e+09,TM_6,0.339307
1.79064e+09,TM_5,0.459851
1.79064e+09,TM_8,0.508217
1.79064e+09,TM_2,0.414146
1.79064e+09,TM_5,0.292259
1.79064e+09,TM_7,0.414096
1.79064e+09,TM_5,0.265339
1.79064e+09,TM_6,0.354845
1.79064e+09,TM_1,0.483999
1.79064e+09,TM_7,0.411621
1.79064e+09,TM_1,0.319745
1.79064e+09,TM_4,0.290733
1.79064e+09,TM_2,0.409472
1.79064e+09,TM_4,0.298353
1.79064e+09,TM_4,0.354711
1.79064e+09,TM_6,0.349702
1.79064e+09,TM_9,0.413054
1.79064e+09,TM_8,0.374498
1.79064e+09,TM_2,0.497104
1.79064e+09,TM_3,0.292094
1.79064e+09,TM_1,0.368459
1.79064e+09,TM_3,0.248231
1.79064e+09,TM_8,0.419686
1.79064e+09,TM_9,0.601549
1.79064e+09,TM_3,0.363589
1.79064e+09,TM_9,0.632104
1.79064e+09,TM_7,0.647933
1.79064e+09,TM_6,0.419846
1.79064e+09,TM_5,0.429518
1.79064e+09,TM_8,0.456564
1.79064e+09,TM_2,0.376862
1.79064e+09,TM_5,0.39875
1.79064e+09,TM_7,0.507351
1.79064e+09,TM_5,0.378828
1.79064e+09,TM_6,0.318566
1.79064e+09,TM_1,0.50399
1.79064e+09,TM_7,0.477931
1.79064e+09,TM_1,0.361486
1.79064e+09,TM_4,0.292776
1.79064e+09,TM_2,0.29004
1.79064e+09,TM_4,0.305591
1.79064e+09,TM_4,0.378673
1.79064e+09,TM_6,0.491354
1.79064e+09,TM_9,0.536874
1.79064e+09,TM_8,0.328561
1.79064e+09,TM_2,0.489559
1.79064e+09,TM_3,0.341811
1.79064e+09,TM_1,0.358611
1.79064e+09,TM_3,0.28465
1.79064e+09,TM_8,0.38223
1.79064e+09,TM_9,0.520544
1.79064e+09,TM_3,0.384962
1.79064e+09,TM_9,0.542604
1.79064e+09,TM_7,0.465978
1.79064e+09,TM_6,0.434783
1.79064e+09,TM_5,0.46776
1.79064e+09,TM_8,0.450309
1.79064e+09,TM_2,0.393814
1.79064e+09,TM_5,0.322659
1.79064e+09,TM_7,0.484252
1.79064e+09,TM_5,0.37325
1.79064e+09,TM_6,0.343286
1.79064e+09,TM_1,0.425007
1.79064e+09,TM_7,0.373168
1.79064e+09,TM_1,0.295684
1.79064e+09,TM_4,0.356059
1.79064e+09,TM_2,0.393838
1.79064e+09,TM_4,0.340122
1.79064e+09,TM_4,0.340984
1.79064e+09,TM_6,0.415446
1.79064e+09,TM_9,0.432671
1.79064e+09,TM_8,0.347064
1.79064e+09,TM_2,0.600041
1.79064e+09,TM_3,0.302791
1.79064e+09,TM_1,0.356977
1.79064e+09,TM_3,0.274328
1.79064e+09,TM_8,0.419772
1.79064e+09,TM_9,0.639537
1.79064e+09,TM_3,0.383462
1.79064e+09,TM_9,0.549939
1.79064e+09,TM_7,0.531631
1.79064e+09,TM_6,0.255681
1.79064e+09,TM_5,0.451174
1.79064e+09,TM_8,0.450987
1.79064e+09,TM_2,0.383705
1.79064e+09,TM_5,0.345935
1.79064e+09,TM_7,0.413309
1.79064e+09,TM_5,0.393656
1.79064e+09,TM_6,0.344286
1.79064e+09,TM_1,0.394252
1.79064e+09,TM_7,0.365866
1.79064e+09,TM_1,0.391001
1.79064e+09,TM_4,0.292316
1.79064e+09,TM_2,0.334116
1.79064e+09,TM_4,0.320735
1.79064e+09,TM_4,0.402415
1.79064e+09,TM_6,0.311368
1.79064e+09,TM_9,0.512746
1.79064e+09,TM_8,0.340514
1.79064e+09,TM_2,0.525643
1.79064e+09,TM_3,0.316119
1.79064e+09,TM_1,0.435683
1.79064e+09,TM_3,0.28707
1.79064e+09,TM_8,0.401322
1.79064e+09,TM_9,0.579148
1.79064e+09,TM_3,0.442551
1.79064e+09,TM_9,0.48704
1.79064e+09,TM_7,0.494479
1.79064e+09,TM_6,0.346866
1.79064e+09,TM_5,0.445219
1.79064e+09,TM_8,0.47379
1.79064e+09,TM_2,0.466523
1.79064e+09,TM_5,0.300003
1.79064e+09,TM_7,0.481205
1.79064e+09,TM_5,0.318978
1.79064e+09,TM_6,0.312203
1.79064e+09,TM_1,0.387198
1.79064e+09,TM_7,0.403505
1.79064e+09,TM_1,0.304673
1.79064e+09,TM_4,0.28204
1.79064e+09,TM_2,0.321513
1.79064e+09,TM_4,0.26529
1.79064e+09,TM_4,0.32977
1.79064e+09,TM_6,0.393246
1.79064e+09,TM_9,0.437036
1.79064e+09,TM_8,0.340594
1.79064e+09,TM_2,0.65337
1.79064e+09,TM_3,0.397688
1.79064e+09,TM_1,0.381434
1.79064e+09,TM_3,0.286577
1.79064e+09,TM_8,0.411061
1.79064e+09,TM_9,0.54643
1.79064e+09,TM_3,0.338713
1.79064e+09,TM_9,0.70106
1.79064e+09,TM_7,0.515826
1.79064e+09,TM_6,0.334479
1.79064e+09,TM_5,0.44134
1.79064e+09,TM_8,0.443018
1.79064e+09,TM_2,0.443629
1.79064e+09,TM_5,0.386568
1.79064e+09,TM_7,0.470379
1.79064e+09,TM_5,0.388066
1.79064e+09,TM_6,0.273351
1.79064e+09,TM_1,0.370639
1.79064e+09,TM_7,0.375082
1.79064e+09,TM_1,0.25196
1.79064e+09,TM_4,0.338097
1.79064e+09,TM_2,0.351335
1.79064e+09,TM_4,0.266908
1.79064e+09,TM_4,0.324033
1.79064e+09,TM_6,0.360814
1.79064e+09,TM_9,0.452184
1.79064e+09,TM_8,0.300108
1.79064e+09,TM_2,0.509274
1.79064e+09,TM_3,0.328365
1.79064e+09,TM_1,0.328129
1.79064e+09,TM_3,0.29485
1.79064e+09,TM_8,0.432395
1.79064e+09,TM_9,0.55294
1.79064e+09,TM_3,0.389887
1.79064e+09,TM_9,0.513024
1.79064e+09,TM_7,0.421094
1.79064e+09,TM_6,0.361716
1.79064e+09,TM_5,0.498115
1.79064e+09,TM_8,0.348781
1.79064e+09,TM_2,0.377794
1.79064e+09,TM_5,0.348159
1.79064e+09,TM_7,0.370225
1.79064e+09,TM_5,0.382271
1.79064e+09,TM_6,0.280241
1.79064e+09,TM_1,0.380235
1.79064e+09,TM_7,0.357048
1.79064e+09,TM_1,0.289804
1.79064e+09,TM_4,0.290148
1.79064e+09,TM_2,0.272224
1.79064e+09,TM_4,0.257746
1.79064e+09,TM_4,0.355937
1.79064e+09,TM_6,0.277442
1.79064e+09,TM_9,0.411251
1.79064e+09,TM_8,0.278077
1.79064e+09,TM_2,0.5502
1.79064e+09,TM_3,0.276093
1.79064e+09,TM_1,0.428012
1.79064e+09,TM_3,0.317363
1.79064e+09,TM_8,0.33062
1.79064e+09,TM_9,0.672521
1.79064e+09,TM_3,0.367904
1.79064e+09,TM_9,0.619327
1.79064e+09,TM_7,0.516062
1.79064e+09,TM_6,0.358019
1.79064e+09,TM_5,0.642902
1.79064e+09,TM_8,0.416012
1.79064e+09,TM_2,0.405407
1.79064e+09,TM_5,0.340494
1.79064e+09,TM_7,0.473548
1.79064e+09,TM_5,0.348896
1.79064e+09,TM_6,0.280307
1.79064e+09,TM_1,0.348588
1.79064e+09,TM_7,0.353252
1.79064e+09,TM_1,0.275837
1.79064e+09,TM_4,0.247142
1.79064e+09,TM_2,0.363084
1.79064e+09,TM_4,0.312326
1.79064e+09,TM_4,0.254725
1.79064e+09,TM_6,0.337735
1.79064e+09,TM_9,0.530605
1.79064e+09,TM_8,0.345634
1.79064e+09,TM_2,0.550807
1.79064e+09,TM_3,0.360495
1.79064e+09,TM_1,0.380303
1.79064e+09,TM_3,0.350517
1.79064e+09,TM_8,0.314294
1.79064e+09,TM_9,0.6987
1.79064e+09,TM_3,0.37285
1.79064e+09,TM_9,0.56421
1.79064e+09,TM_7,0.511315
1.79064e+09,TM_6,0.452136
1.79064e+09,TM_5,0.635134
1.79064e+09,TM_8,0.470663
1.79064e+09,TM_2,0.434598
1.79064e+09,TM_5,0.373183
1.79064e+09,TM_7,0.398815
1.79064e+09,TM_5,0.331673
1.79064e+09,TM_6,0.338685
1.79064e+09,TM_1,0.378438
1.79064e+09,TM_7,0.482975
1.79064e+09,TM_1,0.290454
1.79064e+09,TM_4,0.297239
1.79064e+09,TM_2,0.318147
1.79064e+09,TM_4,0.348559
1.79064e+09,TM_4,0.471462
1.79064e+09,TM_6,0.439491
1.79064e+09,TM_9,0.405041
1.79064e+09,TM_8,0.321824
1.79064e+09,TM_2,0.499845
1.79064e+09,TM_3,0.381088
1.79064e+09,TM_1,0.432132
1.79064e+09,TM_3,0.259741
1.79064e+09,TM_8,0.490876
1.79064e+09,TM_9,0.577915
1.79064e+09,TM_3,0.353301
1.79064e+09,TM_9,0.529999
1.79064e+09,TM_7,0.330813
1.79064e+09,TM_6,0.383543
1.79064e+09,TM_5,0.472386
1.79064e+09,TM_8,0.437075
1.79064e+09,TM_2,0.403489
1.79064e+09,TM_5,0.37422
1.79064e+09,TM_7,0.406908
1.79064e+09,TM_5,0.375115
1.79064e+09,TM_6,0.319767
1.79064e+09,TM_1,0.390294
1.79064e+09,TM_7,0.500632
1.79064e+09,TM_1,0.278989
1.79064e+09,TM_4,0.273951
1.79064e+09,TM_2,0.319785
1.79064e+09,TM_4,0.335734
1.79064e+09,TM_4,0.259978
1.79064e+09,TM_6,0.305898
1.79064e+09,TM_9,0.454134
1.79064e+09,TM_8,0.332162
1.79064e+09,TM_2,0.540299
1.79064e+09,TM_3,0.281249
1.79064e+09,TM_1,0.395993
1.79064e+09,TM_3,0.316645
1.79064e+09,TM_8,0.393344
1.79064e+09,TM_9,0.532944
1.79064e+09,TM_3,0.363493
1.79064e+09,TM_9,0.451559
1.79064e+09,TM_7,0.462618
1.79064e+09,TM_6,0.427328
1.79064e+09,TM_5,0.43115
1.79064e+09,TM_8,0.403211
1.79064e+09,TM_2,0.372987
1.79064e+09,TM_5,0.339943
1.79064e+09,TM_7,0.391151
1.79064e+09,TM_5,0.345285
1.79064e+09,TM_6,0.301331
1.79064e+09,TM_1,0.475576
1.79064e+09,TM_7,0.473603
1.79064e+09,TM_1,0.277128
1.79064e+09,TM_4,0.286179
1.79064e+09,TM_2,0.284656
1.79064e+09,TM_4,0.293336
1.79064e+09,TM_4,0.308506
1.79064e+09,TM_6,0.309924
1.79064e+09,TM_9,0.407222
1.79064e+09,TM_8,0.379124
1.79064e+09,TM_2,0.466534
1.79064e+09,TM_3,0.269541
1.79064e+09,TM_1,0.326822
1.79064e+09,TM_3,0.227044
1.79064e+09,TM_8,0.377396
1.79064e+09,TM_9,0.543064
1.79064e+09,TM_3,0.30052
1.79064e+09,TM_9,0.501311
1.79064e+09,TM_7,0.357484
1.79064e+09,TM_6,0.438607
1.79064e+09,TM_5,0.45177
1.79064e+09,TM_8,0.458028
1.79064e+09,TM_2,0.420105
1.79064e+09,TM_5,0.352829
1.79064e+09,TM_7,0.416126
1.79064e+09,TM_5,0.373424
1.79064e+09,TM_6,0.278932
1.79064e+09,TM_1,0.467397
1.79064e+09,TM_7,0.492855
1.79064e+09,TM_1,0.289256
1.79064e+09,TM_4,0.349524
1.79064e+09,TM_2,0.32716
1.79064e+09,TM_4,0.346022
1.79064e+09,TM_4,0.306829
1.79064e+09,TM_6,0.421298
1.79064e+09,TM_9,0.489116
1.79064e+09,TM_8,0.330817
1.79064e+09,TM_2,0.627744
1.79064e+09,TM_3,0.260367
1.79064e+09,TM_1,0.340324
1.79064e+09,TM_3,0.27362
1.79064e+09,TM_8,0.375911
1.79064e+09,TM_9,0.597388
1.79064e+09,TM_3,0.335188
1.79064e+09,TM_9,0.571113
1.79064e+09,TM_7,0.50593
1.79064e+09,TM_6,0.434367
1.79064e+09,TM_5,0.449195
1.79064e+09,TM_8,0.375045
1.79064e+09,TM_2,0.349007
1.79064e+09,TM_5,0.336484
1.79064e+09,TM_7,0.306066
1.79064e+09,TM_5,0.416827
1.79064e+09,TM_6,0.296142
1.79064e+09,TM_1,0.428693
1.79064e+09,TM_7,0.466773
1.79064e+09,TM_1,0.347789
1.79064e+09,TM_4,0.279224
1.79064e+09,TM_2,0.355729
1.79064e+09,TM_4,0.314861
1.79064e+09,TM_4,0.271719
1.79064e+09,TM_6,0.41687
1.79064e+09,TM_9,0.445636
1.79064e+09,TM_8,0.402789
1.79064e+09,TM_2,0.566792
1.79064e+09,TM_3,0.323479
1.79064e+09,TM_1,0.314186
1.79064e+09,TM_3,0.317771
1.79064e+09,TM_8,0.417948
1.79064e+09,TM_9,0.602542
1.79064e+09,TM_3,0.367905
1.79064e+09,TM_9,0.550908
1.79064e+09,TM_7,0.428913
1.79064e+09,TM_6,0.425538
1.79064e+09,TM_5,0.562823
1.79064e+09,TM_8,0.45891
1.79064e+09,TM_2,0.433801
1.79064e+09,TM_5,0.365878
1.79064e+09,TM_7,0.514548
1.79064e+09,TM_5,0.334401
1.79064e+09,TM_6,0.274405
1.79064e+09,TM_1,0.422233
1.79064e+09,TM_7,0.405742
1.79064e+09,TM_1,0.309988
1.79064e+09,TM_4,0.274661
1.79064e+09,TM_2,0.366558
1.79064e+09,TM_4,0.276971
1.79064e+09,TM_4,0.311141
1.79064e+09,TM_6,0.434128
1.79064e+09,TM_9,0.4327
1.79064e+09,TM_8,0.297071
1.79064e+09,TM_2,0.534789
1.79064e+09,TM_3,0.319843
1.79064e+09,TM_1,0.349895
1.79064e+09,TM_3,0.379935
1.79064e+09,TM_8,0.330282
1.79064e+09,TM_9,0.641681
1.79064e+09,TM_3,0.384557
1.79064e+09,TM_9,0.514515
1.79064e+09,TM_7,0.387966
1.79064e+09,TM_6,0.357533
1.79064e+09,TM_5,0.430592
1.79064e+09,TM_8,0.418709
1.79064e+09,TM_2,0.416366
1.79064e+09,TM_5,0.382339
1.79064e+09,TM_7,0.374181
1.79064e+09,TM_5,0.41429
1.79064e+09,TM_6,0.323449
1.79064e+09,TM_1,0.334964
1.79064e+09,TM_7,0.420891
1.79064e+09,TM_1,0.340014
1.79064e+09,TM_4,0.33803
1.79064e+09,TM_2,0.400445
1.79064e+09,TM_4,0.288984
1.79064e+09,TM_4,0.262885
1.79064e+09,TM_6,0.326042
1.79064e+09,TM_9,0.47547
1.79064e+09,TM_8,0.287113
1.79064e+09,TM_2,0.580494
1.79064e+09,TM_3,0.386083
1.79064e+09,TM_1,0.333517
1.79064e+09,TM_3,0.448979
1.79064e+09,TM_8,0.478464
1.79064e+09,TM_9,0.599227
1.79064e+09,TM_3,0.434231
1.79064e+09,TM_9,0.542659
1.79064e+09,TM_7,0.394099
1.79064e+09,TM_6,0.340521
1.79064e+09,TM_5,0.509601
1.79064e+09,TM_8,0.438195
1.79064e+09,TM_2,0.424733
1.79064e+09,TM_5,0.372343
1.79064e+09,TM_7,0.440759
1.79064e+09,TM_5,0.377161
1.79064e+09,TM_6,0.306932
1.79064e+09,TM_1,0.325285
1.79064e+09,TM_7,0.393958
1.79064e+09,TM_1,0.249198
1.79064e+09,TM_4,0.253477
1.79064e+09,TM_2,0.315392
1.79064e+09,TM_4,0.25037
1.79064e+09,TM_4,0.271495
1.79064e+09,TM_6,0.339237
1.79064e+09,TM_9,0.47528
1.79064e+09,TM_8,0.292545
1.79064e+09,TM_2,0.561789
1.79064e+09,TM_3,0.276949
1.79064e+09,TM_1,0.307258
1.79064e+09,TM_3,0.411902
1.79064e+09,TM_8,0.326707
1.79064e+09,TM_9,0.548244
1.79064e+09,TM_3,0.378636
1.79064e+09,TM_9,0.514429
1.79064e+09,TM_7,0.351499
1.79064e+09,TM_6,0.374243
1.79064e+09,TM_5,0.534583
1.79064e+09,TM_8,0.468708
1.79064e+09,TM_2,0.445097
1.79064e+09,TM_5,0.40906
1.79064e+09,TM_7,0.449424
1.79064e+09,TM_5,0.359113
1.79064e+09,TM_6,0.338936
1.79064e+09,TM_1,0.371042
1.79064e+09,TM_7,0.411133
1.79064e+09,TM_1,0.243566
1.79064e+09,TM_4,0.292425
1.79064e+09,TM_2,0.42162
1.79064e+09,TM_4,0.279983
1.79064e+09,TM_4,0.264343
1.79064e+09,TM_6,0.372041
1.79064e+09,TM_9,0.409865
1.79064e+09,TM_8,0.281848
1.79064e+09,TM_2,0.666973
1.79064e+09,TM_3,0.273318
1.79064e+09,TM_1,0.34981
1.79064e+09,TM_3,0.351297
1.79064e+09,TM_8,0.342954
1.79064e+09,TM_9,0.569508
1.79064e+09,TM_3,0.370891
1.79064e+09,TM_9,0.650486
1.79064e+09,TM_7,0.332907
1.79064e+09,TM_6,0.376214
1.79064e+09,TM_5,0.539123
1.79064e+09,TM_8,0.436382
1.79064e+09,TM_2,0.448267
1.79064e+09,TM_5,0.321749
1.79064e+09,TM_7,0.48925
1.79064e+09,TM_5,0.435498
1.79064e+09,TM_6,0.290812
1.79064e+09,TM_1,0.334205
1.79064e+09,TM_7,0.43133
1.79064e+09,TM_1,0.247365
1.79064e+09,TM_4,0.255526
1.79064e+09,TM_2,0.351526
1.79064e+09,TM_4,0.355784
1.79064e+09,TM_4,0.287113
1.79064e+09,TM_6,0.381801
1.79064e+09,TM_9,0.425016
1.79064e+09,TM_8,0.290042
1.79064e+09,TM_2,0.587598
1.79064e+09,TM_3,0.357905
1.79064e+09,TM_1,0.355047
1.79064e+09,TM_3,0.399094
1.79064e+09,TM_8,0.339367
1.79064e+09,TM_9,0.632269
1.79064e+09,TM_3,0.371714
1.79064e+09,TM_9,0.531352
1.79064e+09,TM_7,0.614867
1.79064e+09,TM_6,0.338463
1.79064e+09,TM_5,0.455072
1.79064e+09,TM_8,0.434725
1.79064e+09,TM_2,0.508562
1.79064e+09,TM_5,0.357537
1.79064e+09,TM_7,0.39896
1.79064e+09,TM_5,0.361257
1.79064e+09,TM_6,0.351186
1.79064e+09,TM_1,0.286248
1.79064e+09,TM_7,0.433608
1.79064e+09,TM_1,0.258314
1.79064e+09,TM_4,0.312248
1.79064e+09,TM_2,0.357669
1.79064e+09,TM_4,0.315557
1.79064e+09,TM_4,0.314746
1.79064e+09,TM_6,0.446292
1.79064e+09,TM_9,0.440199
1.79064e+09,TM_8,0.326407
1.79064e+09,TM_2,0.637966
1.79064e+09,TM_3,0.284541
1.79064e+09,TM_1,0.4351
1.79064e+09,TM_3,0.272608
1.79064e+09,TM_8,0.446232
1.79064e+09,TM_9,0.604913
1.79064e+09,TM_3,0.401573
1.79064e+09,TM_9,0.450398
1.79064e+09,TM_7,0.493306
1.79064e+09,TM_6,0.376396
1.79064e+09,TM_5,0.489801
1.79064e+09,TM_8,0.523646
1.79064e+09,TM_2,0.433672
1.79064e+09,TM_5,0.310338
1.79064e+09,TM_7,0.417687
1.79064e+09,TM_5,0.354531
1.79064e+09,TM_6,0.307984
1.79064e+09,TM_1,0.290169
1.79064e+09,TM_7,0.434119
1.79064e+09,TM_1,0.32705
1.79064e+09,TM_4,0.311777
1.79064e+09,TM_2,0.311235
1.79064e+09,TM_4,0.351949
1.79064e+09,TM_4,0.303367
1.79064e+09,TM_6,0.381657
1.79064e+09,TM_9,0.371928
1.79064e+09,TM_8,0.301138
1.79064e+09,TM_2,0.579625
1.79064e+09,TM_3,0.319811
1.79064e+09,TM_1,0.493606
1.79064e+09,TM_3,0.295674
1.79064e+09,TM_8,0.366264
1.79064e+09,TM_9,0.364967
1.79064e+09,TM_3,0.412223
1.79064e+09,TM_9,0.444412
1.79064e+09,TM_7,0.567752
1.79064e+09,TM_6,0.354189
1.79064e+09,TM_5,0.471528
1.79064e+09,TM_8,0.430189
1.79064e+09,TM_2,0.481465
1.79064e+09,TM_5,0.357572
1.79064e+09,TM_7,0.473265
1.79064e+09,TM_5,0.435842
1.79064e+09,TM_6,0.277822
1.79064e+09,TM_1,0.360362
1.79064e+09,TM_7,0.406288
1.79064e+09,TM_1,0.3069
1.79064e+09,TM_4,0.286842
1.79064e+09,TM_2,0.32107
1.79064e+09,TM_4,0.314993
1.79064e+09,TM_4,0.436094
1.79064e+09,TM_6,0.363773
1.79064e+09,TM_9,0.41402
1.79064e+09,TM_8,0.331841
1.79064e+09,TM_2,0.573251
1.79064e+09,TM_3,0.26092
1.79064e+09,TM_1,0.407367
1.79064e+09,TM_3,0.286744
1.79064e+09,TM_8,0.374559
1.79064e+09,TM_9,0.495053
1.79064e+09,TM_3,0.308828
1.79064e+09,TM_9,0.480782
1.79064e+09,TM_7,0.389399
1.79064e+09,TM_6,0.404721
1.79064e+09,TM_5,0.571675
1.79064e+09,TM_8,0.408781
1.79064e+09,TM_2,0.348236
1.79064e+09,TM_5,0.336938
1.79064e+09,TM_7,0.49956
1.79064e+09,TM_5,0.362275
1.79064e+09,TM_6,0.302603
1.79064e+09,TM_1,0.31416
1.79064e+09,TM_7,0.524753
1.79064e+09,TM_1,0.359586
1.79064e+09,TM_4,0.243889
1.79064e+09,TM_2,0.302274
1.79064e+09,TM_4,0.29397
1.79064e+09,TM_4,0.31488
1.79064e+09,TM_6,0.353998
1.79064e+09,TM_9,0.595265
1.79064e+09,TM_8,0.360376
1.79064e+09,TM_2,0.461027
1.79064e+09,TM_3,0.260994
1.79064e+09,TM_1,0.32717
1.79064e+09,TM_3,0.303529
1.79064e+09,TM_8,0.379693
1.79064e+09,TM_9,0.519887
1.79064e+09,TM_3,0.401749
1.79064e+09,TM_9,0.51425
1.79064e+09,TM_7,0.585471
1.79064e+09,TM_6,0.490214
1.79064e+09,TM_5,0.47528
1.79064e+09,TM_8,0.428761
1.79064e+09,TM_2,0.451094
1.79064e+09,TM_5,0.343051
1.79064e+09,TM_7,0.403491
1.79064e+09,TM_5,0.307745
1.79064e+09,TM_6,0.38524
1.79064e+09,TM_1,0.42667
1.79064e+09,TM_7,0.366651
1.79064e+09,TM_1,0.27919
1.79064e+09,TM_4,0.368754
1.79064e+09,TM_2,0.526936
1.79064e+09,TM_4,0.410532
1.79064e+09,TM_4,0.307391
1.79064e+09,TM_6,0.403097
1.79064e+09,TM_9,0.541138
1.79064e+09,TM_8,0.379213
1.79064e+09,TM_2,0.589932
1.79064e+09,TM_3,0.239712
1.79064e+09,TM_1,0.34173
1.79064e+09,TM_3,0.275767
1.79064e+09,TM_8,0.362306
1.79064e+09,TM_9,0.540718
1.79064e+09,TM_3,0.385459
1.79064e+09,TM_9,0.485848
1.79064e+09,TM_7,0.430541
1.79064e+09,TM_6,0.323406
1.79064e+09,TM_5,0.491895
1.79064e+09,TM_8,0.450479
1.79064e+09,TM_2,0.38618
1.79064e+09,TM_5,0.316751
1.79064e+09,TM_7,0.398697
1.79064e+09,TM_5,0.426877
1.79064e+09,TM_6,0.279445
1.79064e+09,TM_1,0.346011
1.79064e+09,TM_7,0.34257
1.79064e+09,TM_1,0.285413
1.79064e+09,TM_4,0.28365
1.79064e+09,TM_2,0.41641
1.79064e+09,TM_4,0.359055
1.79064e+09,TM_4,0.293726
1.79064e+09,TM_6,0.362753
1.79064e+09,TM_9,0.637347
1.79064e+09,TM_8,0.357687
1.79064e+09,TM_2,0.541992
1.79064e+09,TM_3,0.274072
1.79064e+09,TM_1,0.424828
1.79064e+09,TM_3,0.243904
1.79064e+09,TM_8,0.370122
1.79064e+09,TM_9,0.525204
1.79064e+09,TM_3,0.336402
1.79064e+09,TM_9,0.490592
1.79064e+09,TM_7,0.512315
1.79064e+09,TM_6,0.364538
1.79064e+09,TM_5,0.464055
1.79064e+09,TM_8,0.433158
1.79064e+09,TM_2,0.40019
1.79064e+09,TM_5,0.279479
1.79064e+09,TM_7,0.468042
1.79064e+09,TM_5,0.346123
1.79064e+09,TM_6,0.421541
1.79064e+09,TM_1,0.371731
1.79064e+09,TM_7,0.320462
1.79064e+09,TM_1,0.293084
1.79064e+09,TM_4,0.380118
1.79064e+09,TM_2,0.354683
1.79064e+09,TM_4,0.413143
1.79064e+09,TM_4,0.271219
1.79064e+09,TM_6,0.367623
1.79064e+09,TM_9,0.486624
1.79064e+09,TM_8,0.302113
1.79064e+09,TM_2,0.539459
1.79064e+09,TM_3,0.280946
1.79064e+09,TM_1,0.379352
1.79064e+09,TM_3,0.293452
1.79064e+09,TM_8,0.359373
1.79064e+09,TM_9,0.464231
1.79064e+09,TM_3,0.3786
1.79064e+09,TM_9,0.490582
1.79064e+09,TM_7,0.48725
1.79064e+09,TM_6,0.344204
1.79064e+09,TM_5,0.394978
1.79064e+09,TM_8,0.426735
1.79064e+09,TM_2,0.480328
1.79064e+09,TM_5,0.290641
1.79064e+09,TM_7,0.379716
1.79064e+09,TM_5,0.437473
1.79064e+09,TM_6,0.359944
1.79064e+09,TM_1,0.322265
1.79064e+09,TM_7,0.414286
1.79064e+09,TM_1,0.316556
1.79064e+09,TM_4,0.308348
1.79064e+09,TM_2,0.386093
1.79064e+09,TM_4,0.357351
1.79064e+09,TM_4,0.299889
1.79064e+09,TM_6,0.320828
1.79064e+09,TM_9,0.410386
1.79064e+09,TM_8,0.327613
1.79064e+09,TM_2,0.483156
1.79064e+09,TM_3,0.306021
1.79064e+09,TM_1,0.306768
1.79064e+09,TM_3,0.365022
1.79064e+09,TM_8,0.38802
1.79064e+09,TM_9,0.507304
1.79064e+09,TM_3,0.461563
1.79064e+09,TM_9,0.493946
1.79064e+09,TM_7,0.385939
1.79064e+09,TM_6,0.402478
1.79064e+09,TM_5,0.564173
1.79064e+09,TM_8,0.422991
1.79064e+09,TM_2,0.378741
1.79064e+09,TM_5,0.334551
1.79064e+09,TM_7,0.443081
1.79064e+09,TM_5,0.339303
1.79064e+09,TM_6,0.401751
1.79064e+09,TM_1,0.339225
1.79064e+09,TM_7,0.389584
1.79064e+09,TM_1,0.23867
1.79064e+09,TM_4,0.245028
1.79064e+09,TM_2,0.358237
1.79064e+09,TM_4,0.245467
1.79064e+09,TM_4,0.224636
1.79064e+09,TM_6,0.325202
1.79064e+09,TM_9,0.412125
1.79064e+09,TM_8,0.290295
1.79064e+09,TM_2,0.344683
1.79064e+09,TM_3,0.297766
1.79064e+09,TM_1,0.269498
1.79064e+09,TM_3,0.271082
1.79064e+09,TM_8,0.322516
1.79064e+09,TM_9,0.526151
1.79064e+09,TM_3,0.390088
1.79064e+09,TM_9,0.533918
1.79064e+09,TM_7,0.531339
1.79064e+09,TM_6,0.403672
1.79064e+09,TM_5,0.493661
1.79064e+09,TM_8,0.469961
1.79064e+09,TM_2,0.466919
1.79064e+09,TM_5,0.317658
1.79064e+09,TM_7,0.451638
1.79064e+09,TM_5,0.367431
1.79064e+09,TM_6,0.407732
1.79064e+09,TM_1,0.354234
1.79064e+09,TM_7,0.501008
1.79064e+09,TM_1,0.25205
1.79064e+09,TM_4,0.311226
1.79064e+09,TM_2,0.360412
1.79064e+09,TM_4,0.276464
1.79064e+09,TM_4,0.266846
1.79064e+09,TM_6,0.372437
1.79064e+09,TM_9,0.539496
1.79064e+09,TM_8,0.319423
1.79064e+09,TM_2,0.582742
1.79064e+09,TM_3,0.300512
1.79064e+09,TM_1,0.30793
1.79064e+09,TM_3,0.237143
1.79064e+09,TM_8,0.308951
1.79064e+09,TM_9,0.553219
1.79064e+09,TM_3,0.357158
1.79064e+09,TM_9,0.493536
1.79064e+09,TM_7,0.452186
1.79064e+09,TM_6,0.342634
1.79064e+09,TM_5,0.433576
1.79064e+09,TM_8,0.486646
1.79064e+09,TM_2,0.401626
1.79064e+09,TM_5,0.298569
1.79064e+09,TM_7,0.437136
1.79064e+09,TM_5,0.363139
1.79064e+09,TM_6,0.357061
1.79064e+09,TM_1,0.342454
1.79064e+09,TM_7,0.417234
1.79064e+09,TM_1,0.296615
1.79064e+09,TM_4,0.348916
1.79064e+09,TM_2,0.336107
1.79064e+09,TM_4,0.385507
1.79064e+09,TM_4,0.252767
1.79064e+09,TM_6,0.38368
1.79064e+09,TM_9,0.470388
1.79064e+09,TM_8,0.332479
1.79064e+09,TM_2,0.45046
1.79064e+09,TM_3,0.360559
1.79064e+09,TM_1,0.323172
1.79064e+09,TM_3,0.28078
1.79064e+09,TM_8,0.357675
1.79064e+09,TM_9,0.514444
1.79064e+09,TM_3,0.329195
1.79064e+09,TM_9,0.487696
1.79064e+09,TM_7,0.381949
1.79064e+09,TM_6,0.312589
1.79064e+09,TM_5,0.392494
1.79064e+09,TM_8,0.45763
1.79064e+09,TM_2,0.417787
1.79064e+09,TM_5,0.286322
1.79064e+09,TM_7,0.478673
1.79064e+09,TM_5,0.26317
1.79064e+09,TM_6,0.339049
1.79064e+09,TM_1,0.334071
1.79064e+09,TM_7,0.364085
1.79064e+09,TM_1,0.285221
1.79064e+09,TM_4,0.32371
1.79064e+09,TM_2,0.303019
1.79064e+09,TM_4,0.416052
1.79064e+09,TM_4,0.274418
1.79064e+09,TM_6,0.337663
1.79064e+09,TM_9,0.491364
1.79064e+09,TM_8,0.301378
1.79064e+09,TM_2,0.448718
1.79064e+09,TM_3,0.281342
1.79064e+09,TM_1,0.394872
1.79064e+09,TM_3,0.325121
1.79064e+09,TM_8,0.321001
1.79064e+09,TM_9,0.539789
1.79064e+09,TM_3,0.353283
1.79064e+09,TM_9,0.490934
1.79064e+09,TM_7,0.373058
1.79064e+09,TM_6,0.347854
1.79064e+09,TM_5,0.427392
1.79064e+09,TM_8,0.394938
1.79064e+09,TM_2,0.440002
1.79064e+09,TM_5,0.304092
1.79064e+09,TM_7,0.365211
1.79064e+09,TM_5,0.294881
1.79064e+09,TM_6,0.380577
1.79064e+09,TM_1,0.511379
1.79064e+09,TM_7,0.403963
1.79064e+09,TM_1,0.359077
1.79064e+09,TM_4,0.327755
1.79064e+09,TM_2,0.327521
1.79064e+09,TM_4,0.379946
1.79064e+09,TM_4,0.289977
1.79064e+09,TM_6,0.326951
1.79064e+09,TM_9,0.369337
1.79064e+09,TM_8,0.28568
1.79064e+09,TM_2,0.393784
1.79064e+09,TM_3,0.294655
1.79064e+09,TM_1,0.319983
1.79064e+09,TM_3,0.239407
1.79064e+09,TM_8,0.353387
1.79064e+09,TM_9,0.506836
1.79064e+09,TM_3,0.321499
1.79064e+09,TM_9,0.45069
1.79064e+09,TM_7,0.375619
1.79064e+09,TM_6,0.495988
1.79064e+09,TM_5,0.359529
1.79064e+09,TM_8,0.456227
1.79064e+09,TM_2,0.467801
1.79064e+09,TM_5,0.329395
1.79064e+09,TM_7,0.425902
1.79064e+09,TM_5,0.26947
1.79064e+09,TM_6,0.354619
1.79064e+09,TM_1,0.301243
1.79064e+09,TM_7,0.375464
1.79064e+09,TM_1,0.30539
1.79064e+09,TM_4,0.287678
1.79064e+09,TM_2,0.331232
1.79064e+09,TM_4,0.451579
1.79064e+09,TM_4,0.259733
1.79064e+09,TM_6,0.361638
1.79064e+09,TM_9,0.499148
1.79064e+09,TM_8,0.269849
1.79064e+09,TM_2,0.623784
1.79064e+09,TM_3,0.27609
1.79064e+09,TM_1,0.288076
1.79064e+09,TM_3,0.345632
1.79064e+09,TM_8,0.338081
1.79064e+09,TM_9,0.519537
1.79064e+09,TM_3,0.376863
1.79064e+09,TM_9,0.487204
1.79064e+09,TM_7,0.419432
1.79064e+09,TM_6,0.337085
1.79064e+09,TM_5,0.442092
1.79064e+09,TM_8,0.38161
1.79064e+09,TM_2,0.426546
1.79064e+09,TM_5,0.332508
1.79064e+09,TM_7,0.456355
1.79064e+09,TM_5,0.373467
1.79064e+09,TM_6,0.398474
1.79064e+09,TM_1,0.348564
1.79064e+09,TM_7,0.381681
1.79064e+09,TM_1,0.345703
1.79064e+09,TM_4,0.281666
1.79064e+09,TM_2,0.369715
1.79064e+09,TM_4,0.299474
1.79064e+09,TM_4,0.255967
1.79064e+09,TM_6,0.325272
1.79064e+09,TM_9,0.485077
1.79064e+09,TM_8,0.339608
1.79064e+09,TM_2,0.457307
1.79064e+09,TM_3,0.265458
1.79064e+09,TM_1,0.300433
1.79064e+09,TM_3,0.306419
1.79064e+09,TM_8,0.382391
1.79064e+09,TM_9,0.571579
1.79064e+09,TM_3,0.347849
1.79064e+09,TM_9,0.459359
1.79064e+09,TM_7,0.362356
1.79064e+09,TM_6,0.413315
1.79064e+09,TM_5,0.358192
1.79064e+09,TM_8,0.400318
1.79064e+09,TM_2,0.354613
1.79064e+09,TM_5,0.301538
1.79064e+09,TM_7,0.448222
1.79064e+09,TM_5,0.34398
1.79064e+09,TM_6,0.37699
1.79064e+09,TM_1,0.304309
1.79064e+09,TM_7,0.340656
1.79064e+09,TM_1,0.289311
1.79064e+09,TM_4,0.263769
1.79064e+09,TM_2,0.344114
1.79064e+09,TM_4,0.352859
1.79064e+09,TM_4,0.440789
1.79064e+09,TM_6,0.31065
1.79064e+09,TM_9,0.403886
1.79064e+09,TM_8,0.306163
1.79064e+09,TM_2,0.475978
1.79064e+09,TM_3,0.300064
1.79064e+09,TM_1,0.324489
1.79064e+09,TM_3,0.355103
1.79064e+09,TM_8,0.372173
1.79064e+09,TM_9,0.490131
1.79064e+09,TM_3,0.339083
1.79064e+09,TM_9,0.442289
1.79064e+09,TM_7,0.45805
1.79064e+09,TM_6,0.335899
1.79064e+09,TM_5,0.371374
1.79064e+09,TM_8,0.460055
1.79064e+09,TM_2,0.40387
1.79064e+09,TM_5,0.325793
1.79064e+09,TM_7,0.375843
1.79064e+09,TM_5,0.329836
1.79064e+09,TM_6,0.430036
1.79064e+09,TM_1,0.516117
1.79064e+09,TM_7,0.44999
1.79064e+09,TM_1,0.308697
1.79064e+09,TM_4,0.263736
1.79064e+09,TM_2,0.400958
1.79064e+09,TM_4,0.302265
1.79064e+09,TM_4,0.233459
1.79064e+09,TM_6,0.338189
1.79064e+09,TM_9,0.453328
1.79064e+09,TM_8,0.309814
1.79064e+09,TM_2,0.583806
1.79064e+09,TM_3,0.305504
1.79064e+09,TM_1,0.290249
1.79064e+09,TM_3,0.394342
1.79064e+09,TM_8,0.336803
1.79064e+09,TM_9,0.605692
1.79064e+09,TM_3,0.290966
1.79064e+09,TM_9,0.523338
1.79064e+09,TM_7,0.390906
1.79064e+09,TM_6,0.325474
1.79064e+09,TM_5,0.387177
1.79064e+09,TM_8,0.412478
1.79064e+09,TM_2,0.444749
1.79064e+09,TM_5,0.272604
1.79064e+09,TM_7,0.424467
1.79064e+09,TM_5,0.323418
1.79064e+09,TM_6,0.364897
1.79064e+09,TM_1,0.342401
1.79064e+09,TM_7,0.377821
1.79064e+09,TM_1,0.336268
1.79064e+09,TM_4,0.281054
1.79064e+09,TM_2,0.31993
1.79064e+09,TM_4,0.449483
1.79064e+09,TM_4,0.26637
1.79064e+09,TM_6,0.333537
1.79064e+09,TM_9,0.493693
1.79064e+09,TM_8,0.323593
1.79064e+09,TM_2,0.653113
1.79064e+09,TM_3,0.335924
1.79064e+09,TM_1,0.336441
1.79064e+09,TM_3,0.285735
1.79064e+09,TM_8,0.35813
1.79064e+09,TM_9,0.460147
1.79064e+09,TM_3,0.337151
1.79064e+09,TM_9,0.477091
1.79064e+09,TM_7,0.467735
1.79064e+09,TM_6,0.363321
1.79064e+09,TM_5,0.514292
1.79064e+09,TM_8,0.376585
1.79064e+09,TM_2,0.395829
1.79064e+09,TM_5,0.317809
1.79064e+09,TM_7,0.507589
1.79064e+09,TM_5,0.429646
1.79064e+09,TM_6,0.340479
1.79064e+09,TM_1,0.300738
1.79064e+09,TM_7,0.402361
1.79064e+09,TM_1,0.276552
1.79064e+09,TM_4,0.256793
1.79064e+09,TM_2,0.305514
1.79064e+09,TM_4,0.35008
1.79064e+09,TM_4,0.254228
1.79064e+09,TM_6,0.333666
1.79064e+09,TM_9,0.511879
1.79064e+09,TM_8,0.295328
1.79064e+09,TM_2,0.60492
1.79064e+09,TM_3,0.283964
1.79064e+09,TM_1,0.282882
1.79064e+09,TM_3,0.355459
1.79064e+09,TM_8,0.330397
1.79064e+09,TM_9,0.624111
1.79064e+09,TM_3,0.36744
1.79064e+09,TM_9,0.550879
1.79064e+09,TM_7,0.447745
1.79064e+09,TM_6,0.526972
1.79064e+09,TM_5,0.564574
1.79064e+09,TM_8,0.462703
1.79064e+09,TM_2,0.518534
1.79064e+09,TM_5,0.407063
1.79064e+09,TM_7,0.602703
1.79064e+09,TM_5,0.392469
1.79064e+09,TM_6,0.428885
1.79064e+09,TM_1,0.331948
1.79064e+09,TM_7,0.368098
1.79064e+09,TM_1,0.417693
1.79064e+09,TM_4,0.316407
1.79064e+09,TM_2,0.338052
1.79064e+09,TM_4,0.338592
1.79064e+09,TM_4,0.308996
1.79064e+09,TM_6,0.36054
1.79064e+09,TM_9,0.507862
1.79064e+09,TM_8,0.351273
1.79064e+09,TM_2,0.453358
1.79064e+09,TM_3,0.283836
1.79064e+09,TM_1,0.29863
1.79064e+09,TM_3,0.308695
1.79064e+09,TM_8,0.452704
1.79064e+09,TM_9,0.486719
1.79064e+09,TM_3,0.320033
1.79064e+09,TM_9,0.484556
1.79064e+09,TM_7,0.418898
1.79064e+09,TM_6,0.362793
1.79064e+09,TM_5,0.455582
1.79064e+09,TM_8,0.44208
1.79064e+09,TM_2,0.440813
1.79064e+09,TM_5,0.296681
1.79064e+09,TM_7,0.375519
1.79064e+09,TM_5,0.36487
1.79064e+09,TM_6,0.290073
1.79064e+09,TM_1,0.258396
1.79064e+09,TM_7,0.417887
1.79064e+09,TM_1,0.258404
1.79064e+09,TM_4,0.371709
1.79064e+09,TM_2,0.363035
1.79064e+09,TM_4,0.3695
1.79064e+09,TM_4,0.386608
1.79064e+09,TM_6,0.430187
1.79064e+09,TM_9,0.484108
1.79064e+09,TM_8,0.401505
1.79064e+09,TM_2,0.560641
1.79064e+09,TM_3,0.332102
1.79064e+09,TM_1,0.372839
1.79064e+09,TM_3,0.327345
1.79064e+09,TM_8,0.373551
1.79064e+09,TM_9,0.537171
1.79064e+09,TM_3,0.319056
1.79064e+09,TM_9,0.53882
1.79064e+09,TM_7,0.525049
1.79064e+09,TM_6,0.383397
1.79064e+09,TM_5,0.42373
1.79064e+09,TM_8,0.479974
1.79064e+09,TM_2,0.757162
1.79064e+09,TM_5,0.426045
1.79064e+09,TM_7,0.413524
1.79064e+09,TM_5,0.357941
1.79064e+09,TM_6,0.359823
1.79064e+09,TM_1,0.352667
1.79064e+09,TM_7,0.434935
1.79064e+09,TM_1,0.327141
1.79064e+09,TM_4,0.326355
1.79064e+09,TM_2,0.316608
1.79064e+09,TM_4,0.315671
1.79064e+09,TM_4,0.259409
1.79064e+09,TM_6,0.348035
1.79064e+09,TM_9,0.412848
1.79064e+09,TM_8,0.340008
1.79064e+09,TM_2,0.519808
1.79064e+09,TM_3,0.318177
1.79064e+09,TM_1,0.340318
1.79064e+09,TM_3,0.323883
1.79064e+09,TM_8,0.375706
1.79064e+09,TM_9,0.615665
1.79064e+09,TM_3,0.339802
1.79064e+09,TM_9,0.540253
1.79064e+09,TM_7,0.528136
1.79064e+09,TM_6,0.342485
1.79064e+09,TM_5,0.359383
1.79064e+09,TM_8,0.409749
1.79064e+09,TM_2,0.401912
1.79064e+09,TM_5,0.317553
1.79064e+09,TM_7,0.399042
1.79064e+09,TM_5,0.316679
1.79064e+09,TM_6,0.326917
1.79064e+09,TM_1,0.331975
1.79064e+09,TM_7,0.425854
1.79064e+09,TM_1,0.276446
1.79064e+09,TM_4,0.298876
1.79064e+09,TM_2,0.273883
1.79064e+09,TM_4,0.325198
1.79064e+09,TM_4,0.424616
1.79064e+09,TM_6,0.279926
1.79064e+09,TM_9,0.411895
1.79064e+09,TM_8,0.313874
1.79064e+09,TM_2,0.643862
1.79064e+09,TM_3,0.184102
1.79064e+09,TM_1,0.332764
1.79064e+09,TM_3,0.318109
1.79064e+09,TM_8,0.389997
1.79064e+09,TM_9,0.48666
1.79064e+09,TM_3,0.308352
1.79064e+09,TM_9,0.534793
1.79064e+09,TM_7,0.386474
1.79064e+09,TM_6,0.437653
1.79064e+09,TM_5,0.395864
1.79064e+09,TM_8,0.45505
1.79064e+09,TM_2,0.426616
1.79064e+09,TM_5,0.298115
1.79064e+09,TM_7,0.363883
1.79064e+09,TM_5,0.297069
1.79064e+09,TM_6,0.332989
1.79064e+09,TM_1,0.360069
1.79064e+09,TM_7,0.31283
1.79064e+09,TM_1,0.320608
1.79064e+09,TM_4,0.291831
1.79064e+09,TM_2,0.319363
1.79064e+09,TM_4,0.324276
1.79064e+09,TM_4,0.354448
1.79064e+09,TM_6,0.376278
1.79064e+09,TM_9,0.461219
1.79064e+09,TM_8,0.340759
1.79064e+09,TM_2,0.551334
1.79064e+09,TM_3,0.332094
1.79064e+09,TM_1,0.360504
1.79064e+09,TM_3,0.316034
1.79064e+09,TM_8,0.403934
1.79064e+09,TM_9,0.506466
1.79064e+09,TM_3,0.374973
1.79064e+09,TM_9,0.482172
1.79064e+09,TM_7,0.341295
1.79064e+09,TM_6,0.374122
1.79064e+09,TM_5,0.515819
1.79064e+09,TM_8,0.42673
1.79064e+09,TM_2,0.393727
1.79064e+09,TM_5,0.309387
1.79064e+09,TM_7,0.462613
1.79064e+09,TM_5,0.283039
1.79064e+09,TM_6,0.281902
1.79064e+09,TM_1,0.374498
1.79064e+09,TM_7,0.470429
1.79064e+09,TM_1,0.278335
1.79064e+09,TM_4,0.335481
1.79064e+09,TM_2,0.31786
1.79064e+09,TM_4,0.374676
1.79064e+09,TM_4,0.274798
1.79064e+09,TM_6,0.358819
1.79064e+09,TM_9,0.45305
1.79064e+09,TM_8,0.364768
1.79064e+09,TM_2,0.516823
1.79064e+09,TM_3,0.259549
1.79064e+09,TM_1,0.294041
1.79064e+09,TM_3,0.348415
1.79064e+09,TM_8,0.382166
1.79064e+09,TM_9,0.541923
1.79064e+09,TM_3,0.37753
1.79064e+09,TM_9,0.541877
1.79064e+09,TM_7,0.469433
1.79064e+09,TM_6,0.375772
1.79064e+09,TM_5,0.449108
1.79064e+09,TM_8,0.452222
1.79064e+09,TM_2,0.394902
1.79064e+09,TM_5,0.293076
1.79064e+09,TM_7,0.366047
1.79064e+09,TM_5,0.308216
1.79064e+09,TM_6,0.329222
1.79064e+09,TM_1,0.347034
1.79064e+09,TM_7,0.380062
1.79064e+09,TM_1,0.313733
1.79064e+09,TM_4,0.290739
1.79064e+09,TM_2,0.269758
1.79064e+09,TM_4,0.344137
1.79064e+09,TM_4,0.312741
1.79064e+09,TM_6,0.414919
1.79064e+09,TM_9,0.450844
1.79064e+09,TM_8,0.321999
1.79064e+09,TM_2,0.553807
1.79064e+09,TM_3,0.370631
1.79064e+09,TM_1,0.376659
1.79064e+09,TM_3,0.348803
1.79064e+09,TM_8,0.423461
1.79064e+09,TM_9,0.666673
1.79064e+09,TM_3,0.398431
1.79064e+09,TM_9,0.590034
1.79064e+09,TM_7,0.401937
1.79064e+09,TM_6,0.461389
1.79064e+09,TM_5,0.446029
1.79064e+09,TM_8,0.467846
1.79064e+09,TM_2,0.368505
1.79064e+09,TM_5,0.303463
1.79064e+09,TM_7,0.456491
1.79064e+09,TM_5,0.336269
1.79064e+09,TM_6,0.521344
1.79064e+09,TM_1,0.451419
1.79064e+09,TM_7,0.436515
1.79064e+09,TM_1,0.337423
1.79064e+09,TM_4,0.38473
1.79064e+09,TM_2,0.289634
1.79064e+09,TM_4,0.304129
1.79064e+09,TM_4,0.295237
1.79064e+09,TM_6,0.33352
1.79064e+09,TM_9,0.560854
1.79064e+09,TM_8,0.319707
1.79064e+09,TM_2,0.585205
1.79064e+09,TM_3,0.319211
1.79064e+09,TM_1,0.328198
1.79064e+09,TM_3,0.34954
1.79064e+09,TM_8,0.421301
1.79064e+09,TM_9,0.600584
1.79064e+09,TM_3,0.353738
1.79064e+09,TM_9,0.63949
1.79064e+09,TM_7,0.408511
1.79064e+09,TM_6,1.34039
1.79064e+09,TM_5,0.470694
1.79064e+09,TM_8,0.388887
1.79064e+09,TM_2,0.583138
1.79064e+09,TM_5,0.320022
1.79064e+09,TM_7,0.434578
1.79064e+09,TM_5,0.333906
1.79064e+09,TM_6,0.30705
1.79064e+09,TM_1,0.385427
1.79064e+09,TM_7,0.360842
1.79064e+09,TM_1,0.328392
1.79064e+09,TM_4,0.463473
1.79064e+09,TM_2,0.293927
1.79064e+09,TM_4,0.324217
1.79064e+09,TM_4,0.28515
1.79064e+09,TM_6,0.349853
1.79064e+09,TM_9,0.488069
1.79064e+09,TM_8,0.315781
1.79064e+09,TM_2,0.540971
1.79064e+09,TM_3,0.385041
1.79064e+09,TM_1,0.36015
1.79064e+09,TM_3,0.412402
1.79064e+09,TM_8,0.416678
1.79064e+09,TM_9,0.505383
1.79064e+09,TM_3,0.368696
1.79064e+09,TM_9,0.51661
1.79064e+09,TM_7,0.442938
1.79064e+09,TM_6,0.36368
1.79064e+09,TM_5,0.43457
1.79064e+09,TM_8,0.41018
1.79064e+09,TM_2,0.364113
1.79064e+09,TM_5,0.280554
1.79064e+09,TM_7,0.457579
1.79064e+09,TM_5,0.297952
1.79064e+09,TM_6,0.352217
1.79064e+09,TM_1,0.393697
1.79064e+09,TM_7,0.330539
1.79064e+09,TM_1,0.4431
1.79064e+09,TM_4,0.316935
1.79064e+09,TM_2,0.295337
1.79064e+09,TM_4,0.33655
1.79064e+09,TM_4,0.349989
1.79064e+09,TM_6,0.367116
1.79064e+09,TM_9,0.417038
1.79064e+09,TM_8,0.344584
1.79064e+09,TM_2,0.530889
1.79064e+09,TM_3,0.266733
1.79064e+09,TM_1,0.441981
1.79064e+09,TM_3,0.381549
1.79064e+09,TM_8,0.366486
1.79064e+09,TM_9,0.606412
1.79064e+09,TM_3,0.318277
1.79064e+09,TM_9,0.640998
1.79064e+09,TM_7,0.39743
1.79064e+09,TM_6,0.444297
1.79064e+09,TM_5,0.575561
1.79064e+09,TM_8,0.469728
1.79064e+09,TM_2,0.449767
1.79064e+09,TM_5,0.332179
1.79064e+09,TM_7,0.437367
1.79064e+09,TM_5,0.419851
1.79064e+09,TM_6,0.470817
1.79064e+09,TM_1,0.302212
1.79064e+09,TM_7,0.321964
1.79064e+09,TM_1,0.307452
1.79064e+09,TM_4,0.270831
1.79064e+09,TM_2,0.32935
1.79064e+09,TM_4,0.315283
1.79064e+09,TM_4,0.274962
1.79064e+09,TM_6,0.323533
1.79064e+09,TM_9,0.566472
1.79064e+09,TM_8,0.327058
1.79064e+09,TM_2,0.534478
1.79064e+09,TM_3,0.309938
1.79064e+09,TM_1,0.287633
1.79064e+09,TM_3,0.320012
1.79064e+09,TM_8,0.340495
1.79064e+09,TM_9,0.586032
1.79064e+09,TM_3,0.404585
1.79064e+09,TM_9,0.572493
1.79064e+09,TM_7,0.413349
1.79064e+09,TM_6,0.312141
1.79064e+09,TM_5,0.493721
1.79064e+09,TM_8,0.441507
1.79064e+09,TM_2,0.448097
1.79064e+09,TM_5,0.300207
1.79064e+09,TM_7,0.395065
1.79064e+09,TM_5,0.365969
1.79064e+09,TM_6,0.327494
1.79064e+09,TM_1,0.43767
1.79064e+09,TM_7,0.43742
1.79064e+09,TM_1,0.301991
1.79064e+09,TM_4,0.291565
1.79064e+09,TM_2,0.291163
1.79064e+09,TM_4,0.31914
1.79064e+09,TM_4,0.265443
1.79064e+09,TM_6,0.334149
1.79064e+09,TM_9,0.619813
1.79064e+09,TM_8,0.290924
1.79064e+09,TM_2,0.572711
1.79064e+09,TM_3,0.294586
1.79064e+09,TM_1,0.280722
1.79064e+09,TM_3,0.366866
1.79064e+09,TM_8,0.35407
1.79064e+09,TM_9,0.560674
1.79064e+09,TM_3,0.394581
1.79064e+09,TM_9,0.624275
1.79064e+09,TM_7,0.415015
1.79064e+09,TM_6,0.349219
1.79064e+09,TM_5,0.456462
1.79064e+09,TM_8,0.433708
1.79064e+09,TM_2,0.462469
1.79064e+09,TM_5,0.278552
1.79064e+09,TM_7,0.40607
1.79064e+09,TM_5,0.355629
1.79064e+09,TM_6,0.586091
1.79064e+09,TM_1,0.345855
1.79064e+09,TM_7,0.316347
1.79064e+09,TM_1,0.329285
1.79064e+09,TM_4,0.292878
1.79064e+09,TM_2,0.312865
1.79064e+09,TM_4,0.312825
1.79064e+09,TM_4,0.32981
1.79064e+09,TM_6,0.366559
1.79064e+09,TM_9,0.425832
1.79064e+09,TM_8,0.315995
1.79064e+09,TM_2,0.536886
1.79064e+09,TM_3,0.624138
1.79064e+09,TM_1,0.39598
1.79064e+09,TM_3,0.321969
1.79064e+09,TM_8,0.394343
1.79064e+09,TM_9,0.446247
1.79064e+09,TM_3,0.433983
1.79064e+09,TM_9,0.578635
1.79064e+09,TM_7,0.346974
1.79064e+09,TM_6,0.433654
1.79064e+09,TM_5,0.57727
1.79064e+09,TM_8,0.407513
1.79064e+09,TM_2,0.538498
1.79064e+09,TM_5,0.320099
1.79064e+09,TM_7,0.44581
1.79064e+09,TM_5,0.349015
1.79064e+09,TM_6,0.330816
1.79064e+09,TM_1,0.364457
1.79064e+09,TM_7,0.358867
1.79064e+09,TM_1,0.356182
1.79064e+09,TM_4,0.292542
1.79064e+09,TM_2,0.396729
1.79064e+09,TM_4,0.350772
1.79064e+09,TM_4,0.322306
1.79064e+09,TM_6,0.410444
1.79064e+09,TM_9,0.414131
1.79064e+09,TM_8,0.314429
1.79064e+09,TM_2,0.562848
1.79064e+09,TM_3,0.315141
1.79064e+09,TM_1,0.380721
1.79064e+09,TM_3,0.353838
1.79064e+09,TM_8,0.388981
1.79064e+09,TM_9,0.507786
1.79064e+09,TM_3,0.318128
1.79064e+09,TM_9,0.504806
1.79064e+09,TM_7,0.313087
1.79064e+09,TM_6,0.332124
1.79064e+09,TM_5,0.57639
1.79064e+09,TM_8,0.37315
1.79064e+09,TM_2,0.365298
1.79064e+09,TM_5,0.278259
1.79064e+09,TM_7,0.447828
1.79064e+09,TM_5,0.402742
1.79064e+09,TM_6,0.412761
1.79064e+09,TM_1,0.396243
1.79064e+09,TM_7,0.375279
1.79064e+09,TM_1,0.305466
1.79064e+09,TM_4,0.312428
1.79064e+09,TM_2,0.528432
1.79064e+09,TM_4,0.333328
1.79064e+09,TM_4,0.334785
1.79064e+09,TM_6,0.4227
1.79064e+09,TM_9,0.486102
1.79064e+09,TM_8,0.355426
1.79064e+09,TM_2,0.545234
1.79064e+09,TM_3,0.371081
1.79064e+09,TM_1,0.310237
1.79064e+09,TM_3,0.41737
1.79064e+09,TM_8,0.391089
1.79064e+09,TM_9,0.602382
1.79064e+09,TM_3,0.400909
1.79064e+09,TM_9,0.749726
1.79064e+09,TM_7,0.384116
1.79064e+09,TM_6,0.430339
1.79064e+09,TM_5,0.48568
1.79064e+09,TM_8,0.422049
1.79064e+09,TM_2,0.444202
1.79064e+09,TM_5,0.308498
1.79064e+09,TM_7,0.398721
1.79064e+09,TM_5,0.426004
1.79064e+09,TM_6,0.344739
1.79064e+09,TM_1,0.344536
1.79064e+09,TM_7,0.293461
1.79064e+09,TM_1,0.319327
1.79064e+09,TM_4,0.309588
1.79064e+09,TM_2,0.243412
1.79064e+09,TM_4,0.293797
1.79064e+09,TM_4,0.31818
1.79064e+09,TM_6,0.333859
1.79064e+09,TM_9,0.39593
1.79064e+09,TM_8,0.38163
1.79064e+09,TM_2,0.488383
1.79064e+09,TM_3,0.376416
1.79064e+09,TM_1,0.345786
1.79064e+09,TM_3,0.301471
1.79064e+09,TM_8,0.403271
1.79064e+09,TM_9,0.491853
1.79064e+09,TM_3,0.315745
1.79064e+09,TM_9,0.517001
1.79064e+09,TM_7,0.346823
1.79064e+09,TM_6,0.385232
1.79064e+09,TM_5,0.412642
1.79064e+09,TM_8,0.421671
1.79064e+09,TM_2,0.349835
1.79064e+09,TM_5,0.337695
1.79064e+09,TM_7,0.324704
1.79064e+09,TM_5,0.320675
1.79064e+09,TM_6,0.342207
1.79064e+09,TM_1,0.349511
1.79064e+09,TM_7,0.287414
1.79064e+09,TM_1,0.298726
1.79064e+09,TM_4,0.307832
1.79064e+09,TM_2,0.269381
1.79064e+09,TM_4,0.269085
1.79064e+09,TM_4,0.279686
1.79064e+09,TM_6,0.359837
1.79064e+09,TM_9,0.402493
1.79064e+09,TM_8,0.322034
1.79064e+09,TM_2,0.623243
1.79064e+09,TM_3,0.337608
1.79064e+09,TM_1,0.41388
1.79064e+09,TM_3,0.265563
1.79064e+09,TM_8,0.414854
1.79064e+09,TM_9,0.66654
1.79064e+09,TM_3,0.341258
1.79064e+09,TM_9,0.499449
1.79064e+09,TM_7,0.414153
1.79064e+09,TM_6,0.449812
1.79064e+09,TM_5,0.489814
1.79064e+09,TM_8,0.481698
1.79064e+09,TM_2,0.411646
1.79064e+09,TM_5,0.35873
1.79064e+09,TM_7,0.392966
1.79064e+09,TM_5,0.382516
1.79064e+09,TM_6,0.366627
1.79064e+09,TM_1,0.35986
1.79064e+09,TM_7,0.320084
1.79064e+09,TM_1,0.303082
1.79064e+09,TM_4,0.330257
1.79064e+09,TM_2,0.300205
1.79064e+09,TM_4,0.277494
1.79064e+09,TM_4,0.286589
1.79064e+09,TM_6,0.356584
1.79064e+09,TM_9,0.469394
1.79064e+09,TM_8,0.380661
1.79064e+09,TM_2,0.550281
1.79064e+09,TM_3,0.356152
1.79064e+09,TM_1,0.352326
1.79064e+09,TM_3,0.320141
1.79064e+09,TM_8,0.465243
1.79064e+09,TM_9,0.555158
1.79064e+09,TM_3,0.366193
1.79064e+09,TM_9,0.526764
1.79064e+09,TM_7,0.292528
1.79064e+09,TM_6,0.517503
1.79064e+09,TM_5,0.416628
1.79064e+09,TM_8,0.429497
1.79064e+09,TM_2,0.407416
1.79064e+09,TM_5,0.308393
1.79064e+09,TM_7,0.402869
1.79064e+09,TM_5,0.311854
1.79064e+09,TM_6,0.333885
1.79064e+09,TM_1,0.312946
1.79064e+09,TM_7,0.400091
1.79064e+09,TM_1,0.290135
1.79064e+09,TM_4,0.311247
1.79064e+09,TM_2,0.274584
1.79064e+09,TM_4,0.275731
1.79064e+09,TM_4,0.31223
1.79064e+09,TM_6,0.387073
1.79064e+09,TM_9,0.421253
1.79064e+09,TM_8,0.36962
1.79064e+09,TM_2,0.575341
1.79064e+09,TM_3,0.264159
1.79064e+09,TM_1,0.378848
1.79064e+09,TM_3,0.370141
1.79064e+09,TM_8,0.439171
1.79064e+09,TM_9,0.659152
1.79064e+09,TM_3,0.371483
1.79064e+09,TM_9,0.704396
1.79064e+09,TM_7,0.407678
1.79064e+09,TM_6,0.414666
1.79064e+09,TM_5,0.487629
1.79064e+09,TM_8,0.524083
1.79064e+09,TM_2,0.436246
1.79064e+09,TM_5,0.328136
1.79064e+09,TM_7,0.38329
1.79064e+09,TM_5,0.287314
1.79064e+09,TM_6,0.360552
1.79064e+09,TM_1,0.482071
1.79064e+09,TM_7,0.437408
1.79064e+09,TM_1,0.309143
1.79064e+09,TM_4,0.34741
1.79064e+09,TM_2,0.350573
1.79064e+09,TM_4,0.299248
1.79064e+09,TM_4,0.36066
1.79064e+09,TM_6,0.44722
1.79064e+09,TM_9,0.442042
1.79064e+09,TM_8,0.345941
1.79064e+09,TM_2,0.441871
1.79064e+09,TM_3,0.406443
1.79064e+09,TM_1,0.345215
1.79064e+09,TM_3,0.304582
1.79064e+09,TM_8,0.391808
1.79064e+09,TM_9,0.659936
1.79064e+09,TM_3,0.337178
1.79064e+09,TM_9,0.658481
1.79064e+09,TM_7,0.321551
1.79064e+09,TM_6,0.423396
1.79064e+09,TM_5,0.438425
1.79064e+09,TM_8,0.473159
1.79064e+09,TM_2,0.479149
1.79064e+09,TM_5,0.390327
1.79064e+09,TM_7,0.428724
1.79064e+09,TM_5,0.472123
1.79064e+09,TM_6,0.399946
1.79064e+09,TM_1,0.403138
1.79064e+09,TM_7,0.496009
1.79064e+09,TM_1,0.277956
1.79064e+09,TM_4,0.399272
1.79064e+09,TM_2,0.386118
1.79064e+09,TM_4,0.333659
1.79064e+09,TM_4,0.303444
1.79064e+09,TM_6,0.410911
1.79064e+09,TM_9,0.424358
1.79064e+09,TM_8,0.383966
1.79064e+09,TM_2,0.575081
1.79064e+09,TM_3,0.241443
1.79064e+09,TM_1,0.366939
1.79064e+09,TM_3,0.283291
1.79064e+09,TM_8,0.422852
1.79064e+09,TM_9,0.589787
1.79064e+09,TM_3,0.461111
1.79064e+09,TM_9,0.672296
1.79064e+09,TM_7,0.372875
1.79064e+09,TM_6,0.368342
1.79064e+09,TM_5,0.452164
1.79064e+09,TM_8,0.456859
1.79064e+09,TM_2,0.489816
1.79064e+09,TM_5,0.293147
1.79064e+09,TM_7,0.550544
1.79064e+09,TM_5,0.35436
1.79064e+09,TM_6,0.370276
1.79064e+09,TM_1,0.337765
1.79064e+09,TM_7,0.422605
1.79064e+09,TM_1,0.247689
1.79064e+09,TM_4,0.459006
1.79064e+09,TM_2,0.315755
1.79064e+09,TM_4,0.307998
1.79064e+09,TM_4,0.280833
1.79064e+09,TM_6,0.366205
1.79064e+09,TM_9,0.432872
1.79064e+09,TM_8,0.378975
1.79064e+09,TM_2,0.586436
1.79064e+09,TM_3,0.256042
1.79064e+09,TM_1,0.509829
1.79064e+09,TM_3,0.309375
1.79064e+09,TM_8,0.454729
1.79064e+09,TM_9,0.542328
1.79064e+09,TM_3,0.373376
1.79064e+09,TM_9,0.527659
1.79064e+09,TM_7,0.331077
1.79064e+09,TM_6,0.345505
1.79064e+09,TM_5,0.439492
1.79064e+09,TM_8,0.43764
1.79064e+09,TM_2,0.394928
1.79064e+09,TM_5,0.300567
1.79064e+09,TM_7,0.399966
1.79064e+09,TM_5,0.381989
1.79064e+09,TM_6,0.338992
1.79064e+09,TM_1,0.337531
1.79064e+09,TM_7,0.314662
1.79064e+09,TM_1,0.27698
1.79064e+09,TM_4,0.369441
1.79064e+09,TM_2,0.42288
1.79064e+09,TM_4,0.290656
1.79064e+09,TM_4,0.311904
1.79064e+09,TM_6,0.399931
1.79064e+09,TM_9,0.487822
1.79064e+09,TM_8,0.310811
1.79064e+09,TM_2,0.569084
1.79064e+09,TM_3,0.355204
1.79064e+09,TM_1,0.376251
1.79064e+09,TM_3,0.295825
1.79064e+09,TM_8,0.365435
1.79064e+09,TM_9,0.736778
1.79064e+09,TM_3,0.44099
1.79064e+09,TM_9,0.570547
1.79064e+09,TM_7,0.335507
1.79064e+09,TM_6,0.417096
1.79064e+09,TM_5,0.54965
1.79064e+09,TM_8,0.442737
1.79064e+09,TM_2,0.64853
1.79064e+09,TM_5,0.380317
1.79064e+09,TM_7,0.41441
1.79064e+09,TM_5,0.427956
1.79064e+09,TM_6,0.409418
1.79064e+09,TM_1,0.453771
1.79064e+09,TM_7,0.411481
1.79064e+09,TM_1,0.254371
1.79064e+09,TM_4,0.353974
1.79064e+09,TM_2,0.394776
1.79064e+09,TM_4,0.248209
1.79064e+09,TM_4,0.254206
1.79064e+09,TM_6,0.344112
1.79064e+09,TM_9,0.486784
1.79064e+09,TM_8,0.344118
1.79064e+09,TM_2,0.54566
1.79064e+09,TM_3,0.354944
1.79064e+09,TM_1,0.3679
1.79064e+09,TM_3,0.309529
1.79064e+09,TM_8,0.370538
1.79064e+09,TM_9,0.502527
1.79064e+09,TM_3,0.386225
1.79064e+09,TM_9,0.71394
1.79064e+09,TM_7,0.454842
1.79064e+09,TM_6,0.398299
1.79064e+09,TM_5,0.467418
1.79064e+09,TM_8,0.484088
1.79064e+09,TM_2,0.490037
1.79064e+09,TM_5,0.262029
1.79064e+09,TM_7,0.425004
1.79064e+09,TM_5,0.418325
1.79064e+09,TM_6,0.396851
1.79064e+09,TM_1,0.371603
1.79064e+09,TM_7,0.326212
1.79064e+09,TM_1,0.355101
1.79064e+09,TM_4,0.414238
1.79064e+09,TM_2,0.309849
1.79064e+09,TM_4,0.277731
1.79064e+09,TM_4,0.287978
1.79064e+09,TM_6,0.385193
1.79064e+09,TM_9,0.513992
1.79064e+09,TM_8,0.310084
1.79064e+09,TM_2,0.549224
1.79064e+09,TM_3,0.27342
1.79064e+09,TM_1,0.37769
1.79064e+09,TM_3,0.280752
1.79064e+09,TM_8,0.377259
1.79064e+09,TM_9,0.527442
1.79064e+09,TM_3,0.323912
1.79064e+09,TM_9,0.570487
1.79064e+09,TM_7,0.418088
1.79064e+09,TM_6,0.422962
1.79064e+09,TM_5,0.457253
1.79064e+09,TM_8,0.525705
1.79064e+09,TM_2,0.435721
1.79064e+09,TM_5,0.405407
1.79064e+09,TM_7,0.359288
1.79064e+09,TM_5,0.375078
1.79064e+09,TM_6,0.39327
1.79064e+09,TM_1,0.342729
1.79064e+09,TM_7,0.385508
1.79064e+09,TM_1,0.279628
1.79064e+09,TM_4,0.31126
1.79064e+09,TM_2,0.421358
1.79064e+09,TM_4,0.273586
1.79064e+09,TM_4,0.343819
1.79064e+09,TM_6,0.385648
1.79064e+09,TM_9,0.440636
1.79064e+09,TM_8,0.378297
1.79064e+09,TM_2,0.501951
1.79064e+09,TM_3,0.255883
1.79064e+09,TM_1,0.363654
1.79064e+09,TM_3,0.285371
1.79064e+09,TM_8,0.395644
1.79064e+09,TM_9,0.589077
1.79064e+09,TM_3,0.398067
1.79064e+09,TM_9,0.561217
1.79064e+09,TM_7,0.434955
1.79064e+09,TM_6,0.448225
1.79064e+09,TM_5,0.441558
1.79064e+09,TM_8,0.445412
1.79064e+09,TM_2,0.400249
1.79064e+09,TM_5,0.304227
1.79064e+09,TM_7,0.383604
1.79064e+09,TM_5,0.37367
1.79064e+09,TM_6,0.373698
1.79064e+09,TM_1,0.358872
1.79064e+09,TM_7,0.516904
1.79064e+09,TM_1,0.28345
1.79064e+09,TM_4,0.370327
1.79064e+09,TM_2,0.368329
1.79064e+09,TM_4,0.289276
1.79064e+09,TM_4,0.304398
1.79064e+09,TM_6,0.303762
1.79064e+09,TM_9,0.484427
1.79064e+09,TM_8,0.330263
1.79064e+09,TM_2,0.58974
1.79064e+09,TM_3,0.261765
1.79064e+09,TM_1,0.361776
1.79064e+09,TM_3,0.267316
1.79064e+09,TM_8,0.407911
1.79064e+09,TM_9,0.554607
1.79064e+09,TM_3,0.328702
1.79064e+09,TM_9,0.50832
1.79064e+09,TM_7,0.343265
1.79064e+09,TM_6,0.294511
1.79064e+09,TM_5,0.428045
1.79064e+09,TM_8,0.49389
1.79064e+09,TM_2,0.370249
1.79064e+09,TM_5,0.317912
1.79064e+09,TM_7,0.407491
1.79064e+09,TM_5,0.371628
1.79064e+09,TM_6,0.34786
1.79064e+09,TM_1,0.344848
1.79064e+09,TM_7,0.386718
1.79064e+09,TM_1,0.276068
1.79064e+09,TM_4,0.332601
1.79064e+09,TM_2,0.279448
1.79064e+09,TM_4,0.275406
1.79064e+09,TM_4,0.31114
1.79064e+09,TM_6,0.372304
1.79064e+09,TM_9,0.459447
1.79064e+09,TM_8,0.386821
1.79064e+09,TM_2,0.607172
1.79064e+09,TM_3,0.259388
1.79064e+09,TM_1,0.45186
1.79064e+09,TM_3,0.325268
1.79064e+09,TM_8,0.390965
1.79064e+09,TM_9,0.609406
1.79064e+09,TM_3,0.547596
1.79064e+09,TM_9,0.636322
1.79064e+09,TM_7,0.421973
1.79064e+09,TM_6,0.373619
1.79064e+09,TM_5,0.569361
1.79064e+09,TM_8,0.474267
1.79064e+09,TM_2,0.564166
1.79064e+09,TM_5,0.510255
1.79064e+09,TM_7,0.388578
1.79064e+09,TM_5,0.382883
1.79064e+09,TM_6,0.393035
1.79064e+09,TM_1,0.468861
1.79064e+09,TM_7,0.420703
1.79064e+09,TM_1,0.301343
1.79064e+09,TM_4,0.344478
1.79064e+09,TM_2,0.36679
1.79064e+09,TM_4,0.349326
1.79064e+09,TM_4,0.33004
1.79064e+09,TM_6,0.425341
1.79064e+09,TM_9,0.512594
1.79064e+09,TM_8,0.351628
1.79064e+09,TM_2,0.50612
1.79064e+09,TM_3,0.373471
1.79064e+09,TM_1,0.412424
1.79064e+09,TM_3,0.321953
1.79064e+09,TM_8,0.335602
1.79064e+09,TM_9,0.574976
1.79064e+09,TM_3,0.370088
1.79064e+09,TM_9,0.506896
1.79064e+09,TM_7,0.370928
1.79064e+09,TM_6,0.358426
1.79064e+09,TM_5,0.489277
1.79064e+09,TM_8,0.393433
1.79064e+09,TM_2,0.403576
1.79064e+09,TM_5,0.317069
1.79064e+09,TM_7,0.440819
1.79064e+09,TM_5,0.370468
1.79064e+09,TM_6,0.516764
1.79064e+09,TM_1,0.383751
1.79064e+09,TM_7,0.325387
1.79064e+09,TM_1,0.307892
1.79064e+09,TM_4,0.335232
1.79064e+09,TM_2,0.310701
1.79064e+09,TM_4,0.278646
1.79064e+09,TM_4,0.251341
1.79064e+09,TM_6,0.392263
1.79064e+09,TM_9,0.499898
1.79064e+09,TM_8,0.339678
1.79064e+09,TM_2,0.542921
1.79064e+09,TM_3,0.264088
1.79064e+09,TM_1,0.338513
1.79064e+09,TM_3,0.327993
1.79064e+09,TM_8,0.364026
1.79064e+09,TM_9,0.604119
1.79064e+09,TM_3,0.427279
1.79064e+09,TM_9,0.609856
1.79064e+09,TM_7,0.356722
1.79064e+09,TM_6,0.475577
1.79064e+09,TM_5,0.62594
1.79064e+09,TM_8,0.499492
1.79064e+09,TM_2,0.67466
1.79064e+09,TM_5,0.484129
1.79064e+09,TM_7,0.463737
1.79064e+09,TM_5,0.419044
1.79064e+09,TM_6,0.384344
1.79064e+09,TM_1,0.400252
1.79064e+09,TM_7,0.368617
1.79064e+09,TM_1,0.324931
1.79064e+09,TM_4,0.433945
1.79064e+09,TM_2,0.490011
1.79064e+09,TM_4,0.296112
1.79064e+09,TM_4,0.265307
1.79064e+09,TM_6,0.380309
1.79064e+09,TM_9,0.52201
1.79064e+09,TM_8,0.296764
1.79064e+09,TM_2,0.561631
1.79064e+09,TM_3,0.292734
1.79064e+09,TM_1,0.298908
1.79064e+09,TM_3,0.300675
1.79064e+09,TM_8,0.381969
1.79064e+09,TM_9,0.577538
1.79064e+09,TM_3,0.482607
1.79064e+09,TM_9,0.603521
1.79064e+09,TM_7,0.349598
1.79064e+09,TM_6,0.365961
1.79064e+09,TM_5,0.4751
1.79064e+09,TM_8,0.49851
1.79064e+09,TM_2,0.430792
1.79064e+09,TM_5,0.386756
1.79064e+09,TM_7,0.37899
1.79064e+09,TM_5,0.34133
1.79064e+09,TM_6,0.5231
1.79064e+09,TM_1,0.388668
1.79064e+09,TM_7,0.340277
1.79064e+09,TM_1,0.348881
1.79064e+09,TM_4,0.339132
1.79064e+09,TM_2,0.414709
1.79064e+09,TM_4,0.276568
1.79064e+09,TM_4,0.282705
1.79064e+09,TM_6,0.51171
1.79064e+09,TM_9,0.481172
1.79064e+09,TM_8,0.385286
1.79064e+09,TM_2,0.541444
1.79064e+09,TM_3,0.428645
1.79064e+09,TM_1,0.331622
1.79064e+09,TM_3,0.28004
1.79064e+09,TM_8,0.37404
1.79064e+09,TM_9,0.577671
1.79064e+09,TM_3,0.332533
1.79064e+09,TM_9,0.499985
1.79064e+09,TM_7,0.571509
1.79064e+09,TM_6,0.398896
1.79064e+09,TM_5,0.418236
1.79064e+09,TM_8,0.500183
1.79064e+09,TM_2,0.416076
1.79064e+09,TM_5,0.31784
1.79064e+09,TM_7,0.41092
1.79064e+09,TM_5,0.399037
1.79064e+09,TM_6,0.448356
1.79064e+09,TM_1,0.454538
1.79064e+09,TM_7,0.410058
1.79064e+09,TM_1,0.353656
1.79064e+09,TM_4,0.462163
1.79064e+09,TM_2,0.281548
1.79064e+09,TM_4,0.307134
1.79064e+09,TM_4,0.244569
1.79064e+09,TM_6,0.404191
1.79064e+09,TM_9,0.403266
1.79064e+09,TM_8,0.333063
1.79064e+09,TM_2,0.532852
1.79064e+09,TM_3,0.43129
1.79064e+09,TM_1,0.371907
1.79064e+09,TM_3,0.285151
1.79064e+09,TM_8,0.393216
1.79064e+09,TM_9,0.584538
1.79064e+09,TM_3,0.520847
1.79064e+09,TM_9,0.478591
1.79064e+09,TM_7,0.392969
1.79064e+09,TM_6,0.430466
1.79064e+09,TM_5,0.420249
1.79064e+09,TM_8,0.455042
1.79064e+09,TM_2,0.464343
1.79064e+09,TM_5,0.279009
1.79064e+09,TM_7,0.472053
1.79064e+09,TM_5,0.31413
1.79064e+09,TM_6,0.353881
1.79064e+09,TM_1,0.437877
1.79064e+09,TM_7,0.426102
1.79064e+09,TM_1,0.377906
1.79064e+09,TM_4,0.401
1.79064e+09,TM_2,0.363386
1.79064e+09,TM_4,0.299804
1.79064e+09,TM_4,0.326703
1.79064e+09,TM_6,0.432978
1.79064e+09,TM_9,0.411945
1.79064e+09,TM_8,0.321817
1.79064e+09,TM_2,0.576889
1.79064e+09,TM_3,0.235298
1.79064e+09,TM_1,0.336156
1.79064e+09,TM_3,0.289616
1.79064e+09,TM_8,0.421283
1.79064e+09,TM_9,0.625774
1.79064e+09,TM_3,0.416305
1.79064e+09,TM_9,0.573545
1.79064e+09,TM_7,0.386824
1.79064e+09,TM_6,0.473192
1.79064e+09,TM_5,0.443266
1.79064e+09,TM_8,0.507842
1.79064e+09,TM_2,0.360926
1.79064e+09,TM_5,0.300068
1.79064e+09,TM_7,0.387595
1.79064e+09,TM_5,0.393439
1.79064e+09,TM_6,0.381671
1.79064e+09,TM_1,0.375012
1.79064e+09,TM_7,0.424159
1.79064e+09,TM_1,0.34196
1.79064e+09,TM_4,0.40399
1.79064e+09,TM_2,0.391318
1.79064e+09,TM_4,0.307298
1.79064e+09,TM_4,0.340693
1.79064e+09,TM_6,0.472139
1.79064e+09,TM_9,0.409631
1.79064e+09,TM_8,0.349391
1.79064e+09,TM_2,0.577875
1.79064e+09,TM_3,0.262861
1.79064e+09,TM_1,0.36854
1.79064e+09,TM_3,0.264634
1.79064e+09,TM_8,0.38352
1.79064e+09,TM_9,0.483167
1.79064e+09,TM_3,0.379873
1.79064e+09,TM_9,0.538508
1.79064e+09,TM_7,0.367772
1.79064e+09,TM_6,0.422407
1.79064e+09,TM_5,0.468435
1.79064e+09,TM_8,0.484635
1.79064e+09,TM_2,0.39931
1.79064e+09,TM_5,0.287798
1.79064e+09,TM_7,0.398415
1.79064e+09,TM_5,0.290937
1.79064e+09,TM_6,0.418284
1.79064e+09,TM_1,0.346972
1.79064e+09,TM_7,0.442259
1.79064e+09,TM_1,0.329465
1.79064e+09,TM_4,0.339607
1.79064e+09,TM_2,0.283775
1.79064e+09,TM_4,0.360402
1.79064e+09,TM_4,0.302669
1.79064e+09,TM_6,0.460299
1.79064e+09,TM_9,0.560401
1.79064e+09,TM_8,0.392314
1.79064e+09,TM_2,0.568696
1.79064e+09,TM_3,0.319225
1.79064e+09,TM_1,0.373249
1.79064e+09,TM_3,0.26064
1.79064e+09,TM_8,0.404621
1.79064e+09,TM_9,0.500874
1.79064e+09,TM_3,0.303993
1.79064e+09,TM_9,0.536888
1.79064e+09,TM_7,0.457023
1.79064e+09,TM_6,0.41354
1.79064e+09,TM_5,0.574932
1.79064e+09,TM_8,0.465498
1.79064e+09,TM_2,0.428565
1.79064e+09,TM_5,0.270322
1.79064e+09,TM_7,0.376504
1.79064e+09,TM_5,0.337743
1.79064e+09,TM_6,0.401038
1.79064e+09,TM_1,0.328444
1.79064e+09,TM_7,0.389737
1.79064e+09,TM_1,0.251545
1.79064e+09,TM_4,0.328267
1.79064e+09,TM_2,0.368531
1.79064e+09,TM_4,0.328877
1.79064e+09,TM_4,0.334531
1.79064e+09,TM_6,0.392969
1.79064e+09,TM_9,0.391285
1.79064e+09,TM_8,0.300133
1.79064e+09,TM_2,0.535811
1.79064e+09,TM_3,0.335363
1.79064e+09,TM_1,0.359298
1.79064e+09,TM_3,0.34596
1.79064e+09,TM_8,0.409883
1.79064e+09,TM_9,0.536405
1.79064e+09,TM_3,0.393426
1.79064e+09,TM_9,0.62864
1.79064e+09,TM_7,0.495802
1.79064e+09,TM_6,0.421216
1.79064e+09,TM_5,0.373158
1.79064e+09,TM_8,0.529274
1.79064e+09,TM_2,0.588001
1.79064e+09,TM_5,0.458878
1.79064e+09,TM_7,0.437754
1.79064e+09,TM_5,0.348086
1.79064e+09,TM_6,0.487059
1.79064e+09,TM_1,0.504138
1.79064e+09,TM_7,0.390456
1.79064e+09,TM_1,0.347278
1.79064e+09,TM_4,0.349009
1.79064e+09,TM_2,0.441613
1.79064e+09,TM_4,0.321672
1.79064e+09,TM_4,0.288855
1.79064e+09,TM_6,0.395515
1.79064e+09,TM_9,0.412983
1.79064e+09,TM_8,0.308031
1.79064e+09,TM_2,0.49399
1.79064e+09,TM_3,0.43493
1.79064e+09,TM_1,0.34802
1.79064e+09,TM_3,0.301766
1.79064e+09,TM_8,0.399063
1.79064e+09,TM_9,0.52912
1.79064e+09,TM_3,0.337129
1.79064e+09,TM_9,0.526455
1.79064e+09,TM_7,0.48237
1.79064e+09,TM_6,0.41114
1.79064e+09,TM_5,0.430096
1.79064e+09,TM_8,0.452113
1.79064e+09,TM_2,0.383213
1.79064e+09,TM_5,0.33925
1.79064e+09,TM_7,0.512314
1.79064e+09,TM_5,0.317152
1.79064e+09,TM_6,0.344222
1.79064e+09,TM_1,0.349781
1.79064e+09,TM_7,0.292627
1.79064e+09,TM_1,0.328163
1.79064e+09,TM_4,0.311493
1.79064e+09,TM_2,0.361548
1.79064e+09,TM_4,0.328433
1.79064e+09,TM_4,0.279926
1.79064e+09,TM_6,0.34525
1.79064e+09,TM_9,0.437163
1.79064e+09,TM_8,0.35532
1.79064e+09,TM_2,0.588673
1.79064e+09,TM_3,0.286144
1.79064e+09,TM_1,0.432955
1.79064e+09,TM_3,0.2964
1.79064e+09,TM_8,0.387177
1.79064e+09,TM_9,0.509988
1.79064e+09,TM_3,0.310103
1.79064e+09,TM_9,0.522439
1.79064e+09,TM_7,0.362669
1.79064e+09,TM_6,0.371884
1.79064e+09,TM_5,0.444474
1.79064e+09,TM_8,0.404845
1.79064e+09,TM_2,0.387299
1.79064e+09,TM_5,0.238017
1.79064e+09,TM_7,0.45727
1.79064e+09,TM_5,0.251056
1.79064e+09,TM_6,0.438437
1.79064e+09,TM_1,0.370633
1.79064e+09,TM_7,0.421542
1.79064e+09,TM_1,0.328745
1.79064e+09,TM_4,0.34545
1.79064e+09,TM_2,0.335008
1.79064e+09,TM_4,0.354345
1.79064e+09,TM_4,0.297596
1.79064e+09,TM_6,0.450687
1.79064e+09,TM_9,0.463671
1.79064e+09,TM_8,0.40899
1.79064e+09,TM_2,0.513263
1.79064e+09,TM_3,0.299716
1.79064e+09,TM_1,0.328268
1.79064e+09,TM_3,0.246642
1.79064e+09,TM_8,0.321954
1.79064e+09,TM_9,0.521702
1.79064e+09,TM_3,0.306464
1.79064e+09,TM_9,0.583412
1.79064e+09,TM_7,0.438605
1.79064e+09,TM_6,0.454227
1.79064e+09,TM_5,0.464339
1.79064e+09,TM_8,0.555593
1.79064e+09,TM_2,0.443082
1.79064e+09,TM_5,0.295248
1.79064e+09,TM_7,0.724078
1.79064e+09,TM_5,0.347758
1.79064e+09,TM_6,0.442654
1.79064e+09,TM_1,0.337352
1.79064e+09,TM_7,0.424018
1.79064e+09,TM_1,0.334136
1.79064e+09,TM_4,0.380784
1.79064e+09,TM_2,0.380335
1.79064e+09,TM_4,0.296669
1.79064e+09,TM_4,0.305685
1.79064e+09,TM_6,0.314066
1.79064e+09,TM_9,0.395232
1.79064e+09,TM_8,0.342513
1.79064e+09,TM_2,0.473443
1.79064e+09,TM_3,0.335264
1.79064e+09,TM_1,0.320518
1.79064e+09,TM_3,0.271272
1.79064e+09,TM_8,0.350425
1.79064e+09,TM_9,0.486737
1.79064e+09,TM_3,0.345532
1.79064e+09,TM_9,0.634274
1.79064e+09,TM_7,0.436141
1.79064e+09,TM_6,0.326036
1.79064e+09,TM_5,0.439225
1.79064e+09,TM_8,0.46466
1.79064e+09,TM_2,0.386772
1.79064e+09,TM_5,0.35846
1.79064e+09,TM_7,0.347731
1.79064e+09,TM_5,0.295279
1.79064e+09,TM_6,0.351818
1.79064e+09,TM_1,0.348698
1.79064e+09,TM_7,0.486476
1.79064e+09,TM_1,0.400213
1.79064e+09,TM_4,0.379743
1.79064e+09,TM_2,0.365121
1.79064e+09,TM_4,0.329083
1.79064e+09,TM_4,0.286693
1.79064e+09,TM_6,0.341638
1.79064e+09,TM_9,0.421861
1.79064e+09,TM_8,0.350929
1.79064e+09,TM_2,0.488612
1.79064e+09,TM_3,0.30336
1.79064e+09,TM_1,0.312904
1.79064e+09,TM_3,0.291079
1.79064e+09,TM_8,0.383232
1.79064e+09,TM_9,0.527521
1.79064e+09,TM_3,0.312577
1.79064e+09,TM_9,0.471176
1.79064e+09,TM_7,0.468153
1.79064e+09,TM_6,0.36289
1.79064e+09,TM_5,0.446764
1.79064e+09,TM_8,0.493191
1.79064e+09,TM_2,0.477714
1.79064e+09,TM_5,0.304297
1.79064e+09,TM_7,0.513581
1.79064e+09,TM_5,0.358371
1.79064e+09,TM_6,0.354611
1.79064e+09,TM_1,0.351297
1.79064e+09,TM_7,0.339767
1.79064e+09,TM_1,0.357162
1.79064e+09,TM_4,0.421362
1.79064e+09,TM_2,0.319948
1.79064e+09,TM_4,0.42401
1.79064e+09,TM_4,0.317125
1.79064e+09,TM_6,0.348918
1.79064e+09,TM_9,0.407427
1.79064e+09,TM_8,0.346142
1.79064e+09,TM_2,0.487724
1.79064e+09,TM_3,0.313127
1.79064e+09,TM_1,0.321295
1.79064e+09,TM_3,0.331302
1.79064e+09,TM_8,0.363086
1.79064e+09,TM_9,0.40411
1.79064e+09,TM_3,0.312944
1.79064e+09,TM_9,0.602091
1.79064e+09,TM_7,0.437178
1.79064e+09,TM_6,0.403186
1.79064e+09,TM_5,0.547755
1.79064e+09,TM_8,0.511309
1.79064e+09,TM_2,0.444209
1.79064e+09,TM_5,0.40499
1.79064e+09,TM_7,0.489409
1.79064e+09,TM_5,0.350877
1.79064e+09,TM_6,0.308626
1.79064e+09,TM_1,0.318811
1.79064e+09,TM_7,0.469914
1.79064e+09,TM_1,0.249487
1.79064e+09,TM_4,0.313997
1.79064e+09,TM_2,0.307101
1.79064e+09,TM_4,0.319071
1.79064e+09,TM_4,0.273762
1.79064e+09,TM_6,0.327888
1.79064e+09,TM_9,0.630042
1.79064e+09,TM_8,0.302508
1.79064e+09,TM_2,0.494012
1.79064e+09,TM_3,0.400076
1.79064e+09,TM_1,0.342555
1.79064e+09,TM_3,0.38234
1.79064e+09,TM_8,0.347779
1.79064e+09,TM_9,0.616085
1.79064e+09,TM_3,0.452468
1.79064e+09,TM_9,0.536969
1.79064e+09,TM_7,0.36185
1.79064e+09,TM_6,0.396538
1.79064e+09,TM_5,0.473316
1.79064e+09,TM_8,0.42585
1.79064e+09,TM_2,0.330393
1.79064e+09,TM_5,0.319416
1.79064e+09,TM_7,0.452643
1.79064e+09,TM_5,0.359205
1.79064e+09,TM_6,0.431508
1.79064e+09,TM_1,0.327343
1.79064e+09,TM_7,0.486564
1.79064e+09,TM_1,0.280422
1.79064e+09,TM_4,0.289851
1.79064e+09,TM_2,0.345758
1.79064e+09,TM_4,0.267314
1.79064e+09,TM_4,0.279528
1.79064e+09,TM_6,0.35011
1.79064e+09,TM_9,0.498253
1.79064e+09,TM_8,0.341425
1.79064e+09,TM_2,0.584391
1.79064e+09,TM_3,0.40701
1.79064e+09,TM_1,0.317882
1.79064e+09,TM_3,0.381987
1.79064e+09,TM_8,0.407633
1.79064e+09,TM_9,0.552047
1.79064e+09,TM_3,0.43247
1.79064e+09,TM_9,0.530169
1.79064e+09,TM_7,0.55165
1.79064e+09,TM_6,0.304234
1.79064e+09,TM_5,0.55679
1.79064e+09,TM_8,0.441153
1.79064e+09,TM_2,0.461152
1.79064e+09,TM_5,0.486438
1.79064e+09,TM_7,0.475553
1.79064e+09,TM_5,0.40065
1.79064e+09,TM_6,0.412394
1.79064e+09,TM_1,0.360025
1.79064e+09,TM_7,0.365658
1.79064e+09,TM_1,0.311804
1.79064e+09,TM_4,0.382243
1.79064e+09,TM_2,0.347961
1.79064e+09,TM_4,0.319035
1.79064e+09,TM_4,0.287555
1.79064e+09,TM_6,0.336831
1.79064e+09,TM_9,0.501441
1.79064e+09,TM_8,0.358717
1.79064e+09,TM_2,0.468765
1.79064e+09,TM_3,0.415729
1.79064e+09,TM_1,0.401373
1.79064e+09,TM_3,0.365399
1.79064e+09,TM_8,0.472387
1.79064e+09,TM_9,0.562857
1.79064e+09,TM_3,0.490414
1.79064e+09,TM_9,0.477413
1.79064e+09,TM_7,0.433346
1.79064e+09,TM_6,0.565072
1.79064e+09,TM_5,0.452586
1.79064e+09,TM_8,0.502377
1.79064e+09,TM_2,0.413858
1.79064e+09,TM_5,0.28733
1.79064e+09,TM_7,0.693633
1.79064e+09,TM_5,0.321412
1.79064e+09,TM_6,0.487831
1.79064e+09,TM_1,0.350154
1.79064e+09,TM_7,0.376559
1.79064e+09,TM_1,0.28497
1.79064e+09,TM_4,0.390381
1.79064e+09,TM_2,0.335675
1.79064e+09,TM_4,0.312746
1.79064e+09,TM_4,0.325616
1.79064e+09,TM_6,0.318443
1.79064e+09,TM_9,0.479291
1.79064e+09,TM_8,0.360102
1.79064e+09,TM_2,0.521064
1.79064e+09,TM_3,0.270924
1.79064e+09,TM_1,0.322958
1.79064e+09,TM_3,0.365631
1.79064e+09,TM_8,0.325247
1.79064e+09,TM_9,0.535344
1.79064e+09,TM_3,0.421633
1.79064e+09,TM_9,0.555703
1.79064e+09,TM_7,0.43293
1.79064e+09,TM_6,0.402677
1.79064e+09,TM_5,0.456719
1.79064e+09,TM_8,0.449899
1.79064e+09,TM_2,0.434155
1.79064e+09,TM_5,0.400881
1.79064e+09,TM_7,0.442771
1.79064e+09,TM_5,0.360169
1.79064e+09,TM_6,0.421842
1.79064e+09,TM_1,0.356024
1.79064e+09,TM_7,0.348497
1.79064e+09,TM_1,0.311453
1.79064e+09,TM_4,0.349788
1.79064e+09,TM_2,0.430187
1.79064e+09,TM_4,0.365956
1.79064e+09,TM_4,0.254764
1.79064e+09,TM_6,0.304491
1.79064e+09,TM_9,0.484666
1.79064e+09,TM_8,0.316971
1.79064e+09,TM_2,0.58935
1.79064e+09,TM_3,0.401467
1.79064e+09,TM_1,0.341429
1.79064e+09,TM_3,0.361731
1.79064e+09,TM_8,0.324092
1.79064e+09,TM_9,0.59971
1.79064e+09,TM_3,0.345392
1.79064e+09,TM_9,0.538965
1.79064e+09,TM_7,0.674036
1.79064e+09,TM_6,0.30495
1.79064e+09,TM_5,0.43612
1.79064e+09,TM_8,0.375039
1.79064e+09,TM_2,0.531048
1.79064e+09,TM_5,0.430319
1.79064e+09,TM_7,0.455292
1.79064e+09,TM_5,0.403209
1.79064e+09,TM_6,0.372893
1.79064e+09,TM_1,0.355641
1.79064e+09,TM_7,0.329928
1.79064e+09,TM_1,0.282577
1.79064e+09,TM_4,0.335577
1.79064e+09,TM_2,0.32708
1.79064e+09,TM_4,0.340654
1.79064e+09,TM_4,0.347246
1.79064e+09,TM_6,0.414138
1.79064e+09,TM_9,0.616445
1.79064e+09,TM_8,0.379367
1.79064e+09,TM_2,0.448151
1.79064e+09,TM_3,0.253546
1.79064e+09,TM_1,0.393524
1.79064e+09,TM_3,0.29939
1.79064e+09,TM_8,0.390846
1.79064e+09,TM_9,0.536355
1.79064e+09,TM_3,0.336424
1.79064e+09,TM_9,0.587435
1.79064e+09,TM_7,0.41225
1.79064e+09,TM_6,0.375595
1.79064e+09,TM_5,0.518198
1.79064e+09,TM_8,0.437836
1.79064e+09,TM_2,0.493593
1.79064e+09,TM_5,0.391968
1.79064e+09,TM_7,0.660519
1.79064e+09,TM_5,0.321197
1.79064e+09,TM_6,0.485891
1.79064e+09,TM_1,0.337307
1.79064e+09,TM_7,0.399061
1.79064e+09,TM_1,0.3281
1.79064e+09,TM_4,0.314259
1.79064e+09,TM_2,0.253628
1.79064e+09,TM_4,0.360571
1.79064e+09,TM_4,0.324295
1.79064e+09,TM_6,0.294421
1.79064e+09,TM_9,0.467933
1.79064e+09,TM_8,0.304881
1.79064e+09,TM_2,0.330645
1.79064e+09,TM_3,0.401945
1.79064e+09,TM_1,0.362874
1.79064e+09,TM_3,0.260659
1.79064e+09,TM_8,0.325383
1.79064e+09,TM_9,0.521202
1.79064e+09,TM_3,0.329518
1.79064e+09,TM_9,0.498386
1.79064e+09,TM_7,0.480243
1.79064e+09,TM_6,0.433869
1.79064e+09,TM_5,0.485549
1.79064e+09,TM_8,0.46919
1.79064e+09,TM_2,0.440007
1.79064e+09,TM_5,0.313355
1.79064e+09,TM_7,0.547392
1.79064e+09,TM_5,0.348495
1.79064e+09,TM_6,0.412801
1.79064e+09,TM_1,0.373843
1.79064e+09,TM_7,0.384708
1.79064e+09,TM_1,0.299144
1.79064e+09,TM_4,0.366252
1.79064e+09,TM_2,0.31556
1.79064e+09,TM_4,0.331812
1.79064e+09,TM_4,0.346242
1.79064e+09,TM_6,0.31279
1.79064e+09,TM_9,0.441019
1.79064e+09,TM_8,0.422514
1.79064e+09,TM_2,0.45103
1.79064e+09,TM_3,0.406866
1.79064e+09,TM_1,0.400441
1.79064e+09,TM_3,0.27646
1.79064e+09,TM_8,0.363996
1.79064e+09,TM_9,0.526864
1.79064e+09,TM_3,0.277866
1.79064e+09,TM_9,0.528255
1.79064e+09,TM_7,0.379042
1.79064e+09,TM_6,0.382925
1.79064e+09,TM_5,0.402577
1.79064e+09,TM_8,0.430628
1.79064e+09,TM_2,0.447651
1.79064e+09,TM_5,0.404171
1.79064e+09,TM_7,0.485865
1.79064e+09,TM_5,0.370297
1.79064e+09,TM_6,0.417499
1.79064e+09,TM_1,0.364519
1.79064e+09,TM_7,0.42895
1.79064e+09,TM_1,0.284351
1.79064e+09,TM_4,0.328338
1.79064e+09,TM_2,0.290826
1.79064e+09,TM_4,0.283814
1.79064e+09,TM_4,0.311707
1.79064e+09,TM_6,0.31915
1.79064e+09,TM_9,0.429426
1.79064e+09,TM_8,0.290094
1.79064e+09,TM_2,0.501097
1.79064e+09,TM_3,0.384906
1.79064e+09,TM_1,0.386145
1.79064e+09,TM_3,0.326136
1.79064e+09,TM_8,0.366491
1.79064e+09,TM_9,0.541988
1.79064e+09,TM_3,0.388699
1.79064e+09,TM_9,0.487651
1.79064e+09,TM_7,0.463776
1.79064e+09,TM_6,0.288199
1.79064e+09,TM_5,0.527563
1.79064e+09,TM_8,0.358776
1.79064e+09,TM_2,0.528347
1.79064e+09,TM_5,0.383419
1.79064e+09,TM_7,0.406569
1.79064e+09,TM_5,0.380546
1.79064e+09,TM_6,0.319754
1.79064e+09,TM_1,0.483443
1.79064e+09,TM_7,0.436184
1.79064e+09,TM_1,0.27215
1.79064e+09,TM_4,0.328995
1.79064e+09,TM_2,0.284915
1.79064e+09,TM_4,0.354362
1.79064e+09,TM_4,0.325753
1.79064e+09,TM_6,0.377236
1.79064e+09,TM_9,0.452227
1.79064e+09,TM_8,0.289503
1.79064e+09,TM_2,0.439626
1.79064e+09,TM_3,0.413796
1.79064e+09,TM_1,0.394104
1.79064e+09,TM_3,0.360868
1.79064e+09,TM_8,0.391186
1.79064e+09,TM_9,0.513857
1.79064e+09,TM_3,0.388831
1.79064e+09,TM_9,0.446743
1.79064e+09,TM_7,0.357176
1.79064e+09,TM_6,0.401288
1.79064e+09,TM_5,0.464382
1.79064e+09,TM_8,0.412921
1.79064e+09,TM_2,0.395918
1.79064e+09,TM_5,0.371537
1.79064e+09,TM_7,0.407073
1.79064e+09,TM_5,0.351798
1.79064e+09,TM_6,0.381191
1.79064e+09,TM_1,0.314931
1.79064e+09,TM_7,0.261767
1.79064e+09,TM_1,0.300304
1.79064e+09,TM_4,0.29931
1.79064e+09,TM_2,0.298636
1.79064e+09,TM_4,0.309553
1.79064e+09,TM_4,0.321772
1.79064e+09,TM_6,0.382268
1.79064e+09,TM_9,0.331152
1.79064e+09,TM_8,0.31539
1.79064e+09,TM_2,0.612051
1.79064e+09,TM_3,0.361207
1.79064e+09,TM_1,0.46918
1.79064e+09,TM_3,0.292352
1.79064e+09,TM_8,0.367896
1.79064e+09,TM_9,0.551289
1.79064e+09,TM_3,0.370262
1.79064e+09,TM_9,0.464133
1.79064e+09,TM_7,0.452877
1.79064e+09,TM_6,0.365808
1.79064e+09,TM_5,0.43078
1.79064e+09,TM_8,0.469677
1.79064e+09,TM_2,0.503653
1.79064e+09,TM_5,0.337971
1.79064e+09,TM_7,0.565505
1.79064e+09,TM_5,0.365573
1.79064e+09,TM_6,0.371291
1.79064e+09,TM_1,0.369782
1.79064e+09,TM_7,0.388574
1.79064e+09,TM_1,0.276757
1.79064e+09,TM_4,0.279271
1.79064e+09,TM_2,0.302018
1.79064e+09,TM_4,0.295293
1.79064e+09,TM_4,0.308499
1.79064e+09,TM_6,0.325516
1.79064e+09,TM_9,0.543821
1.79064e+09,TM_8,0.316218
1.79064e+09,TM_2,0.526876
1.79064e+09,TM_3,0.337645
1.79064e+09,TM_1,0.328718
1.79064e+09,TM_3,0.344659
1.79064e+09,TM_8,0.396485
1.79064e+09,TM_9,0.611887
1.79064e+09,TM_3,0.456353
1.79064e+09,TM_9,0.64637
1.79064e+09,TM_7,0.381847
1.79064e+09,TM_6,0.383761
1.79064e+09,TM_5,0.492093
1.79064e+09,TM_8,0.489256
1.79064e+09,TM_2,0.408675
1.79064e+09,TM_5,0.308584
1.79064e+09,TM_7,0.514382
1.79064e+09,TM_5,0.372693
1.79064e+09,TM_6,0.387678
1.79064e+09,TM_1,0.399242
1.79064e+09,TM_7,0.325684
1.79064e+09,TM_1,0.346694
1.79064e+09,TM_4,0.300832
1.79064e+09,TM_2,0.355598
1.79064e+09,TM_4,0.309379
1.79064e+09,TM_4,0.320067
1.79064e+09,TM_6,0.354835
1.79064e+09,TM_9,0.423964
1.79064e+09,TM_8,0.346463
1.79064e+09,TM_2,0.577866
1.79064e+09,TM_3,0.312828
1.79064e+09,TM_1,0.354743
1.79064e+09,TM_3,0.272656
1.79064e+09,TM_8,0.405375
1.79064e+09,TM_9,0.434397
1.79064e+09,TM_3,0.365676
1.79064e+09,TM_9,0.441246
1.79064e+09,TM_7,0.380781
1.79064e+09,TM_6,0.283292
1.79064e+09,TM_5,0.470688
1.79064e+09,TM_8,0.455171
1.79064e+09,TM_2,0.42216
1.79064e+09,TM_5,0.382002
1.79064e+09,TM_7,0.405284
1.79064e+09,TM_5,0.384923
1.79064e+09,TM_6,0.366464
1.79064e+09,TM_1,0.345099
1.79064e+09,TM_7,0.359053
1.79064e+09,TM_1,0.288068
1.79064e+09,TM_4,0.312204
1.79064e+09,TM_2,0.38128
1.79064e+09,TM_4,0.368897
1.79064e+09,TM_4,0.356127
1.79064e+09,TM_6,0.380752
1.79064e+09,TM_9,0.461272
1.79064e+09,TM_8,0.334908
1.79064e+09,TM_2,0.500493
1.79064e+09,TM_3,0.420878
1.79064e+09,TM_1,0.357522
1.79064e+09,TM_3,0.331273
1.79064e+09,TM_8,0.370613
1.79064e+09,TM_9,0.546406
1.79064e+09,TM_3,0.384215
1.79064e+09,TM_9,0.551559
1.79064e+09,TM_7,0.401022
1.79064e+09,TM_6,0.301375
1.79064e+09,TM_5,0.467117
1.79064e+09,TM_8,0.44804
1.79064e+09,TM_2,0.454339
1.79064e+09,TM_5,0.458071
1.79064e+09,TM_7,0.402868
1.79064e+09,TM_5,0.353462
1.79064e+09,TM_6,0.446623
1.79064e+09,TM_1,0.344502
1.79064e+09,TM_7,0.333895
1.79064e+09,TM_1,0.331149
1.79064e+09,TM_4,0.327146
1.79064e+09,TM_2,0.563061
1.79064e+09,TM_4,0.348496
1.79064e+09,TM_4,0.363016
1.79064e+09,TM_6,0.343713
1.79064e+09,TM_9,0.437934
1.79064e+09,TM_8,0.346129
1.79064e+09,TM_2,0.591481
1.79064e+09,TM_3,0.38699
1.79064e+09,TM_1,0.514003
1.79064e+09,TM_3,0.333053
1.79064e+09,TM_8,0.377955
1.79064e+09,TM_9,0.717004
1.79064e+09,TM_3,0.403981
1.79064e+09,TM_9,0.487611
1.79064e+09,TM_7,0.353415
1.79064e+09,TM_6,0.411968
1.79064e+09,TM_5,0.426713
1.79064e+09,TM_8,0.440064
1.79064e+09,TM_2,0.390093
1.79064e+09,TM_5,0.460106
1.79064e+09,TM_7,0.469541
1.79064e+09,TM_5,0.372601
1.79064e+09,TM_6,0.357964
1.79064e+09,TM_1,0.416946
1.79064e+09,TM_7,0.43688
1.79064e+09,TM_1,0.315469
1.79064e+09,TM_4,0.30589
1.79064e+09,TM_2,0.354864
1.79064e+09,TM_4,0.30448
1.79064e+09,TM_4,0.294359
1.79064e+09,TM_6,0.342508
1.79064e+09,TM_9,0.457655
1.79064e+09,TM_8,0.293953
1.79064e+09,TM_2,0.55469
1.79064e+09,TM_3,0.340389
1.79064e+09,TM_1,0.522708
1.79064e+09,TM_3,0.294916
1.79064e+09,TM_8,0.378945
1.79064e+09,TM_9,0.547777
1.79064e+09,TM_3,0.333166
1.79064e+09,TM_9,0.623758
1.79064e+09,TM_7,0.368465
1.79064e+09,TM_6,0.391568
1.79064e+09,TM_5,0.498019
1.79064e+09,TM_8,0.422994
1.79064e+09,TM_2,0.425269
1.79064e+09,TM_5,0.370946
1.79064e+09,TM_7,0.456634
1.79064e+09,TM_5,0.339015
1.79064e+09,TM_6,0.386601
1.79064e+09,TM_1,0.331969
1.79064e+09,TM_7,0.27923
1.79064e+09,TM_1,0.272251
1.79064e+09,TM_4,0.307112
1.79064e+09,TM_2,0.407736
1.79064e+09,TM_4,0.290727
1.79064e+09,TM_4,0.281311
1.79064e+09,TM_6,0.401939
1.79064e+09,TM_9,0.51334
1.79064e+09,TM_8,0.316045
1.79064e+09,TM_2,0.500141
1.79064e+09,TM_3,0.398687
1.79064e+09,TM_1,0.373592
1.79064e+09,TM_3,0.268802
1.79064e+09,TM_8,0.36439
1.79064e+09,TM_9,0.620302
1.79064e+09,TM_3,0.375067
1.79064e+09,TM_9,0.478472
1.79064e+09,TM_7,0.548949
1.79064e+09,TM_6,0.460891
1.79064e+09,TM_5,0.717166
1.79064e+09,TM_8,0.5033
1.79064e+09,TM_2,0.527116
1.79064e+09,TM_5,0.498625
1.79064e+09,TM_7,0.385842
1.79064e+09,TM_5,0.373667
1.79064e+09,TM_6,0.426736
1.79064e+09,TM_1,0.548339
1.79064e+09,TM_7,0.4493
1.79064e+09,TM_1,0.31835
1.79064e+09,TM_4,0.305764
1.79064e+09,TM_2,0.303482
1.79064e+09,TM_4,0.322237
1.79064e+09,TM_4,0.330917
1.79064e+09,TM_6,0.478942
1.79064e+09,TM_9,0.457351
1.79064e+09,TM_8,0.307242
1.79064e+09,TM_2,0.490735
1.79064e+09,TM_3,0.407434
1.79064e+09,TM_1,0.350603
1.79064e+09,TM_3,0.295015
1.79064e+09,TM_8,0.36304
1.79064e+09,TM_9,0.571309
1.79064e+09,TM_3,0.430947
1.79064e+09,TM_9,0.553322
1.79064e+09,TM_7,0.426086
1.79064e+09,TM_6,0.355012
1.79064e+09,TM_5,0.502791
1.79064e+09,TM_8,0.489168
1.79064e+09,TM_2,0.519276
1.79064e+09,TM_5,0.437266
1.79064e+09,TM_7,0.411252
1.79064e+09,TM_5,0.376537
1.79064e+09,TM_6,0.326725
1.79064e+09,TM_1,0.322092
1.79064e+09,TM_7,0.440143
1.79064e+09,TM_1,0.257659
1.79064e+09,TM_4,0.302993
1.79064e+09,TM_2,0.394046
1.79064e+09,TM_4,0.337696
1.79064e+09,TM_4,0.343855
1.79064e+09,TM_6,0.32651
1.79064e+09,TM_9,0.490444
1.79064e+09,TM_8,0.306106
1.79064e+09,TM_2,0.535377
1.79064e+09,TM_3,0.442476
1.79064e+09,TM_1,0.324925
1.79064e+09,TM_3,0.32563
1.79064e+09,TM_8,0.328149
1.79064e+09,TM_9,0.747928
1.79064e+09,TM_3,0.38915
1.79064e+09,TM_9,0.582442
1.79064e+09,TM_7,0.506235
1.79064e+09,TM_6,0.354434
1.79064e+09,TM_5,0.467812
1.79064e+09,TM_8,0.432472
1.79064e+09,TM_2,0.432189
1.79064e+09,TM_5,0.482212
1.79064e+09,TM_7,0.600995
1.79064e+09,TM_5,0.322227
1.79064e+09,TM_6,0.393631
1.79064e+09,TM_1,0.325997
1.79064e+09,TM_7,0.410841
1.79064e+09,TM_1,0.312628
1.79064e+09,TM_4,0.299022
1.79064e+09,TM_2,0.310228
1.79064e+09,TM_4,0.306436
1.79064e+09,TM_4,0.349835
1.79064e+09,TM_6,0.368856
1.79064e+09,TM_9,0.446129
1.79064e+09,TM_8,0.303511
1.79064e+09,TM_2,0.508665
1.79064e+09,TM_3,0.415661
1.79064e+09,TM_1,0.305008
1.79064e+09,TM_3,0.423644
1.79064e+09,TM_8,0.36111
1.79064e+09,TM_9,0.697963
1.79064e+09,TM_3,0.434532
1.79064e+09,TM_9,0.555043
1.79064e+09,TM_7,0.635935
1.79064e+09,TM_6,0.394016
1.79064e+09,TM_5,0.46918
1.79064e+09,TM_8,0.427703
1.79064e+09,TM_2,0.46333
1.79064e+09,TM_5,0.405794
1.79064e+09,TM_7,0.408757
1.79064e+09,TM_5,0.431463
1.79064e+09,TM_6,0.419387
1.79064e+09,TM_1,0.369994
1.79064e+09,TM_7,0.362232
1.79064e+09,TM_1,0.291604
1.79064e+09,TM_4,0.310384
1.79064e+09,TM_2,0.293391
1.79064e+09,TM_4,0.330429
1.79064e+09,TM_4,0.361938
1.79064e+09,TM_6,0.31907
1.79064e+09,TM_9,0.414254
1.79064e+09,TM_8,0.303016
1.79064e+09,TM_2,0.540036
1.79064e+09,TM_3,0.302557
1.79064e+09,TM_1,0.357159
1.79064e+09,TM_3,0.318835
1.79064e+09,TM_8,0.344694
1.79064e+09,TM_9,0.511179
1.79064e+09,TM_3,0.327089
1.79064e+09,TM_9,0.576918
1.79064e+09,TM_7,0.598099
1.79064e+09,TM_6,0.373186
1.79064e+09,TM_5,0.530972
1.79064e+09,TM_8,0.546492
1.79064e+09,TM_2,0.404771
1.79064e+09,TM_5,0.336755
1.79064e+09,TM_7,0.413742
1.79064e+09,TM_5,0.365157
1.79064e+09,TM_6,0.414942
1.79064e+09,TM_1,0.418988
1.79064e+09,TM_7,0.349538
1.79064e+09,TM_1,0.342902
1.79064e+09,TM_4,0.302173
1.79064e+09,TM_2,0.352403
1.79064e+09,TM_4,0.305972
1.79064e+09,TM_4,0.387916
1.79064e+09,TM_6,0.386476
1.79064e+09,TM_9,0.473363
1.79064e+09,TM_8,0.347229
1.79064e+09,TM_2,0.529837
1.79064e+09,TM_3,0.417064
1.79064e+09,TM_1,0.35942
1.79064e+09,TM_3,0.353201
1.79064e+09,TM_8,0.368565
1.79064e+09,TM_9,0.673117
1.79064e+09,TM_3,0.382685
1.79064e+09,TM_9,0.552134
1.79064e+09,TM_7,0.375169
1.79064e+09,TM_6,0.330114
1.79064e+09,TM_5,0.72157
1.79064e+09,TM_8,0.44332
1.79064e+09,TM_2,0.455502
1.79064e+09,TM_5,0.433948
1.79064e+09,TM_7,0.401629
1.79064e+09,TM_5,0.384427
1.79064e+09,TM_6,0.443254
1.79064e+09,TM_1,0.338244
1.79064e+09,TM_7,0.304009
1.79064e+09,TM_1,0.324156
1.79064e+09,TM_4,0.332168
1.79064e+09,TM_2,0.381277
1.79064e+09,TM_4,0.290067
1.79064e+09,TM_4,0.319281
1.79064e+09,TM_6,0.343138
1.79064e+09,TM_9,0.618184
1.79064e+09,TM_8,0.31013
1.79064e+09,TM_2,0.545661
1.79064e+09,TM_3,0.333608
1.79064e+09,TM_1,0.290152
1.79064e+09,TM_3,0.322771
1.79064e+09,TM_8,0.322303
1.79064e+09,TM_9,0.668384
1.79064e+09,TM_3,0.351874
1.79064e+09,TM_9,0.572263
1.79064e+09,TM_7,0.348622
1.79064e+09,TM_6,0.335931
1.79064e+09,TM_5,0.625434
1.79064e+09,TM_8,0.437342
1.79064e+09,TM_2,0.440597
1.79064e+09,TM_5,0.366273
1.79064e+09,TM_7,0.582447
1.79064e+09,TM_5,0.448501
1.79064e+09,TM_6,0.358238
1.79064e+09,TM_1,0.390967
1.79064e+09,TM_7,0.381155
1.79064e+09,TM_1,0.315984
1.79064e+09,TM_4,0.295151
1.79064e+09,TM_2,0.329361
1.79064e+09,TM_4,0.353557
1.79064e+09,TM_4,0.315295
1.79064e+09,TM_6,0.326767
1.79064e+09,TM_9,0.444924
1.79064e+09,TM_8,0.289614
1.79064e+09,TM_2,0.475831
1.79064e+09,TM_3,0.361633
1.79064e+09,TM_1,0.347646
1.79064e+09,TM_3,0.391811
1.79064e+09,TM_8,0.358667
1.79064e+09,TM_9,0.637863
1.79064e+09,TM_3,0.409348
1.79064e+09,TM_9,0.657713
1.79064e+09,TM_7,0.502249
1.79064e+09,TM_6,0.396165
1.79064e+09,TM_5,0.466901
1.79064e+09,TM_8,0.436793
1.79064e+09,TM_2,0.398282
1.79064e+09,TM_5,0.370686
1.79064e+09,TM_7,0.370827
1.79064e+09,TM_5,0.347482
1.79064e+09,TM_6,0.403356
1.79064e+09,TM_1,0.340291
1.79064e+09,TM_7,0.32114
1.79064e+09,TM_1,0.305894
1.79064e+09,TM_4,0.278843
1.79064e+09,TM_2,0.35658
1.79064e+09,TM_4,0.305405
1.79064e+09,TM_4,0.282155
1.79064e+09,TM_6,0.338952
1.79064e+09,TM_9,0.499142
1.79064e+09,TM_8,0.38455
1.79064e+09,TM_2,0.509507
1.79064e+09,TM_3,0.331524
1.79064e+09,TM_1,0.315673
1.79064e+09,TM_3,0.32936
1.79064e+09,TM_8,0.337549
1.79064e+09,TM_9,0.714896
1.79064e+09,TM_3,0.343468
1.79064e+09,TM_9,0.590432
1.79064e+09,TM_7,0.40212
1.79064e+09,TM_6,0.313314
1.79064e+09,TM_5,0.461536
1.79064e+09,TM_8,0.419377
1.79064e+09,TM_2,0.440869
1.79064e+09,TM_5,0.499894
1.79064e+09,TM_7,0.392806
1.79064e+09,TM_5,0.335599
1.79064e+09,TM_6,0.39743
1.79064e+09,TM_1,0.491317
1.79064e+09,TM_7,0.482783
1.79064e+09,TM_1,0.293648
1.79064e+09,TM_4,0.367761
1.79064e+09,TM_2,0.358672
1.79064e+09,TM_4,0.316344
1.79064e+09,TM_4,0.318349
1.79064e+09,TM_6,0.343014
1.79064e+09,TM_9,0.507203
1.79064e+09,TM_8,0.390086
1.79064e+09,TM_2,0.570237
1.79064e+09,TM_3,0.405253
1.79064e+09,TM_1,0.416691
1.79064e+09,TM_3,0.325054
1.79064e+09,TM_8,0.349935
1.79064e+09,TM_9,0.649722
1.79064e+09,TM_3,0.357812
1.79064e+09,TM_9,0.668824
1.79064e+09,TM_7,0.49416
1.79064e+09,TM_6,0.31886
1.79064e+09,TM_5,0.533688
1.79064e+09,TM_8,0.427781
1.79064e+09,TM_2,0.513413
1.79064e+09,TM_5,0.53084
1.79064e+09,TM_7,0.35898
1.79064e+09,TM_5,0.475633
1.79064e+09,TM_6,0.352924
1.79064e+09,TM_1,0.311899
1.79064e+09,TM_7,0.482478
1.79064e+09,TM_1,0.26869
1.79064e+09,TM_4,0.296575
1.79064e+09,TM_2,0.373196
1.79064e+09,TM_4,0.281923
1.79064e+09,TM_4,0.385754
1.79064e+09,TM_6,0.343572
1.79064e+09,TM_9,0.471453
1.79064e+09,TM_8,0.360826
1.79064e+09,TM_2,0.502431
1.79064e+09,TM_3,0.346399
1.79064e+09,TM_1,0.383152
1.79064e+09,TM_3,0.335058
1.79064e+09,TM_8,0.34824
1.79064e+09,TM_9,0.557462
1.79064e+09,TM_3,0.304294
1.79064e+09,TM_9,0.523121
1.79064e+09,TM_7,0.300102
1.79064e+09,TM_6,0.342776
1.79064e+09,TM_5,0.662569
1.79064e+09,TM_8,0.48721
1.79064e+09,TM_2,0.551142
1.79064e+09,TM_5,0.559887
1.79064e+09,TM_7,0.524851
1.79064e+09,TM_5,0.357079
1.79064e+09,TM_6,0.439107
1.79064e+09,TM_1,0.444089
1.79064e+09,TM_7,0.357787
1.79064e+09,TM_1,0.294729
1.79064e+09,TM_4,0.367688
1.79064e+09,TM_2,0.389736
1.79064e+09,TM_4,0.308117
1.79064e+09,TM_4,0.321212
1.79064e+09,TM_6,0.352878
1.79064e+09,TM_9,0.455777
1.79064e+09,TM_8,0.372206
1.79064e+09,TM_2,0.510771
1.79064e+09,TM_3,0.381646
1.79064e+09,TM_1,0.426213
1.79064e+09,TM_3,0.344048
1.79064e+09,TM_8,0.40276
1.79064e+09,TM_9,0.620437
1.79064e+09,TM_3,0.380303
1.79064e+09,TM_9,0.693442
1.79064e+09,TM_7,0.360331
1.79064e+09,TM_6,0.352003
1.79064e+09,TM_5,0.519915
1.79064e+09,TM_8,0.45014
1.79064e+09,TM_2,0.851732
1.79064e+09,TM_5,0.845539
1.79064e+09,TM_7,0.529611
1.79064e+09,TM_5,0.414971
1.79064e+09,TM_6,0.373303
1.79064e+09,TM_1,0.547325
1.79064e+09,TM_7,0.402921
1.79064e+09,TM_1,0.288633
1.79064e+09,TM_4,0.359867
1.79064e+09,TM_2,0.398062
1.79064e+09,TM_4,0.306261
1.79064e+09,TM_4,0.390393
1.79064e+09,TM_6,0.342395
1.79064e+09,TM_9,0.445291
1.79064e+09,TM_8,0.32907
1.79064e+09,TM_2,0.489848
1.79064e+09,TM_3,0.302915
1.79064e+09,TM_1,0.294455
1.79064e+09,TM_3,0.288788
1.79064e+09,TM_8,0.34336
1.79064e+09,TM_9,0.607706
1.79064e+09,TM_3,0.366961
1.79064e+09,TM_9,0.460303
1.79064e+09,TM_7,0.357962
1.79064e+09,TM_6,0.345015
1.79064e+09,TM_5,0.445529
1.79064e+09,TM_8,0.444648
1.79064e+09,TM_2,0.461622
1.79064e+09,TM_5,0.411404
1.79064e+09,TM_7,0.366833
1.79064e+09,TM_5,0.320373
1.79064e+09,TM_6,0.39945
1.79064e+09,TM_1,0.367831
1.79064e+09,TM_7,0.302305
1.79064e+09,TM_1,0.284001
1.79064e+09,TM_4,0.344507
1.79064e+09,TM_2,0.365496
1.79064e+09,TM_4,0.25375
1.79064e+09,TM_4,0.252175
1.79064e+09,TM_6,0.348404
1.79064e+09,TM_9,0.459677
1.79064e+09,TM_8,0.279585
1.79064e+09,TM_2,0.519082
1.79064e+09,TM_3,0.352572
1.79064e+09,TM_1,0.316416
1.79064e+09,TM_3,0.352782
1.79064e+09,TM_8,0.321968
1.79064e+09,TM_9,0.870329
1.79064e+09,TM_3,0.392724
1.79064e+09,TM_9,0.698057
1.79064e+09,TM_7,0.531431
1.79064e+09,TM_6,0.3873
1.79064e+09,TM_5,0.60076
1.79064e+09,TM_8,0.420343
1.79064e+09,TM_2,0.475122
1.79064e+09,TM_5,0.528358
1.79064e+09,TM_7,0.449285
1.79064e+09,TM_5,0.340406
1.79064e+09,TM_6,0.434593
1.79064e+09,TM_1,0.382391
1.79064e+09,TM_7,0.445421
1.79064e+09,TM_1,0.277527
1.79064e+09,TM_4,0.392546
1.79064e+09,TM_2,0.348606
1.79064e+09,TM_4,0.263068
1.79064e+09,TM_4,0.338632
1.79064e+09,TM_6,0.607352
1.79064e+09,TM_9,0.468426
1.79064e+09,TM_8,0.335099
1.79064e+09,TM_2,0.426063
1.79064e+09,TM_3,0.334042
1.79064e+09,TM_1,0.295196
1.79064e+09,TM_3,0.344425
1.79064e+09,TM_8,0.330952
1.79064e+09,TM_9,0.597349
1.79064e+09,TM_3,0.347852
1.79064e+09,TM_9,0.509698
1.79064e+09,TM_7,0.468467
1.79064e+09,TM_6,0.331257
1.79064e+09,TM_5,0.599774
1.79064e+09,TM_8,0.40333
1.79064e+09,TM_2,0.305157
1.79064e+09,TM_5,0.461719
1.79064e+09,TM_7,0.422563
1.79064e+09,TM_5,0.314484
1.79064e+09,TM_6,0.376612
1.79064e+09,TM_1,0.42115
1.79064e+09,TM_7,0.390127
1.79064e+09,TM_1,0.297473
1.79064e+09,TM_4,0.264494
1.79064e+09,TM_2,0.361267
1.79064e+09,TM_4,0.282466
1.79064e+09,TM_4,0.283089
1.79064e+09,TM_6,0.321343
1.79064e+09,TM_9,0.523384
1.79064e+09,TM_8,0.307802
1.79064e+09,TM_2,0.499144
1.79064e+09,TM_3,0.356339
1.79064e+09,TM_1,0.387542
1.79064e+09,TM_3,0.324503
1.79064e+09,TM_8,0.401912
1.79064e+09,TM_9,0.671968
1.79064e+09,TM_3,0.368228
1.79064e+09,TM_9,0.557891
1.79064e+09,TM_7,0.547373
1.79064e+09,TM_6,0.337004
1.79064e+09,TM_5,0.515565
1.79064e+09,TM_8,0.426081
1.79064e+09,TM_2,0.535199
1.79064e+09,TM_5,0.572767
1.79064e+09,TM_7,0.506589
1.79064e+09,TM_5,0.372394
1.79064e+09,TM_6,0.389365
1.79064e+09,TM_1,0.437509
1.79064e+09,TM_7,0.518501
1.79064e+09,TM_1,0.297287
1.79064e+09,TM_4,0.287669
1.79064e+09,TM_2,0.330098
1.79064e+09,TM_4,0.26615
1.79064e+09,TM_4,0.298085
1.79064e+09,TM_6,0.29117
1.79064e+09,TM_9,0.417785
1.79064e+09,TM_8,0.254831
1.79064e+09,TM_2,0.497505
1.79064e+09,TM_3,0.290005
1.79064e+09,TM_1,0.430064
1.79064e+09,TM_3,0.288247
1.79064e+09,TM_8,0.33138
1.79064e+09,TM_9,0.582311
1.79064e+09,TM_3,0.372118
1.79064e+09,TM_9,0.607338
1.79064e+09,TM_7,0.512448
1.79064e+09,TM_6,0.343262
1.79064e+09,TM_5,0.696048
1.79064e+09,TM_8,0.407394
1.79064e+09,TM_2,0.535062
1.79064e+09,TM_5,0.472477
1.79064e+09,TM_7,0.463261
1.79064e+09,TM_5,0.367425
1.79064e+09,TM_6,0.344985
1.79064e+09,TM_1,0.413468
1.79064e+09,TM_7,0.407336
1.79064e+09,TM_1,0.272803
1.79064e+09,TM_4,0.333978
1.79064e+09,TM_2,0.337175
1.79064e+09,TM_4,0.417594
1.79064e+09,TM_4,0.318272
1.79064e+09,TM_6,0.383113
1.79064e+09,TM_9,0.418372
1.79064e+09,TM_8,0.295682
1.79064e+09,TM_2,0.485601
1.79064e+09,TM_3,0.295474
1.79064e+09,TM_1,0.330654
1.79064e+09,TM_3,0.287308
1.79064e+09,TM_8,0.335651
1.79064e+09,TM_9,0.581302
1.79064e+09,TM_3,0.399761
1.79064e+09,TM_9,0.487501
1.79064e+09,TM_7,0.465802
1.79064e+09,TM_6,0.394802
1.79064e+09,TM_5,0.43957
1.79064e+09,TM_8,0.44061
1.79064e+09,TM_2,0.412753
1.79064e+09,TM_5,0.416605
1.79064e+09,TM_7,0.433502
1.79064e+09,TM_5,0.332276
1.79064e+09,TM_6,0.397085
1.79064e+09,TM_1,0.479509
1.79064e+09,TM_7,0.448104
1.79064e+09,TM_1,0.293344
1.79064e+09,TM_4,0.294166
1.79064e+09,TM_2,0.307669
1.79064e+09,TM_4,0.384677
1.79064e+09,TM_4,0.320614
1.79064e+09,TM_6,0.398529
1.79064e+09,TM_9,0.422354
1.79064e+09,TM_8,0.340144
1.79064e+09,TM_2,0.47989
1.79064e+09,TM_3,0.32506
1.79064e+09,TM_1,0.353804
1.79064e+09,TM_3,0.322367
1.79064e+09,TM_8,0.361488
1.79064e+09,TM_9,0.558264
1.79064e+09,TM_3,0.416827
1.79064e+09,TM_9,0.669581
1.79064e+09,TM_7,0.497597
1.79064e+09,TM_6,0.359905
1.79064e+09,TM_5,0.688938
1.79064e+09,TM_8,0.447128
1.79064e+09,TM_2,0.438659
1.79064e+09,TM_5,0.468955
1.79064e+09,TM_7,0.51556
1.79064e+09,TM_5,0.391671
1.79064e+09,TM_6,0.345972
1.79064e+09,TM_1,0.402682
1.79064e+09,TM_7,0.397384
1.79064e+09,TM_1,0.326829
1.79064e+09,TM_4,0.337588
1.79064e+09,TM_2,0.354295
1.79064e+09,TM_4,0.27777
1.79064e+09,TM_4,0.281627
1.79064e+09,TM_6,0.324212
1.79064e+09,TM_9,0.417248
1.79064e+09,TM_8,0.279048
1.79064e+09,TM_2,0.487397
1.79064e+09,TM_3,0.340876
1.79064e+09,TM_1,0.458523
1.79064e+09,TM_3,0.331209
1.79064e+09,TM_8,0.336049
1.79064e+09,TM_9,0.588459
1.79064e+09,TM_3,0.346639
1.79064e+09,TM_9,0.510422
1.79064e+09,TM_7,0.563384
1.79064e+09,TM_6,0.320196
1.79064e+09,TM_5,0.518653
1.79064e+09,TM_8,0.429761
1.79064e+09,TM_2,0.480492
1.79064e+09,TM_5,0.507111
1.79064e+09,TM_7,0.423724
1.79064e+09,TM_5,0.338302
1.79064e+09,TM_6,0.345264
1.79064e+09,TM_1,0.417007
1.79064e+09,TM_7,0.363571
1.79064e+09,TM_1,0.292798
1.79064e+09,TM_4,0.296886
1.79064e+09,TM_2,0.387471
1.79064e+09,TM_4,0.316348
1.79064e+09,TM_4,0.245855
1.79064e+09,TM_6,0.30324
1.79064e+09,TM_9,0.43331
1.79064e+09,TM_8,0.271751
1.79064e+09,TM_2,0.31686
1.79064e+09,TM_3,0.290678
1.79064e+09,TM_1,0.471916
1.79064e+09,TM_3,0.345885
1.79064e+09,TM_8,0.35694
1.79064e+09,TM_9,0.666862
1.79064e+09,TM_3,0.330468
1.79064e+09,TM_9,0.521989
1.79064e+09,TM_7,0.507983
1.79064e+09,TM_6,0.360562
1.79064e+09,TM_5,0.533462
1.79064e+09,TM_8,0.390962
1.79064e+09,TM_2,0.468245
1.79064e+09,TM_5,0.503206
1.79064e+09,TM_7,0.504805
1.79064e+09,TM_5,0.339869
1.79064e+09,TM_6,0.428599
1.79064e+09,TM_1,0.430692
1.79064e+09,TM_7,0.55637
1.79064e+09,TM_1,0.265859
1.79064e+09,TM_4,0.349326
1.79064e+09,TM_2,0.385369
1.79064e+09,TM_4,0.285921
1.79064e+09,TM_4,0.251044
1.79064e+09,TM_6,0.312694
1.79064e+09,TM_9,0.423876
1.79064e+09,TM_8,0.334781
1.79064e+09,TM_2,0.517626
1.79064e+09,TM_3,0.313974
1.79064e+09,TM_1,0.450014
1.79064e+09,TM_3,0.290961
1.79064e+09,TM_8,0.361204
1.79064e+09,TM_9,0.680368
1.79064e+09,TM_3,0.396901
1.79064e+09,TM_9,0.551669
1.79064e+09,TM_7,0.491732
1.79064e+09,TM_6,0.365001
1.79064e+09,TM_5,0.615566
1.79064e+09,TM_8,0.437356
1.79064e+09,TM_2,0.453839
1.79064e+09,TM_5,0.472566
1.79064e+09,TM_7,0.474364
1.79064e+09,TM_5,0.432356
1.79064e+09,TM_6,0.342977
1.79064e+09,TM_1,0.37601
1.79064e+09,TM_7,0.42417
1.79064e+09,TM_1,0.296447
1.79064e+09,TM_4,0.346554
1.79064e+09,TM_2,0.340769
1.79064e+09,TM_4,0.380259
1.79064e+09,TM_4,0.290017
1.79064e+09,TM_6,0.321508
1.79064e+09,TM_9,0.471994
1.79064e+09,TM_8,0.312369
1.79064e+09,TM_2,0.551657
1.79064e+09,TM_3,0.323587
1.79064e+09,TM_1,0.431087
1.79064e+09,TM_3,0.314346
1.79064e+09,TM_8,0.330364
1.79064e+09,TM_9,0.6076
1.79064e+09,TM_3,0.416341
1.79064e+09,TM_9,0.513327
1.79064e+09,TM_7,0.428369
1.79064e+09,TM_6,0.301523
1.79064e+09,TM_5,0.497902
1.79064e+09,TM_8,0.492853
1.79064e+09,TM_2,0.508641
1.79064e+09,TM_5,0.555576
1.79064e+09,TM_7,0.729445
1.79064e+09,TM_5,0.373623
1.79064e+09,TM_6,0.331787
1.79064e+09,TM_1,0.366969
1.79064e+09,TM_7,0.4836
1.79064e+09,TM_1,0.24789
1.79064e+09,TM_4,0.268954
1.79064e+09,TM_2,0.28608
1.79064e+09,TM_4,0.298886
1.79064e+09,TM_4,0.23948
1.79064e+09,TM_6,0.33323
1.79064e+09,TM_9,0.475953
1.79064e+09,TM_8,0.35362
1.79064e+09,TM_2,0.523427
1.79064e+09,TM_3,0.301296
1.79064e+09,TM_1,0.535072
1.79064e+09,TM_3,0.307295
1.79064e+09,TM_8,0.336708
1.79064e+09,TM_9,0.619896
1.79064e+09,TM_3,0.392061
1.79064e+09,TM_9,0.499711
1.79064e+09,TM_7,0.446432
1.79064e+09,TM_6,0.349215
1.79064e+09,TM_5,0.585025
1.79064e+09,TM_8,0.459585
1.79064e+09,TM_2,0.521896
1.79064e+09,TM_5,0.576861
1.79064e+09,TM_7,0.54475
1.79064e+09,TM_5,0.35718
1.79064e+09,TM_6,0.327676
1.79064e+09,TM_1,0.328281
1.79064e+09,TM_7,0.359274
1.79064e+09,TM_1,0.287082
1.79064e+09,TM_4,0.302306
1.79064e+09,TM_2,0.336495
1.79064e+09,TM_4,0.34995
1.79064e+09,TM_4,0.245936
1.79064e+09,TM_6,0.364969
1.79064e+09,TM_9,0.355252
1.79064e+09,TM_8,0.332289
1.79064e+09,TM_2,0.494892
1.79064e+09,TM_3,0.306213
1.79064e+09,TM_1,0.428421
1.79064e+09,TM_3,0.324051
1.79064e+09,TM_8,0.355362
1.79064e+09,TM_9,0.514145
1.79064e+09,TM_3,0.405882
1.79064e+09,TM_9,0.578871
1.79064e+09,TM_7,0.439259
1.79064e+09,TM_6,0.461958
1.79064e+09,TM_5,0.654929
1.79064e+09,TM_8,0.4819
1.79064e+09,TM_2,0.590127
1.79064e+09,TM_5,0.619539
1.79064e+09,TM_7,0.478931
1.79064e+09,TM_5,0.433396
1.79064e+09,TM_6,0.377179
1.79064e+09,TM_1,0.395773
1.79064e+09,TM_7,0.571534
1.79064e+09,TM_1,0.292526
1.79064e+09,TM_4,0.345307
1.79064e+09,TM_2,0.326383
1.79064e+09,TM_4,0.379677
1.79064e+09,TM_4,0.25361
1.79064e+09,TM_6,0.340731
1.79064e+09,TM_9,0.4483
1.79064e+09,TM_8,0.329649
1.79064e+09,TM_2,0.547399
1.79064e+09,TM_3,0.256333
1.79064e+09,TM_1,0.342693
1.79064e+09,TM_3,0.324659
1.79064e+09,TM_8,0.40946
1.79064e+09,TM_9,0.566701
1.79064e+09,TM_3,0.446245
1.79064e+09,TM_9,0.573855
1.79064e+09,TM_7,0.503979
1.79064e+09,TM_6,0.430805
1.79064e+09,TM_5,0.609425
1.79064e+09,TM_8,0.484154
1.79064e+09,TM_2,0.654924
1.79064e+09,TM_5,0.70688
1.79064e+09,TM_7,0.474026
1.79064e+09,TM_5,0.335609
1.79064e+09,TM_6,0.343376
1.79064e+09,TM_1,0.367018
1.79064e+09,TM_7,0.378309
1.79064e+09,TM_1,0.306712
1.79064e+09,TM_4,0.359428
1.79064e+09,TM_2,0.334435
1.79064e+09,TM_4,0.283318
1.79064e+09,TM_4,0.263158
1.79064e+09,TM_6,0.396337
1.79064e+09,TM_9,0.571501
1.79064e+09,TM_8,0.293905
1.79064e+09,TM_2,0.518949
1.79064e+09,TM_3,0.320362
1.79064e+09,TM_1,0.385512
1.79064e+09,TM_3,0.337622
1.79064e+09,TM_8,0.306561
1.79064e+09,TM_9,0.534563
1.79064e+09,TM_3,0.302825
1.79064e+09,TM_9,0.50606
1.79064e+09,TM_7,0.530481
1.79064e+09,TM_6,0.30569
1.79064e+09,TM_5,0.577903
1.79064e+09,TM_8,0.448232
1.79064e+09,TM_2,0.496375
1.79064e+09,TM_5,0.515573
1.79064e+09,TM_7,0.456338
1.79064e+09,TM_5,0.360194
1.79064e+09,TM_6,0.325971
1.79064e+09,TM_1,0.432944
1.79064e+09,TM_7,0.368474
1.79064e+09,TM_1,0.27957
1.79064e+09,TM_4,0.287014
1.79064e+09,TM_2,0.266961
1.79064e+09,TM_4,0.370087
1.79064e+09,TM_4,0.27645
1.79064e+09,TM_6,0.327406
1.79064e+09,TM_9,0.380644
1.79064e+09,TM_8,0.347676
1.79064e+09,TM_2,0.564762
1.79064e+09,TM_3,0.262102
1.79064e+09,TM_1,0.446978
1.79064e+09,TM_3,0.304004
1.79064e+09,TM_8,0.373016
1.79064e+09,TM_9,0.641613
1.79064e+09,TM_3,0.365855
1.79064e+09,TM_9,0.463368
1.79064e+09,TM_7,0.403594
1.79064e+09,TM_6,0.255495
1.79064e+09,TM_5,0.502152
1.79064e+09,TM_8,0.416083
1.79064e+09,TM_2,0.501756
1.79064e+09,TM_5,0.524031
1.79064e+09,TM_7,0.413761
1.79064e+09,TM_5,0.338696
1.79064e+09,TM_6,0.309995
1.79064e+09,TM_1,0.421967
1.79064e+09,TM_7,0.377157
1.79064e+09,TM_1,0.269773
1.79064e+09,TM_4,0.288758
1.79064e+09,TM_2,0.41333
1.79064e+09,TM_4,0.358737
1.79064e+09,TM_4,0.228718
1.79064e+09,TM_6,0.327613
1.79064e+09,TM_9,0.443779
1.79064e+09,TM_8,0.292578
1.79064e+09,TM_2,0.602605
1.79064e+09,TM_3,0.2762
1.79064e+09,TM_1,0.420665
1.79064e+09,TM_3,0.341581
1.79064e+09,TM_8,0.333562
1.79064e+09,TM_9,0.650654
1.79064e+09,TM_3,0.383108
1.79064e+09,TM_9,0.519538
1.79064e+09,TM_7,0.544643
1.79064e+09,TM_6,0.383966
1.79064e+09,TM_5,0.582198
1.79064e+09,TM_8,0.423576
1.79064e+09,TM_2,0.505097
1.79064e+09,TM_5,0.549286
1.79064e+09,TM_7,0.470868
1.79064e+09,TM_5,0.41313
1.79064e+09,TM_6,0.325925
1.79064e+09,TM_1,0.418567
1.79064e+09,TM_7,0.547615
1.79064e+09,TM_1,0.236264
1.79064e+09,TM_4,0.263348
1.79064e+09,TM_2,0.291224
1.79064e+09,TM_4,0.299094
1.79064e+09,TM_4,0.258109
1.79064e+09,TM_6,0.292519
1.79064e+09,TM_9,0.464514
1.79064e+09,TM_8,0.289829
1.79064e+09,TM_2,0.51592
1.79064e+09,TM_3,0.447749
1.79064e+09,TM_1,0.279106
1.79064e+09,TM_3,0.313119
1.79064e+09,TM_8,0.35819
1.79064e+09,TM_9,0.612985
1.79064e+09,TM_3,0.403125
1.79064e+09,TM_9,0.612692
1.79064e+09,TM_7,0.517171
1.79064e+09,TM_6,0.409735
1.79064e+09,TM_5,0.500386
1.79064e+09,TM_8,0.302894
1.79064e+09,TM_2,0.434423
1.79064e+09,TM_5,0.4593
1.79064e+09,TM_7,0.415567
1.79064e+09,TM_5,0.353558
1.79064e+09,TM_6,0.327505
1.79064e+09,TM_1,0.474526
1.79064e+09,TM_7,0.422669
1.79064e+09,TM_1,0.254834
1.79064e+09,TM_4,0.278944
1.79064e+09,TM_2,0.279029
1.79064e+09,TM_4,0.330828
1.79064e+09,TM_4,0.227036
1.79064e+09,TM_6,0.270324
1.79064e+09,TM_9,0.432434
1.79064e+09,TM_8,0.246171
1.79064e+09,TM_2,0.544315
1.79064e+09,TM_3,0.279071
1.79064e+09,TM_1,0.366016
1.79064e+09,TM_3,0.268336
1.79064e+09,TM_8,0.362436
1.79064e+09,TM_9,0.548648
1.79064e+09,TM_3,0.365429
1.79064e+09,TM_9,0.55496
1.79064e+09,TM_7,0.445586
1.79064e+09,TM_6,0.343863
1.79064e+09,TM_5,0.653786
1.79064e+09,TM_8,0.419123
1.79064e+09,TM_2,0.473002
1.79064e+09,TM_5,0.539226
1.79064e+09,TM_7,0.548255
1.79064e+09,TM_5,0.381314
1.79064e+09,TM_6,0.392456
1.79064e+09,TM_1,0.436011
1.79064e+09,TM_7,0.453116
1.79064e+09,TM_1,0.247844
1.79064e+09,TM_4,0.372777
1.79064e+09,TM_2,0.372708
1.79064e+09,TM_4,0.291359
1.79064e+09,TM_4,0.24841
1.79064e+09,TM_6,0.358906
1.79064e+09,TM_9,0.503106
1.79064e+09,TM_8,0.28373
1.79064e+09,TM_2,0.533716
1.79064e+09,TM_3,0.263628
1.79064e+09,TM_1,0.370289
1.79064e+09,TM_3,0.308986
1.79064e+09,TM_8,0.405826
1.79064e+09,TM_9,0.540524
1.79064e+09,TM_3,0.352705
1.79064e+09,TM_9,0.516008
1.79064e+09,TM_7,0.395824
1.79064e+09,TM_6,0.401419
1.79064e+09,TM_5,0.59715
1.79064e+09,TM_8,0.430444
1.79064e+09,TM_2,0.4999
1.79064e+09,TM_5,0.584493
1.79064e+09,TM_7,0.503638
1.79064e+09,TM_5,0.415614
1.79064e+09,TM_6,0.385761
1.79064e+09,TM_1,0.438835
1.79064e+09,TM_7,0.350843
1.79064e+09,TM_1,0.247051
1.79064e+09,TM_4,0.439603
1.79064e+09,TM_2,0.312368
1.79064e+09,TM_4,0.356745
1.79064e+09,TM_4,0.274992
1.79064e+09,TM_6,0.365097
1.79064e+09,TM_9,0.451949
1.79064e+09,TM_8,0.271139
1.79064e+09,TM_2,0.508033
1.79064e+09,TM_3,0.261193
1.79064e+09,TM_1,0.343263
1.79064e+09,TM_3,0.262911
1.79064e+09,TM_8,0.362043
1.79064e+09,TM_9,0.559435
1.79064e+09,TM_3,0.421791
1.79064e+09,TM_9,0.599691
1.79064e+09,TM_7,0.404661
1.79064e+09,TM_6,0.34811
1.79064e+09,TM_5,0.465071
1.79064e+09,TM_8,0.423938
1.79064e+09,TM_2,0.46922
1.79064e+09,TM_5,0.583356
1.79064e+09,TM_7,0.419603
1.79064e+09,TM_5,0.343102
1.79064e+09,TM_6,0.446645
1.79064e+09,TM_1,0.338651
1.79064e+09,TM_7,0.387636
1.79064e+09,TM_1,0.250112
1.79064e+09,TM_4,0.284179
1.79064e+09,TM_2,0.495917
1.79064e+09,TM_4,0.282319
1.79064e+09,TM_4,0.275252
1.79064e+09,TM_6,0.376846
1.79064e+09,TM_9,0.434201
1.79064e+09,TM_8,0.302584
1.79064e+09,TM_2,0.521934
1.79064e+09,TM_3,0.302724
1.79064e+09,TM_1,0.402093
1.79064e+09,TM_3,0.301456
1.79064e+09,TM_8,0.319544
1.79064e+09,TM_9,0.577876
1.79064e+09,TM_3,0.354292
1.79064e+09,TM_9,0.464157
1.79064e+09,TM_7,0.433874
1.79064e+09,TM_6,0.341883
1.79064e+09,TM_5,0.537579
1.79064e+09,TM_8,0.435056
1.79064e+09,TM_2,0.456726
1.79064e+09,TM_5,0.545237
1.79064e+09,TM_7,0.477629
1.79064e+09,TM_5,0.318834
1.79064e+09,TM_6,0.359312
1.79064e+09,TM_1,0.379733
1.79064e+09,TM_7,0.407129
1.79064e+09,TM_1,0.313669
1.79064e+09,TM_4,0.339618
1.79064e+09,TM_2,0.332997
1.79064e+09,TM_4,0.362822
1.79064e+09,TM_4,0.300781
1.79064e+09,TM_6,0.294829
1.79064e+09,TM_9,0.385277
1.79064e+09,TM_8,0.399126
1.79064e+09,TM_2,0.510128
1.79064e+09,TM_3,0.243826
1.79064e+09,TM_1,0.378442
1.79064e+09,TM_3,0.244066
1.79064e+09,TM_8,0.364679
1.79064e+09,TM_9,0.473132
1.79064e+09,TM_3,0.316764
1.79064e+09,TM_9,0.447566
1.79064e+09,TM_7,0.501573
1.79064e+09,TM_6,0.378415
1.79064e+09,TM_5,0.42836
1.79064e+09,TM_8,0.474433
1.79064e+09,TM_2,0.419339
1.79064e+09,TM_5,0.543614
1.79064e+09,TM_7,0.469126
1.79064e+09,TM_5,0.332039
1.79064e+09,TM_6,0.405423
1.79064e+09,TM_1,0.32457
1.79064e+09,TM_7,0.364605
1.79064e+09,TM_1,0.285167
1.79064e+09,TM_4,0.338065
1.79064e+09,TM_2,0.405994
1.79064e+09,TM_4,0.367132
1.79064e+09,TM_4,0.289883
1.79064e+09,TM_6,0.354372
1.79064e+09,TM_9,0.490021
1.79064e+09,TM_8,0.332921
1.79064e+09,TM_2,0.524418
1.79064e+09,TM_3,0.379561
1.79064e+09,TM_1,0.402165
1.79064e+09,TM_3,0.279875
1.79064e+09,TM_8,0.315985
1.79064e+09,TM_9,0.467701
1.79064e+09,TM_3,0.342307
1.79064e+09,TM_9,0.446986
1.79064e+09,TM_7,0.491403
1.79064e+09,TM_6,0.385401
1.79064e+09,TM_5,0.631624
1.79064e+09,TM_8,0.421144
1.79064e+09,TM_2,0.438651
1.79064e+09,TM_5,0.556012
1.79064e+09,TM_7,0.570423
1.79064e+09,TM_5,0.37288
1.79064e+09,TM_6,0.338694
1.79064e+09,TM_1,0.318281
1.79064e+09,TM_7,0.414835
1.79064e+09,TM_1,0.334957
1.79064e+09,TM_4,0.319317
1.79064e+09,TM_2,0.287105
1.79064e+09,TM_4,0.372667
1.79064e+09,TM_4,0.290383
1.79064e+09,TM_6,0.463289
1.79064e+09,TM_9,0.527674
1.79064e+09,TM_8,0.32833
1.79064e+09,TM_2,0.454911
1.79064e+09,TM_3,0.322701
1.79064e+09,TM_1,0.452061
1.79064e+09,TM_3,0.256598
1.79064e+09,TM_8,0.342829
1.79064e+09,TM_9,0.540133
1.79064e+09,TM_3,0.291189
1.79064e+09,TM_9,0.461465
1.79064e+09,TM_7,0.409163
1.79064e+09,TM_6,0.389016
1.79064e+09,TM_5,0.46484
1.79064e+09,TM_8,0.410664
1.79064e+09,TM_2,0.481058
1.79064e+09,TM_5,0.542462
1.79064e+09,TM_7,0.477704
1.79064e+09,TM_5,0.369235
1.79064e+09,TM_6,0.357882
1.79064e+09,TM_1,0.339364
1.79064e+09,TM_7,0.405949
1.79064e+09,TM_1,0.284026
1.79064e+09,TM_4,0.294726
1.79064e+09,TM_2,0.296603
1.79064e+09,TM_4,0.388465
1.79064e+09,TM_4,0.292707
1.79064e+09,TM_6,0.348596
1.79064e+09,TM_9,0.521107
1.79064e+09,TM_8,0.333082
1.79064e+09,TM_2,0.560828
1.79064e+09,TM_3,0.346181
1.79064e+09,TM_1,0.37495
1.79064e+09,TM_3,0.336191
1.79064e+09,TM_8,0.37632
1.79064e+09,TM_9,0.668842
1.79064e+09,TM_3,0.417924
1.79064e+09,TM_9,0.597411
1.79064e+09,TM_7,0.424342
1.79064e+09,TM_6,0.487976
1.79064e+09,TM_5,0.509521
1.79064e+09,TM_8,0.456906
1.79064e+09,TM_2,0.452079
1.79064e+09,TM_5,0.626174
1.79064e+09,TM_7,0.514571
1.79064e+09,TM_5,0.347136
1.79064e+09,TM_6,0.340234
1.79064e+09,TM_1,0.343196
1.79064e+09,TM_7,0.390054
1.79064e+09,TM_1,0.324576
1.79064e+09,TM_4,0.433698
1.79064e+09,TM_2,0.311475
1.79064e+09,TM_4,0.431579
1.79064e+09,TM_4,0.289703
1.79064e+09,TM_6,0.486708
1.79064e+09,TM_9,0.439591
1.79064e+09,TM_8,0.37386
1.79064e+09,TM_2,0.525659
1.79064e+09,TM_3,0.276548
1.79064e+09,TM_1,0.46796
1.79064e+09,TM_3,0.315008
1.79064e+09,TM_8,0.385792
1.79064e+09,TM_9,0.589519
1.79064e+09,TM_3,0.422568
1.79064e+09,TM_9,0.518384
1.79064e+09,TM_7,0.420732
1.79064e+09,TM_6,0.467492
1.79064e+09,TM_5,0.463919
1.79064e+09,TM_8,0.486487
1.79064e+09,TM_2,0.454616
1.79064e+09,TM_5,0.586638
1.79064e+09,TM_7,0.485976
1.79064e+09,TM_5,0.359808
1.79064e+09,TM_6,0.370097
1.79064e+09,TM_1,0.747635
1.79064e+09,TM_7,0.61937
1.79064e+09,TM_1,0.265671
1.79064e+09,TM_4,0.297658
1.79064e+09,TM_2,0.293048
1.79064e+09,TM_4,0.34232
1.79064e+09,TM_4,0.340158
1.79064e+09,TM_6,0.367636
1.79064e+09,TM_9,0.479326
1.79064e+09,TM_8,0.378334
1.79064e+09,TM_2,0.509113
1.79064e+09,TM_3,0.327682
1.79064e+09,TM_1,0.405549
1.79064e+09,TM_3,0.300118
1.79064e+09,TM_8,0.433261
1.79064e+09,TM_9,0.558844
1.79064e+09,TM_3,0.348671
1.79064e+09,TM_9,0.630484
1.79064e+09,TM_7,0.447983
1.79064e+09,TM_6,0.358302
1.79064e+09,TM_5,0.47747
1.79064e+09,TM_8,0.439162
1.79064e+09,TM_2,0.463778
1.79064e+09,TM_5,0.59989
1.79064e+09,TM_7,0.444796
1.79064e+09,TM_5,0.346709
1.79064e+09,TM_6,0.315448
1.79064e+09,TM_1,0.345152
1.79064e+09,TM_7,0.52692
1.79064e+09,TM_1,0.253705
1.79064e+09,TM_4,0.284961
1.79064e+09,TM_2,0.376673
1.79064e+09,TM_4,0.308977
1.79064e+09,TM_4,0.285807
1.79064e+09,TM_6,0.386853
1.79064e+09,TM_9,0.45193
1.79064e+09,TM_8,0.287525
1.79064e+09,TM_2,0.539497
1.79064e+09,TM_3,0.32465
1.79064e+09,TM_1,0.38408
1.79064e+09,TM_3,0.319752
1.79064e+09,TM_8,0.361364
1.79064e+09,TM_9,0.61296
1.79064e+09,TM_3,0.446672
1.79064e+09,TM_9,0.593704
1.79064e+09,TM_7,0.49336
1.79064e+09,TM_6,0.41325
1.79064e+09,TM_5,0.511102
1.79064e+09,TM_8,0.421931
1.79064e+09,TM_2,0.463163
1.79064e+09,TM_5,0.619441
1.79064e+09,TM_7,0.456858
1.79064e+09,TM_5,0.331598
1.79064e+09,TM_6,0.343305
1.79064e+09,TM_1,0.379992
1.79064e+09,TM_7,0.389399
1.79064e+09,TM_1,0.270242
1.79064e+09,TM_4,0.257946
1.79064e+09,TM_2,0.44678
1.79064e+09,TM_4,0.318664
1.79064e+09,TM_4,0.277916
1.79064e+09,TM_6,0.323254
1.79064e+09,TM_9,0.457676
1.79064e+09,TM_8,0.292242
1.79064e+09,TM_2,0.53182
1.79064e+09,TM_3,0.288774
1.79064e+09,TM_1,0.337735
1.79064e+09,TM_3,0.348982
1.79064e+09,TM_8,0.315094
1.79064e+09,TM_9,0.536204
1.79064e+09,TM_3,0.3758
1.79064e+09,TM_9,0.495563
1.79064e+09,TM_7,0.361294
1.79064e+09,TM_6,0.315119
1.79064e+09,TM_5,0.591847
1.79064e+09,TM_8,0.457215
1.79064e+09,TM_2,0.404814
1.79064e+09,TM_5,0.522243
1.79064e+09,TM_7,0.502646
1.79064e+09,TM_5,0.32923
1.79064e+09,TM_6,0.426919
1.79064e+09,TM_1,0.392573
1.79064e+09,TM_7,0.363728
1.79064e+09,TM_1,0.222005
1.79064e+09,TM_4,0.334842
1.79064e+09,TM_2,0.334209
1.79064e+09,TM_4,0.291993
1.79064e+09,TM_4,0.341998
1.79064e+09,TM_6,0.356007
1.79064e+09,TM_9,0.493873
1.79064e+09,TM_8,0.372639
1.79064e+09,TM_2,0.559691
1.79064e+09,TM_3,0.281312
1.79064e+09,TM_1,0.314748
1.79064e+09,TM_3,0.310917
1.79064e+09,TM_8,0.323597
1.79064e+09,TM_9,0.564311
1.79064e+09,TM_3,0.339426
1.79064e+09,TM_9,0.47197
1.79064e+09,TM_7,0.529673
1.79064e+09,TM_6,0.40169
1.79064e+09,TM_5,0.484342
1.79064e+09,TM_8,0.442686
1.79064e+09,TM_2,0.501613
1.79064e+09,TM_5,0.564955
1.79064e+09,TM_7,0.446412
1.79064e+09,TM_5,0.324135
1.79064e+09,TM_6,0.330126
1.79064e+09,TM_1,0.410808
1.79064e+09,TM_7,0.350913
1.79064e+09,TM_1,0.420995
1.79064e+09,TM_4,0.276136
1.79064e+09,TM_2,0.292633
1.79064e+09,TM_4,0.276171
1.79064e+09,TM_4,0.315817
1.79064e+09,TM_6,0.371575
1.79064e+09,TM_9,0.489308
1.79064e+09,TM_8,0.298585
1.79064e+09,TM_2,0.549965
1.79064e+09,TM_3,0.417923
1.79064e+09,TM_1,0.28025
1.79064e+09,TM_3,0.293332
1.79064e+09,TM_8,0.298424
1.79064e+09,TM_9,0.49603
1.79064e+09,TM_3,0.329997
1.79064e+09,TM_9,0.587428
1.79064e+09,TM_7,0.368635
1.79064e+09,TM_6,0.382893
1.79064e+09,TM_5,0.585342
1.79064e+09,TM_8,0.397975
1.79064e+09,TM_2,0.423381
1.79064e+09,TM_5,0.522083
1.79064e+09,TM_7,0.433354
1.79064e+09,TM_5,0.382218
1.79064e+09,TM_6,0.353391
1.79064e+09,TM_1,0.335423
1.79064e+09,TM_7,0.360674
1.79064e+09,TM_1,0.357637
1.79064e+09,TM_4,0.315917
1.79064e+09,TM_2,0.40067
1.79064e+09,TM_4,0.328541
1.79064e+09,TM_4,0.245005
1.79064e+09,TM_6,0.402303
1.79064e+09,TM_9,0.474141
1.79064e+09,TM_8,0.386183
1.79064e+09,TM_2,0.485806
1.79064e+09,TM_3,0.328313
1.79064e+09,TM_1,0.330135
1.79064e+09,TM_3,0.29367
1.79064e+09,TM_8,0.300954
1.79064e+09,TM_9,0.526969
1.79064e+09,TM_3,0.351809
1.79064e+09,TM_9,0.599092
1.79064e+09,TM_7,0.432877
1.79064e+09,TM_6,0.467434
1.79064e+09,TM_5,0.578878
1.79064e+09,TM_8,0.386531
1.79064e+09,TM_2,0.383849
1.79064e+09,TM_5,0.479676
1.79064e+09,TM_7,0.411899
1.79064e+09,TM_5,0.399728
1.79064e+09,TM_6,0.293702
1.79064e+09,TM_1,0.305728
1.79064e+09,TM_7,0.376983
1.79064e+09,TM_1,0.254325
1.79064e+09,TM_4,0.418678
1.79064e+09,TM_2,0.301825
1.79064e+09,TM_4,0.349696
1.79064e+09,TM_4,0.236434
1.79064e+09,TM_6,0.379324
1.79064e+09,TM_9,0.434992
1.79064e+09,TM_8,0.406436
1.79064e+09,TM_2,0.587574
1.79064e+09,TM_3,0.432601
1.79064e+09,TM_1,0.324075
1.79064e+09,TM_3,0.485094
1.79064e+09,TM_8,0.400162
1.79064e+09,TM_9,0.611584
1.79064e+09,TM_3,0.459198
1.79064e+09,TM_9,0.596236
1.79064e+09,TM_7,0.355626
1.79064e+09,TM_6,0.402619
1.79064e+09,TM_5,0.616561
1.79064e+09,TM_8,0.436908
1.79064e+09,TM_2,0.456863
1.79064e+09,TM_5,0.528065
1.79064e+09,TM_7,0.405186
1.79064e+09,TM_5,0.380333
1.79064e+09,TM_6,0.381039
1.79064e+09,TM_1,0.336448
1.79064e+09,TM_7,0.280798
1.79064e+09,TM_1,0.36699
1.79064e+09,TM_4,0.344369
1.79064e+09,TM_2,0.300937
1.79064e+09,TM_4,0.342084
1.79064e+09,TM_4,0.317064
1.79064e+09,TM_6,0.408627
1.79064e+09,TM_9,0.463529
1.79064e+09,TM_8,0.285106
1.79064e+09,TM_2,0.489843
1.79064e+09,TM_3,0.398338
1.79064e+09,TM_1,0.367552
1.79064e+09,TM_3,0.292247
1.79064e+09,TM_8,0.32892
1.79064e+09,TM_9,0.535299
1.79064e+09,TM_3,0.359293
1.79064e+09,TM_9,0.589843
1.79064e+09,TM_7,0.490626
1.79064e+09,TM_6,0.398542
1.79064e+09,TM_5,0.597795
1.79064e+09,TM_8,0.455385
1.79064e+09,TM_2,0.469203
1.79064e+09,TM_5,0.602138
1.79064e+09,TM_7,0.39816
1.79064e+09,TM_5,0.3689
1.79064e+09,TM_6,0.285401
1.79064e+09,TM_1,0.323722
1.79064e+09,TM_7,0.327208
1.79064e+09,TM_1,0.26275
1.79064e+09,TM_4,0.296588
1.79064e+09,TM_2,0.288683
1.79064e+09,TM_4,0.285339
1.79064e+09,TM_4,0.296208
1.79064e+09,TM_6,0.376195
1.79064e+09,TM_9,0.40196
1.79064e+09,TM_8,0.290839
1.79064e+09,TM_2,0.467587
1.79064e+09,TM_3,0.375596
1.79064e+09,TM_1,0.325765
1.79064e+09,TM_3,0.25467
1.79064e+09,TM_8,0.373549
1.79064e+09,TM_9,0.616497
1.79064e+09,TM_3,0.315739
1.79064e+09,TM_9,0.557314
1.79064e+09,TM_7,0.347768
1.79064e+09,TM_6,0.357129
1.79064e+09,TM_5,0.54791
1.79064e+09,TM_8,0.462453
1.79064e+09,TM_2,0.572831
1.79064e+09,TM_5,0.741292
1.79064e+09,TM_7,0.449339
1.79064e+09,TM_5,0.37381
1.79064e+09,TM_6,0.376036
1.79064e+09,TM_1,0.367091
1.79064e+09,TM_7,0.426832
1.79064e+09,TM_1,0.270646
1.79064e+09,TM_4,0.382066
1.79064e+09,TM_2,0.41393
1.79064e+09,TM_4,0.330524
1.79064e+09,TM_4,0.309819
1.79064e+09,TM_6,0.348194
1.79064e+09,TM_9,0.501919
1.79064e+09,TM_8,0.295119
1.79064e+09,TM_2,0.556198
1.79064e+09,TM_3,0.415895
1.79064e+09,TM_1,0.344528
1.79064e+09,TM_3,0.319335
1.79064e+09,TM_8,0.346041
1.79064e+09,TM_9,0.545341
1.79064e+09,TM_3,0.417374
1.79064e+09,TM_9,0.789991
1.79064e+09,TM_7,0.520519
1.79064e+09,TM_6,0.396999
1.79064e+09,TM_5,0.48276
1.79064e+09,TM_8,0.437465
1.79064e+09,TM_2,0.477
1.79064e+09,TM_5,0.57643
1.79064e+09,TM_7,0.413225
1.79064e+09,TM_5,0.342398
1.79064e+09,TM_6,0.291874
1.79064e+09,TM_1,0.312163
1.79064e+09,TM_7,0.328808
1.79064e+09,TM_1,0.258827
1.79064e+09,TM_4,0.277507
1.79064e+09,TM_2,0.274978
1.79064e+09,TM_4,0.260822
1.79064e+09,TM_4,0.242321
1.79064e+09,TM_6,0.361703
1.79064e+09,TM_9,0.431784
1.79064e+09,TM_8,0.26203
1.79064e+09,TM_2,0.495046
1.79064e+09,TM_3,0.318137
1.79064e+09,TM_1,0.325099
1.79064e+09,TM_3,0.385279
1.79064e+09,TM_8,0.523351
1.79064e+09,TM_9,0.641756
1.79064e+09,TM_3,0.378043
1.79064e+09,TM_9,0.702441
1.79064e+09,TM_7,0.329668
1.79064e+09,TM_6,0.383797
1.79064e+09,TM_5,0.565299
1.79064e+09,TM_8,0.46507
1.79064e+09,TM_2,0.474714
1.79064e+09,TM_5,0.604295
1.79064e+09,TM_7,0.409546
1.79064e+09,TM_5,0.379083
1.79064e+09,TM_6,0.436712
1.79064e+09,TM_1,0.378156
1.79064e+09,TM_7,0.365921
1.79064e+09,TM_1,0.44443
1.79064e+09,TM_4,0.353567
1.79064e+09,TM_2,0.325728
1.79064e+09,TM_4,0.337361
1.79064e+09,TM_4,0.274439
1.79064e+09,TM_6,0.390579
1.79064e+09,TM_9,0.448876
1.79064e+09,TM_8,0.309669
1.79064e+09,TM_2,0.443692
1.79064e+09,TM_3,0.35508
1.79064e+09,TM_1,0.318966
1.79064e+09,TM_3,0.313709
1.79064e+09,TM_8,0.354936
1.79064e+09,TM_9,0.644243
1.79064e+09,TM_3,0.412063
1.79064e+09,TM_9,0.601784
1.79064e+09,TM_7,0.362482
1.79064e+09,TM_6,0.497665
1.79064e+09,TM_5,0.621552
1.79064e+09,TM_8,0.48361
1.79064e+09,TM_2,0.518143
1.79064e+09,TM_5,0.745701
1.79064e+09,TM_7,0.631109
1.79064e+09,TM_5,0.386826
1.79064e+09,TM_6,0.502337
1.79064e+09,TM_1,0.510223
1.79064e+09,TM_7,0.406258
1.79064e+09,TM_1,0.486741
1.79064e+09,TM_4,0.326172
1.79064e+09,TM_2,0.389065
1.79064e+09,TM_4,0.314476
1.79064e+09,TM_4,0.341605
1.79064e+09,TM_6,0.432482
1.79064e+09,TM_9,0.465436
1.79064e+09,TM_8,0.396875
1.79064e+09,TM_2,0.492915
1.79064e+09,TM_3,0.418391
1.79064e+09,TM_1,0.450825
1.79064e+09,TM_3,0.324643
1.79064e+09,TM_8,0.412962
1.79064e+09,TM_9,0.591873
1.79064e+09,TM_3,0.418473
1.79064e+09,TM_9,0.532245
1.79064e+09,TM_7,0.408956
1.79064e+09,TM_6,0.39842
1.79064e+09,TM_5,0.601762
1.79064e+09,TM_8,0.46982
1.79064e+09,TM_5,0.525035
1.79064e+09,TM_2,0.664082
1.79064e+09,TM_7,0.515199
1.79064e+09,TM_5,0.478818
1.79064e+09,TM_6,0.358135
1.79064e+09,TM_1,0.360538
1.79064e+09,TM_7,0.349805
1.79064e+09,TM_1,0.329522
1.79064e+09,TM_4,0.317124
1.79064e+09,TM_2,0.391237
1.79064e+09,TM_4,0.590292
1.79064e+09,TM_4,0.275717
1.79064e+09,TM_6,0.415705
1.79064e+09,TM_9,0.446994
1.79064e+09,TM_8,0.411888
1.79064e+09,TM_2,0.522489
1.79064e+09,TM_3,0.405649
1.79064e+09,TM_1,0.363542
1.79064e+09,TM_3,0.269461
1.79064e+09,TM_8,0.386118
1.79064e+09,TM_9,0.5732
1.79064e+09,TM_3,0.423696
1.79064e+09,TM_9,0.475842
1.79064e+09,TM_7,0.405444
1.79064e+09,TM_6,0.392489
1.79064e+09,TM_5,0.489655
1.79064e+09,TM_8,0.490631
1.79064e+09,TM_5,0.587551
1.79064e+09,TM_2,0.775644
1.79064e+09,TM_7,0.410407
1.79064e+09,TM_5,0.387704
1.79064e+09,TM_6,0.425439
1.79064e+09,TM_1,0.342349
1.79064e+09,TM_7,0.316692
1.79064e+09,TM_1,0.291219
1.79064e+09,TM_4,0.43168
1.79064e+09,TM_2,0.309435
1.79064e+09,TM_4,0.242032
1.79064e+09,TM_4,0.237507
1.79064e+09,TM_6,0.407025
1.79064e+09,TM_9,0.400751
1.79064e+09,TM_8,0.294073
1.79064e+09,TM_2,0.553086
1.79064e+09,TM_3,0.385369
1.79064e+09,TM_1,0.311321
1.79064e+09,TM_3,0.283396
1.79064e+09,TM_8,0.424084
1.79064e+09,TM_9,0.578085
1.79064e+09,TM_3,0.382065
1.79064e+09,TM_9,0.462024
1.79064e+09,TM_7,0.349068
1.79064e+09,TM_6,0.356036
1.79064e+09,TM_5,0.593221
1.79064e+09,TM_8,0.47304
1.79064e+09,TM_5,0.462324
1.79064e+09,TM_2,0.581506
1.79064e+09,TM_7,0.444466
1.79064e+09,TM_5,0.362071
1.79064e+09,TM_6,0.37011
1.79064e+09,TM_1,0.363901
1.79064e+09,TM_7,0.353025
1.79064e+09,TM_1,0.331976
1.79064e+09,TM_4,0.287842
1.79064e+09,TM_2,0.35778
1.79064e+09,TM_4,0.286505
1.79064e+09,TM_4,0.288537
1.79064e+09,TM_6,0.340399
1.79064e+09,TM_9,0.33391
1.79064e+09,TM_8,0.298397
1.79064e+09,TM_2,0.458903
1.79064e+09,TM_3,0.364768
1.79064e+09,TM_1,0.332544
1.79064e+09,TM_3,0.275215
1.79064e+09,TM_8,0.316244
1.79064e+09,TM_9,0.508166
1.79064e+09,TM_3,0.332866
1.79064e+09,TM_9,0.47643
1.79064e+09,TM_7,0.369597
1.79064e+09,TM_6,0.402439
1.79064e+09,TM_5,0.532944
1.79064e+09,TM_8,0.492792
1.79064e+09,TM_5,0.470937
1.79064e+09,TM_2,0.618886
1.79064e+09,TM_7,0.574391
1.79064e+09,TM_5,0.357081
1.79064e+09,TM_6,0.43201
1.79064e+09,TM_1,0.453259
1.79064e+09,TM_7,0.63158
1.79064e+09,TM_1,0.33828
1.79064e+09,TM_4,0.439423
1.79064e+09,TM_2,0.455272
1.79064e+09,TM_4,0.344271
1.79064e+09,TM_4,0.269504
1.79064e+09,TM_6,0.484765
1.79064e+09,TM_9,0.457857
1.79064e+09,TM_8,0.417399
1.79064e+09,TM_2,0.496328
1.79064e+09,TM_3,0.355707
1.79064e+09,TM_1,0.398738
1.79064e+09,TM_3,0.287366
1.79064e+09,TM_8,0.40243
1.79064e+09,TM_9,0.542442
1.79064e+09,TM_3,0.36977
1.79064e+09,TM_9,0.692164
1.79064e+09,TM_7,0.422937
1.79064e+09,TM_6,0.450679
1.79064e+09,TM_5,0.60604
1.79064e+09,TM_8,0.478845
1.79064e+09,TM_2,0.498534
1.79064e+09,TM_5,0.673871
1.79064e+09,TM_7,0.580043
1.79064e+09,TM_5,0.359945
1.79064e+09,TM_6,0.40113
1.79064e+09,TM_1,0.367301
1.79064e+09,TM_7,0.594165
1.79064e+09,TM_1,0.523946
1.79064e+09,TM_4,0.331802
1.79064e+09,TM_2,0.298637
1.79064e+09,TM_4,0.323566
1.79064e+09,TM_4,0.280413
1.79064e+09,TM_6,0.403559
1.79064e+09,TM_9,0.446667
1.79064e+09,TM_8,0.420101
1.79064e+09,TM_2,0.555463
1.79064e+09,TM_3,0.366619
1.79064e+09,TM_1,0.343637
1.79064e+09,TM_3,0.262624
1.79064e+09,TM_8,0.411191
1.79064e+09,TM_9,0.524553
1.79064e+09,TM_3,0.337806
1.79064e+09,TM_9,0.640504
1.79064e+09,TM_7,0.426235
1.79064e+09,TM_6,0.350316
1.79064e+09,TM_5,0.517928
1.79064e+09,TM_8,0.465954
1.79064e+09,TM_5,0.517632
1.79064e+09,TM_2,0.651281
1.79064e+09,TM_7,0.476179
1.79064e+09,TM_5,0.341576
1.79064e+09,TM_6,0.399661
1.79064e+09,TM_1,0.425627
1.79064e+09,TM_7,0.537311
1.79064e+09,TM_1,0.30791
1.79064e+09,TM_4,0.429969
1.79064e+09,TM_2,0.375777
1.79064e+09,TM_4,0.285462
1.79064e+09,TM_4,0.314032
1.79064e+09,TM_6,0.385351
1.79064e+09,TM_9,0.423482
1.79064e+09,TM_8,0.264662
1.79064e+09,TM_2,0.554002
1.79064e+09,TM_3,0.406841
1.79064e+09,TM_1,0.354334
1.79064e+09,TM_3,0.339572
1.79064e+09,TM_8,0.318654
1.79064e+09,TM_9,0.635641
1.79064e+09,TM_3,0.347868
1.79064e+09,TM_9,0.566045
1.79064e+09,TM_7,0.375049
1.79064e+09,TM_6,0.294868
1.79064e+09,TM_5,0.530345
1.79064e+09,TM_8,0.404471
1.79064e+09,TM_5,0.448153
1.79064e+09,TM_2,0.549716
1.79064e+09,TM_7,0.478275
1.79064e+09,TM_5,0.338356
1.79064e+09,TM_6,0.463427
1.79064e+09,TM_1,0.37401
1.79064e+09,TM_7,0.376532
1.79064e+09,TM_1,0.309405
1.79064e+09,TM_4,0.279592
1.79064e+09,TM_2,0.337834
1.79064e+09,TM_4,0.284694
1.79064e+09,TM_4,0.24931
1.79064e+09,TM_6,0.407729
1.79064e+09,TM_9,0.401616
1.79064e+09,TM_8,0.378165
1.79064e+09,TM_2,0.552844
1.79064e+09,TM_3,0.308979
1.79064e+09,TM_1,0.304987
1.79064e+09,TM_3,0.346874
1.79064e+09,TM_8,0.332403
1.79064e+09,TM_9,0.586536
1.79064e+09,TM_3,0.346763
1.79064e+09,TM_9,0.538694
1.79064e+09,TM_7,0.372863
1.79064e+09,TM_6,0.430761
1.79064e+09,TM_5,0.580192
1.79064e+09,TM_8,0.417762
1.79064e+09,TM_5,0.486172
1.79064e+09,TM_2,0.682267
1.79064e+09,TM_7,0.427831
1.79064e+09,TM_5,0.386941
1.79064e+09,TM_6,0.366959
1.79064e+09,TM_1,0.422368
1.79064e+09,TM_7,0.389483
1.79064e+09,TM_1,0.345631
1.79064e+09,TM_4,0.314251
1.79064e+09,TM_2,0.302269
1.79064e+09,TM_4,0.298288
1.79064e+09,TM_4,0.293432
1.79064e+09,TM_6,0.357559
1.79064e+09,TM_9,0.404651
1.79064e+09,TM_8,0.291829
1.79064e+09,TM_2,0.474219
1.79064e+09,TM_3,0.298636
1.79064e+09,TM_1,0.326606
1.79064e+09,TM_3,0.275713
1.79064e+09,TM_8,0.359675
1.79064e+09,TM_9,0.570002
1.79064e+09,TM_3,0.415087
1.79064e+09,TM_9,0.569381
1.79064e+09,TM_7,0.503837
1.79064e+09,TM_6,0.352302
1.79064e+09,TM_5,0.531537
1.79064e+09,TM_8,0.447628
1.79064e+09,TM_5,0.477364
1.79064e+09,TM_2,0.594992
1.79064e+09,TM_7,0.422501
1.79064e+09,TM_5,0.409837
1.79064e+09,TM_6,0.414268
1.79064e+09,TM_1,0.406439
1.79064e+09,TM_7,0.394437
1.79064e+09,TM_1,0.396404
1.79064e+09,TM_4,0.35055
1.79064e+09,TM_2,0.252574
1.79064e+09,TM_4,0.264272
1.79064e+09,TM_4,0.266111
1.79064e+09,TM_6,0.352363
1.79064e+09,TM_9,0.454183
1.79064e+09,TM_8,0.346544
1.79064e+09,TM_2,0.543288
1.79064e+09,TM_3,0.305011
1.79064e+09,TM_1,0.349642
1.79064e+09,TM_3,0.283487
1.79064e+09,TM_8,0.341833
1.79064e+09,TM_9,0.520262
1.79064e+09,TM_3,0.382401
1.79064e+09,TM_9,0.548655
1.79064e+09,TM_7,0.343617
1.79064e+09,TM_6,0.478826
1.79064e+09,TM_5,0.568477
1.79064e+09,TM_8,0.445741
1.79064e+09,TM_5,0.489945
1.79064e+09,TM_2,0.581163
1.79064e+09,TM_7,0.542765
1.79064e+09,TM_5,0.390031
1.79064e+09,TM_6,0.388587
1.79064e+09,TM_1,0.3848
1.79064e+09,TM_7,0.421603
1.79064e+09,TM_1,0.323489
1.79064e+09,TM_4,0.555696
1.79064e+09,TM_2,0.330338
1.79064e+09,TM_4,0.284577
1.79064e+09,TM_4,0.244627
1.79064e+09,TM_6,0.38049
1.79064e+09,TM_9,0.418625
1.79064e+09,TM_8,0.288528
1.79064e+09,TM_2,0.472851
1.79064e+09,TM_3,0.322884
1.79064e+09,TM_1,0.381619
1.79064e+09,TM_3,0.260069
1.79064e+09,TM_8,0.333408
1.79064e+09,TM_9,0.538641
1.79064e+09,TM_3,0.333107
1.79064e+09,TM_9,0.533704
1.79064e+09,TM_7,0.365612
1.79064e+09,TM_6,0.378673
1.79064e+09,TM_5,0.557387
1.79064e+09,TM_8,0.486957
1.79064e+09,TM_5,0.498229
1.79064e+09,TM_2,0.580763
1.79064e+09,TM_7,0.418026
1.79064e+09,TM_5,0.297859
1.79064e+09,TM_6,0.501032
1.79064e+09,TM_1,0.499262
1.79064e+09,TM_7,0.432833
1.79064e+09,TM_1,0.345947
1.79064e+09,TM_4,0.414165
1.79064e+09,TM_2,0.309603
1.79064e+09,TM_4,0.280776
1.79064e+09,TM_4,0.508362
1.79064e+09,TM_6,0.460661
1.79064e+09,TM_9,0.405213
1.79064e+09,TM_8,0.30189
1.79064e+09,TM_2,0.5178
1.79064e+09,TM_3,0.30091
1.79064e+09,TM_1,0.420139
1.79064e+09,TM_3,0.264096
1.79064e+09,TM_8,0.338704
1.79064e+09,TM_9,0.531579
1.79064e+09,TM_3,0.396099
1.79064e+09,TM_9,0.599417
1.79064e+09,TM_7,0.3881
1.79064e+09,TM_6,0.397902
1.79064e+09,TM_5,0.470806
1.79064e+09,TM_8,0.420564
1.79064e+09,TM_5,0.430939
1.79064e+09,TM_2,0.554538
1.79064e+09,TM_7,0.559557
1.79064e+09,TM_5,0.428519
1.79064e+09,TM_6,0.427914
1.79064e+09,TM_1,0.472548
1.79064e+09,TM_7,0.387508
1.79064e+09,TM_1,0.324891
1.79064e+09,TM_4,0.393595
1.79064e+09,TM_2,0.274995
1.79064e+09,TM_4,0.401446
1.79064e+09,TM_4,0.323277
1.79064e+09,TM_6,0.316512
1.79064e+09,TM_9,0.427745
1.79064e+09,TM_8,0.3669
1.79064e+09,TM_2,0.578619
1.79064e+09,TM_3,0.26758
1.79064e+09,TM_1,0.342201
1.79064e+09,TM_3,0.273983
1.79064e+09,TM_8,0.311262
1.79064e+09,TM_9,0.504706
1.79064e+09,TM_3,0.379638
1.79064e+09,TM_9,0.455356
1.79064e+09,TM_7,0.350813
1.79064e+09,TM_6,0.365503
1.79064e+09,TM_5,0.451039
1.79064e+09,TM_8,0.440064
1.79064e+09,TM_5,0.369262
1.79064e+09,TM_2,0.425975
1.79064e+09,TM_7,0.417641
1.79064e+09,TM_5,0.316894
1.79064e+09,TM_6,0.448071
1.79064e+09,TM_1,0.36321
1.79064e+09,TM_7,0.607461
1.79064e+09,TM_1,0.316073
1.79064e+09,TM_4,0.334075
1.79064e+09,TM_2,0.280968
1.79064e+09,TM_4,0.311787
1.79064e+09,TM_4,0.257743
1.79064e+09,TM_6,0.335857
1.79064e+09,TM_9,0.494639
1.79064e+09,TM_8,0.278054
1.79064e+09,TM_2,0.554677
1.79064e+09,TM_3,0.290397
1.79064e+09,TM_1,0.340013
1.79064e+09,TM_3,0.451978
1.79064e+09,TM_8,0.297347
1.79064e+09,TM_9,0.599284
1.79064e+09,TM_3,0.402849
1.79064e+09,TM_9,0.65311
1.79064e+09,TM_7,0.376344
1.79064e+09,TM_6,0.338671
1.79064e+09,TM_5,0.58091
1.79064e+09,TM_8,0.406209
1.79064e+09,TM_5,0.425909
1.79064e+09,TM_2,0.504859
1.79064e+09,TM_7,0.453737
1.79064e+09,TM_5,0.312366
1.79064e+09,TM_6,0.354812
1.79064e+09,TM_1,0.376439
1.79064e+09,TM_7,0.49172
1.79064e+09,TM_1,0.288797
1.79064e+09,TM_4,0.325673
1.79064e+09,TM_2,0.339545
1.79064e+09,TM_4,0.28498
1.79064e+09,TM_4,0.240003
1.79064e+09,TM_6,0.341424
1.79064e+09,TM_9,0.4821
1.79064e+09,TM_8,0.326107
1.79064e+09,TM_2,0.600415
1.79064e+09,TM_3,0.311275
1.79064e+09,TM_1,0.31186
1.79064e+09,TM_3,0.383617
1.79064e+09,TM_8,0.343649
1.79064e+09,TM_9,0.547293
1.79064e+09,TM_3,0.362832
1.79064e+09,TM_9,0.60349
1.79064e+09,TM_7,0.399224
1.79064e+09,TM_6,0.339954
1.79064e+09,TM_5,0.553676
1.79064e+09,TM_8,0.490992
1.79064e+09,TM_5,0.421009
1.79064e+09,TM_2,0.487671
1.79064e+09,TM_7,0.379379
1.79064e+09,TM_5,0.295387
1.79064e+09,TM_6,0.462361
1.79064e+09,TM_1,0.370367
1.79064e+09,TM_7,0.423745
1.79064e+09,TM_1,0.302752
1.79064e+09,TM_4,0.362386
1.79064e+09,TM_2,0.325024
1.79064e+09,TM_4,0.257188
1.79064e+09,TM_4,0.241065
1.79064e+09,TM_6,0.334857
1.79064e+09,TM_9,0.544526
1.79064e+09,TM_8,0.316626
1.79064e+09,TM_2,0.502059
1.79064e+09,TM_3,0.282958
1.79064e+09,TM_1,0.40361
1.79064e+09,TM_3,0.313107
1.79064e+09,TM_8,0.349008
1.79064e+09,TM_9,0.501605
1.79064e+09,TM_3,0.35335
1.79064e+09,TM_9,0.508493
1.79064e+09,TM_7,0.31704
1.79064e+09,TM_6,0.359537
1.79064e+09,TM_5,0.479698
1.79064e+09,TM_8,0.435529
1.79064e+09,TM_5,0.422974
1.79064e+09,TM_2,0.486555
1.79064e+09,TM_7,0.41012
1.79064e+09,TM_5,0.379085
1.79064e+09,TM_6,0.515778
1.79064e+09,TM_1,0.476494
1.79064e+09,TM_7,0.465122
1.79064e+09,TM_1,0.418853
1.79064e+09,TM_4,0.31004
1.79064e+09,TM_2,0.383011
1.79064e+09,TM_4,0.28876
1.79064e+09,TM_4,0.236709
1.79064e+09,TM_6,0.319338
1.79064e+09,TM_9,0.475332
1.79064e+09,TM_8,0.324077
1.79064e+09,TM_2,0.507137
1.79064e+09,TM_3,0.326821
1.79064e+09,TM_1,0.422848
1.79064e+09,TM_3,0.2909
1.79064e+09,TM_8,0.358422
1.79064e+09,TM_9,0.575637
1.79064e+09,TM_3,0.409304
1.79064e+09,TM_9,0.582888
1.79064e+09,TM_7,0.312977
1.79064e+09,TM_6,0.393878
1.79064e+09,TM_5,0.559318
1.79064e+09,TM_8,0.430889
1.79064e+09,TM_5,0.393639
1.79064e+09,TM_2,0.398956
1.79064e+09,TM_7,0.360332
1.79064e+09,TM_5,0.293459
1.79064e+09,TM_6,0.34105
1.79064e+09,TM_1,0.315026
1.79064e+09,TM_7,0.408955
1.79064e+09,TM_1,0.297985
1.79064e+09,TM_4,0.326113
1.79064e+09,TM_2,0.313928
1.79064e+09,TM_4,0.241882
1.79064e+09,TM_4,0.270948
1.79064e+09,TM_6,0.343569
1.79064e+09,TM_9,0.516725
1.79064e+09,TM_8,0.294199
1.79064e+09,TM_2,0.56637
1.79064e+09,TM_3,0.314144
1.79064e+09,TM_1,0.304734
1.79064e+09,TM_3,0.2965
1.79064e+09,TM_8,0.344747
1.79064e+09,TM_9,0.562483
1.79064e+09,TM_3,0.398393
1.79064e+09,TM_9,0.607931
1.79064e+09,TM_7,0.393068
1.79064e+09,TM_6,0.367492
1.79064e+09,TM_5,0.544529
1.79064e+09,TM_8,0.482774
1.79064e+09,TM_5,0.435063
1.79064e+09,TM_2,0.471716
1.79064e+09,TM_7,0.400664
1.79064e+09,TM_5,0.34761
1.79064e+09,TM_6,0.433464
1.79064e+09,TM_1,0.375789
1.79064e+09,TM_7,0.337209
1.79064e+09,TM_1,0.315037
1.79064e+09,TM_4,0.404796
1.79064e+09,TM_2,0.27687
1.79064e+09,TM_4,0.304674
1.79064e+09,TM_4,0.259193
1.79064e+09,TM_6,0.393634
1.79064e+09,TM_9,0.479319
1.79064e+09,TM_8,0.364925
1.79064e+09,TM_2,0.576036
1.79064e+09,TM_3,0.259378
1.79064e+09,TM_1,0.380958
1.79064e+09,TM_3,0.314772
1.79064e+09,TM_8,0.409811
1.79064e+09,TM_9,0.485055
1.79064e+09,TM_3,0.360253
1.79064e+09,TM_9,0.468056
1.79064e+09,TM_7,0.367937
1.79064e+09,TM_6,0.400305
1.79064e+09,TM_5,0.43207
1.79064e+09,TM_8,0.462172
1.79064e+09,TM_2,0.459417
1.79064e+09,TM_5,0.512575
1.79064e+09,TM_7,0.367586
1.79064e+09,TM_5,0.2756
1.79064e+09,TM_6,0.405048
1.79064e+09,TM_1,0.350367
1.79064e+09,TM_7,0.32993
1.79064e+09,TM_1,0.282288
1.79064e+09,TM_4,0.449711
1.79064e+09,TM_2,0.466588
1.79064e+09,TM_4,0.321413
1.79064e+09,TM_4,0.269755
1.79064e+09,TM_6,0.349569
1.79064e+09,TM_9,0.472908
1.79064e+09,TM_8,0.35097
1.79064e+09,TM_2,0.612055
1.79064e+09,TM_3,0.269771
1.79064e+09,TM_1,0.385937
1.79064e+09,TM_3,0.345167
1.79064e+09,TM_8,0.378689
1.79064e+09,TM_9,0.53869
1.79064e+09,TM_3,0.359474
1.79064e+09,TM_9,0.576793
1.79064e+09,TM_7,0.343941
1.79064e+09,TM_6,0.37112
1.79064e+09,TM_5,0.572689
1.79064e+09,TM_8,0.475884
1.79064e+09,TM_5,0.462283
1.79064e+09,TM_2,0.496206
1.79064e+09,TM_7,0.345666
1.79064e+09,TM_5,0.312167
1.79064e+09,TM_6,0.442953
1.79064e+09,TM_1,0.333406
1.79064e+09,TM_7,0.307485
1.79064e+09,TM_1,0.302884
1.79064e+09,TM_4,0.346479
1.79064e+09,TM_2,0.267374
1.79064e+09,TM_4,0.275072
1.79064e+09,TM_4,0.302339
1.79064e+09,TM_6,0.354838
1.79064e+09,TM_9,0.427717
1.79064e+09,TM_8,0.250567
1.79064e+09,TM_2,0.575742
1.79064e+09,TM_3,0.273075
1.79064e+09,TM_1,0.383692
1.79064e+09,TM_3,0.409902
1.79064e+09,TM_8,0.310812
1.79064e+09,TM_9,0.598145
1.79064e+09,TM_3,0.365395
1.79064e+09,TM_9,0.592797
1.79064e+09,TM_7,0.405728
1.79064e+09,TM_6,0.367409
1.79064e+09,TM_5,0.601727
1.79064e+09,TM_8,0.431306
1.79064e+09,TM_5,0.483364
1.79064e+09,TM_2,0.521781
1.79064e+09,TM_7,0.397592
1.79064e+09,TM_5,0.320083
1.79064e+09,TM_6,0.379277
1.79064e+09,TM_1,0.346098
1.79064e+09,TM_7,0.38617
1.79064e+09,TM_1,0.325921
1.79064e+09,TM_4,0.293082
1.79064e+09,TM_2,0.312763
1.79064e+09,TM_4,0.267008
1.79064e+09,TM_4,0.282148
1.79064e+09,TM_6,0.308445
1.79064e+09,TM_9,0.502359
1.79064e+09,TM_8,0.31679
1.79064e+09,TM_2,0.623171
1.79064e+09,TM_3,0.309266
1.79064e+09,TM_1,0.269816
1.79064e+09,TM_3,0.342749
1.79064e+09,TM_8,0.351901
1.79064e+09,TM_9,0.522688
1.79064e+09,TM_3,0.413702
1.79064e+09,TM_9,0.518633
1.79064e+09,TM_7,0.375488
1.79064e+09,TM_6,0.336044
1.79064e+09,TM_5,0.414029
1.79064e+09,TM_8,0.402103
1.79064e+09,TM_5,0.441765
1.79064e+09,TM_2,0.412671
1.79064e+09,TM_7,0.384034
1.79064e+09,TM_5,0.346468
1.79064e+09,TM_6,0.288825
1.79064e+09,TM_1,0.318562
1.79064e+09,TM_7,0.41328
1.79064e+09,TM_1,0.24541
1.79064e+09,TM_4,0.277333
1.79064e+09,TM_2,0.351506
1.79064e+09,TM_4,0.261713
1.79064e+09,TM_4,0.233131
1.79064e+09,TM_6,0.316813
1.79064e+09,TM_9,0.375893
1.79064e+09,TM_8,0.280385
1.79064e+09,TM_2,0.51424
1.79064e+09,TM_3,0.294278
1.79064e+09,TM_1,0.284103
1.79064e+09,TM_3,0.338906
1.79064e+09,TM_8,0.308374
1.79064e+09,TM_9,0.649858
1.79064e+09,TM_3,0.297683
1.79064e+09,TM_9,0.557345
1.79064e+09,TM_7,0.347247
1.79064e+09,TM_6,0.300774
1.79064e+09,TM_5,0.583397
1.79064e+09,TM_8,0.424742
1.79064e+09,TM_5,0.469761
1.79064e+09,TM_2,0.482394
1.79064e+09,TM_7,0.412196
1.79064e+09,TM_5,0.302953
1.79064e+09,TM_6,0.318974
1.79064e+09,TM_1,0.325027
1.79064e+09,TM_7,0.406996
1.79064e+09,TM_1,0.245137
1.79064e+09,TM_4,0.296537
1.79064e+09,TM_2,0.324315
1.79064e+09,TM_4,0.28637
1.79064e+09,TM_4,0.251976
1.79064e+09,TM_6,0.384541
1.79064e+09,TM_9,0.450077
1.79064e+09,TM_8,0.358165
1.79064e+09,TM_2,0.541529
1.79064e+09,TM_3,0.307416
1.79064e+09,TM_1,0.338451
1.79064e+09,TM_3,0.394492
1.79064e+09,TM_8,0.311013
1.79064e+09,TM_9,0.546828
1.79064e+09,TM_3,0.359473
1.79064e+09,TM_9,0.582316
1.79064e+09,TM_7,0.350923
1.79064e+09,TM_6,0.306193
1.79064e+09,TM_5,0.650957
1.79064e+09,TM_8,0.40575
1.79064e+09,TM_5,0.380924
1.79064e+09,TM_2,0.407714
1.79064e+09,TM_7,0.413926
1.79064e+09,TM_5,0.284414
1.79064e+09,TM_6,0.349102
1.79064e+09,TM_1,0.371198
1.79064e+09,TM_7,0.515628
1.79064e+09,TM_1,0.277662
1.79064e+09,TM_4,0.334803
1.79064e+09,TM_2,0.461183
1.79064e+09,TM_4,0.323802
1.79064e+09,TM_4,0.25913
1.79064e+09,TM_6,0.315998
1.79064e+09,TM_9,0.465868
1.79064e+09,TM_8,0.258938
1.79064e+09,TM_2,0.709775
1.79064e+09,TM_3,0.355141
1.79064e+09,TM_1,0.383834
1.79064e+09,TM_3,0.38333
1.79064e+09,TM_8,0.35698
1.79064e+09,TM_9,0.543825
1.79064e+09,TM_3,0.392306
1.79064e+09,TM_9,0.572481
1.79064e+09,TM_7,0.387828
1.79064e+09,TM_6,0.317826
1.79064e+09,TM_5,0.549273
1.79064e+09,TM_8,0.449215
1.79064e+09,TM_5,0.399177
1.79064e+09,TM_2,0.361756
1.79064e+09,TM_7,0.394523
1.79064e+09,TM_5,0.301853
1.79064e+09,TM_6,0.314369
1.79064e+09,TM_1,0.417095
1.79064e+09,TM_7,0.362252
1.79064e+09,TM_1,0.257664
1.79064e+09,TM_4,0.348605
1.79064e+09,TM_2,0.306729
1.79064e+09,TM_4,0.281116
1.79064e+09,TM_4,0.269643
1.79064e+09,TM_6,0.338143
1.79064e+09,TM_9,0.502149
1.79064e+09,TM_8,0.307042
1.79064e+09,TM_2,0.52667
1.79064e+09,TM_3,0.353987
1.79064e+09,TM_1,0.316883
1.79064e+09,TM_3,0.310852
1.79064e+09,TM_8,0.340089
1.79064e+09,TM_9,0.571418
1.79064e+09,TM_3,0.337124
1.79064e+09,TM_9,0.556919
1.79064e+09,TM_7,0.423278
1.79064e+09,TM_6,0.331071
1.79064e+09,TM_5,0.488352
1.79064e+09,TM_8,0.466483
1.79064e+09,TM_5,0.504511
1.79064e+09,TM_2,0.521275
1.79064e+09,TM_7,0.37985
1.79064e+09,TM_5,0.325452
1.79064e+09,TM_6,0.294014
1.79064e+09,TM_1,0.329502
1.79064e+09,TM_7,0.396017
1.79064e+09,TM_1,0.257648
1.79064e+09,TM_4,0.276114
1.79064e+09,TM_2,0.303536
1.79064e+09,TM_4,0.353085
1.79064e+09,TM_4,0.242226
1.79064e+09,TM_6,0.277889
1.79064e+09,TM_9,0.387892
1.79064e+09,TM_8,0.390245
1.79064e+09,TM_2,0.645769
1.79064e+09,TM_3,0.390017
1.79064e+09,TM_1,0.274563
1.79064e+09,TM_3,0.331916
1.79064e+09,TM_8,0.300145
1.79064e+09,TM_9,0.561727
1.79064e+09,TM_3,0.411905
1.79064e+09,TM_9,0.568039
1.79064e+09,TM_7,0.392073
1.79064e+09,TM_6,0.301836
1.79064e+09,TM_5,0.541649
1.79064e+09,TM_8,0.461138
1.79064e+09,TM_5,0.460817
1.79064e+09,TM_2,0.450386
1.79064e+09,TM_7,0.415267
1.79064e+09,TM_5,0.303915
1.79064e+09,TM_6,0.347561
1.79064e+09,TM_1,0.405654
1.79064e+09,TM_7,0.419384
1.79064e+09,TM_1,0.239764
1.79064e+09,TM_4,0.273409
1.79064e+09,TM_2,0.322082
1.79064e+09,TM_4,0.259429
1.79064e+09,TM_4,0.243747
1.79064e+09,TM_6,0.316974
1.79064e+09,TM_9,0.424187
1.79064e+09,TM_8,0.306269
1.79064e+09,TM_2,0.641164
1.79064e+09,TM_3,0.33878
1.79064e+09,TM_1,0.284405
1.79064e+09,TM_3,0.410337
1.79064e+09,TM_8,0.325317
1.79064e+09,TM_9,0.554247
1.79064e+09,TM_3,0.388303
1.79064e+09,TM_9,0.58851
1.79064e+09,TM_7,0.371788
1.79064e+09,TM_6,0.333098
1.79064e+09,TM_5,0.455978
1.79064e+09,TM_8,0.524264
1.79064e+09,TM_5,0.518082
1.79064e+09,TM_2,0.526511
1.79064e+09,TM_7,0.381325
1.79064e+09,TM_5,0.415416
1.79064e+09,TM_6,0.299145
1.79064e+09,TM_1,0.333212
1.79064e+09,TM_7,0.345832
1.79064e+09,TM_1,0.271443
1.79064e+09,TM_4,0.300443
1.79064e+09,TM_2,0.284957
1.79064e+09,TM_4,0.298605
1.79064e+09,TM_4,0.271039
1.79064e+09,TM_6,0.359283
1.79064e+09,TM_9,0.385786
1.79064e+09,TM_8,0.394507
1.79064e+09,TM_2,0.518983
1.79064e+09,TM_3,0.327156
1.79064e+09,TM_1,0.299664
1.79064e+09,TM_3,0.360773
1.79064e+09,TM_8,0.373778
1.79064e+09,TM_9,0.545593
1.79064e+09,TM_3,0.344009
1.79064e+09,TM_9,0.579405
1.79064e+09,TM_7,0.336989
1.79064e+09,TM_6,0.352441
1.79064e+09,TM_5,0.398726
1.79064e+09,TM_8,0.47272
1.79064e+09,TM_5,0.411505
1.79064e+09,TM_2,0.375185
1.79064e+09,TM_7,0.368967
1.79064e+09,TM_5,0.300052
1.79064e+09,TM_6,0.280542
1.79064e+09,TM_1,0.351249
1.79064e+09,TM_7,0.431607
1.79064e+09,TM_1,0.315176
1.79064e+09,TM_4,0.338375
1.79064e+09,TM_2,0.439123
1.79064e+09,TM_4,0.271865
1.79064e+09,TM_4,0.26012
1.79064e+09,TM_6,0.278204
1.79064e+09,TM_9,0.515858
1.79064e+09,TM_8,0.336903
1.79064e+09,TM_2,0.373541
1.79064e+09,TM_3,0.396665
1.79064e+09,TM_1,0.338535
1.79064e+09,TM_3,0.396924
1.79064e+09,TM_8,0.317324
1.79064e+09,TM_9,0.543477
1.79064e+09,TM_3,0.410944
1.79064e+09,TM_9,0.549816
1.79064e+09,TM_7,0.376663
1.79064e+09,TM_6,0.298386
1.79064e+09,TM_5,0.553841
1.79064e+09,TM_8,0.392075
1.79064e+09,TM_5,0.491327
1.79064e+09,TM_2,0.490726
1.79064e+09,TM_7,0.395461
1.79064e+09,TM_5,0.315135
1.79064e+09,TM_6,0.316785
1.79064e+09,TM_1,0.338713
1.79064e+09,TM_7,0.394574
1.79064e+09,TM_1,0.231103
1.79064e+09,TM_4,0.34311
1.79064e+09,TM_2,0.331887
1.79064e+09,TM_4,0.308619
1.79064e+09,TM_4,0.25808
1.79064e+09,TM_6,0.355989
1.79064e+09,TM_9,0.404724
1.79064e+09,TM_8,0.383023
1.79064e+09,TM_2,0.519456
1.79064e+09,TM_3,0.275014
1.79064e+09,TM_1,0.357569
1.79064e+09,TM_3,0.291723
1.79064e+09,TM_8,0.392813
1.79064e+09,TM_9,0.552147
1.79064e+09,TM_3,0.360385
1.79064e+09,TM_9,0.51441
1.79064e+09,TM_7,0.335606
1.79064e+09,TM_6,0.356552
1.79064e+09,TM_5,0.442711
1.79064e+09,TM_8,0.473841
1.79064e+09,TM_5,0.383922
1.79064e+09,TM_2,0.343265
1.79064e+09,TM_7,0.414428
1.79064e+09,TM_5,0.319354
1.79064e+09,TM_6,0.344683
1.79064e+09,TM_1,0.382558
1.79064e+09,TM_7,0.361743
1.79064e+09,TM_1,0.371806
1.79064e+09,TM_4,0.338105
1.79064e+09,TM_2,0.308513
1.79064e+09,TM_4,0.311863
1.79064e+09,TM_4,0.360319
1.79064e+09,TM_6,0.366389
1.79064e+09,TM_9,0.397342
1.79064e+09,TM_8,0.328764
1.79064e+09,TM_2,0.402024
1.79064e+09,TM_3,0.26288
1.79064e+09,TM_1,0.334762
1.79064e+09,TM_3,0.247946
1.79064e+09,TM_8,0.322096
1.79064e+09,TM_9,0.498335
1.79064e+09,TM_3,0.29372
1.79064e+09,TM_9,0.5134
1.79064e+09,TM_7,0.349059
1.79064e+09,TM_6,0.304017
1.79064e+09,TM_5,0.425562
1.79064e+09,TM_8,0.41878
1.79064e+09,TM_5,0.470624
1.79064e+09,TM_2,0.420499
1.79064e+09,TM_7,0.465728
1.79064e+09,TM_5,0.302947
1.79064e+09,TM_6,0.307054
1.79064e+09,TM_1,0.333854
1.79064e+09,TM_7,0.265149
1.79064e+09,TM_1,0.249226
1.79064e+09,TM_4,0.292791
1.79064e+09,TM_2,0.313811
1.79064e+09,TM_4,0.280347
1.79064e+09,TM_4,0.284056
1.79064e+09,TM_6,0.414945
1.79064e+09,TM_9,0.573354
1.79064e+09,TM_8,0.307465
1.79064e+09,TM_2,0.463682
1.79064e+09,TM_3,0.266355
1.79064e+09,TM_1,0.376835
1.79064e+09,TM_3,0.353408
1.79064e+09,TM_8,0.363783
1.79064e+09,TM_9,0.543952
1.79064e+09,TM_3,0.313548
1.79064e+09,TM_9,0.52285
1.79064e+09,TM_7,0.358586
1.79064e+09,TM_6,0.385318
1.79064e+09,TM_5,0.531589
1.79064e+09,TM_8,0.425848
1.79064e+09,TM_5,0.365091
1.79064e+09,TM_2,0.320087
1.79064e+09,TM_7,0.409963
1.79064e+09,TM_5,0.307463
1.79064e+09,TM_6,0.359834
1.79064e+09,TM_1,0.423558
1.79064e+09,TM_7,0.350889
1.79064e+09,TM_1,0.275985
1.79064e+09,TM_4,0.270129
1.79064e+09,TM_2,0.348896
1.79064e+09,TM_4,0.297728
1.79064e+09,TM_4,0.359297
1.79064e+09,TM_6,0.33926
1.79064e+09,TM_9,0.390308
1.79064e+09,TM_8,0.297487
1.79064e+09,TM_2,0.586198
1.79064e+09,TM_3,0.297291
1.79064e+09,TM_1,0.351438
1.79064e+09,TM_3,0.319222
1.79064e+09,TM_8,0.306081
1.79064e+09,TM_9,0.534483
1.79064e+09,TM_3,0.319757
1.79064e+09,TM_9,0.480345
1.79064e+09,TM_7,0.320444
1.79064e+09,TM_6,0.300441
1.79064e+09,TM_5,0.555168
1.79064e+09,TM_8,0.437824
1.79064e+09,TM_5,0.499714
1.79064e+09,TM_2,0.464882
1.79064e+09,TM_7,0.479354
1.79064e+09,TM_5,0.420285
1.79064e+09,TM_6,0.340908
1.79064e+09,TM_1,0.315978
1.79064e+09,TM_7,0.412077
1.79064e+09,TM_1,0.270046
1.79064e+09,TM_4,0.298389
1.79064e+09,TM_2,0.352155
1.79064e+09,TM_4,0.308299
1.79064e+09,TM_4,0.423861
1.79064e+09,TM_6,0.324092
1.79064e+09,TM_9,0.579235
1.79064e+09,TM_8,0.269661
1.79064e+09,TM_2,0.656404
1.79064e+09,TM_3,0.363685
1.79064e+09,TM_1,0.326548
1.79064e+09,TM_3,0.396208
1.79064e+09,TM_8,0.394729
1.79064e+09,TM_9,0.558722
1.79064e+09,TM_3,0.394887
1.79064e+09,TM_9,0.59413
1.79064e+09,TM_7,0.421662
1.79064e+09,TM_6,0.315144
1.79064e+09,TM_5,0.448997
1.79064e+09,TM_8,0.424278
1.79064e+09,TM_5,0.514148
1.79064e+09,TM_2,0.535906
1.79064e+09,TM_7,0.371683
1.79064e+09,TM_5,0.360656
1.79064e+09,TM_6,0.306798
1.79064e+09,TM_1,0.360611
1.79064e+09,TM_7,0.396733
1.79064e+09,TM_1,0.248779
1.79064e+09,TM_4,0.332036
1.79064e+09,TM_2,0.325443
1.79064e+09,TM_4,0.270385
1.79064e+09,TM_4,0.368019
1.79064e+09,TM_6,0.299332
1.79064e+09,TM_9,0.52772
1.79064e+09,TM_8,0.389528
1.79064e+09,TM_2,0.580989
1.79064e+09,TM_3,0.277998
1.79064e+09,TM_1,0.315903
1.79064e+09,TM_3,0.278559
1.79064e+09,TM_8,0.342644
1.79064e+09,TM_9,0.579186
1.79064e+09,TM_3,0.42123
1.79064e+09,TM_9,0.501995
1.79064e+09,TM_7,0.361419
1.79064e+09,TM_6,0.341274
1.79064e+09,TM_5,0.586508
1.79064e+09,TM_8,0.395726
1.79064e+09,TM_5,0.439254
1.79064e+09,TM_2,0.385351
1.79064e+09,TM_7,0.353588
1.79064e+09,TM_5,0.400486
1.79064e+09,TM_6,0.324494
1.79064e+09,TM_1,0.392423
1.79064e+09,TM_7,0.302032
1.79064e+09,TM_1,0.282989
1.79064e+09,TM_4,0.305483
1.79064e+09,TM_2,0.43022
1.79064e+09,TM_4,0.29268
1.79064e+09,TM_4,0.283979
1.79064e+09,TM_6,0.292803
1.79064e+09,TM_9,0.38989
1.79064e+09,TM_8,0.443712
1.79064e+09,TM_2,0.677086
1.79064e+09,TM_3,0.276904
1.79064e+09,TM_1,0.401596
1.79064e+09,TM_3,0.260325
1.79064e+09,TM_8,0.336258
1.79064e+09,TM_9,0.594598
1.79064e+09,TM_3,0.332588
1.79064e+09,TM_9,0.513049
1.79064e+09,TM_7,0.359961
1.79064e+09,TM_6,0.307752
1.79064e+09,TM_5,0.525438
1.79064e+09,TM_8,0.46353
1.79064e+09,TM_5,0.440468
1.79064e+09,TM_2,0.368794
1.79064e+09,TM_7,0.419048
1.79064e+09,TM_5,0.269831
1.79064e+09,TM_6,0.394055
1.79064e+09,TM_1,0.371158
1.79064e+09,TM_7,0.427704
1.79064e+09,TM_1,0.29271
1.79064e+09,TM_4,0.333392
1.79064e+09,TM_2,0.401549
1.79064e+09,TM_4,0.299883
1.79064e+09,TM_4,0.349353
1.79064e+09,TM_6,0.402248
1.79064e+09,TM_9,0.479484
1.79064e+09,TM_8,0.454145
1.79064e+09,TM_2,0.528432
1.79064e+09,TM_3,0.28064
1.79064e+09,TM_1,0.368478
1.79064e+09,TM_3,0.325726
1.79064e+09,TM_8,0.390388
1.79064e+09,TM_9,0.538415
1.79064e+09,TM_3,0.367236
1.79064e+09,TM_9,0.509754
1.79064e+09,TM_7,0.341862
1.79064e+09,TM_6,0.464415
1.79064e+09,TM_5,0.357047
1.79064e+09,TM_8,0.407449
1.79064e+09,TM_5,0.398218
1.79064e+09,TM_2,0.401684
1.79064e+09,TM_7,0.381367
1.79064e+09,TM_5,0.315631
1.79064e+09,TM_6,0.364633
1.79064e+09,TM_1,0.365642
1.79064e+09,TM_7,0.305774
1.79064e+09,TM_1,0.298036
1.79064e+09,TM_4,0.31537
1.79064e+09,TM_2,0.31963
1.79064e+09,TM_4,0.279397
1.79064e+09,TM_4,0.362156
1.79064e+09,TM_6,0.338874
1.79064e+09,TM_9,0.426065
1.79064e+09,TM_8,0.36046
1.79064e+09,TM_2,0.570816
1.79064e+09,TM_3,0.356969
1.79064e+09,TM_1,0.396646
1.79064e+09,TM_3,0.311188
1.79064e+09,TM_8,0.390597
1.79064e+09,TM_9,0.645984
1.79064e+09,TM_3,0.384935
1.79064e+09,TM_9,0.526629
1.79064e+09,TM_7,0.342692
1.79064e+09,TM_6,0.415899
1.79064e+09,TM_5,0.420087
1.79064e+09,TM_8,0.484028
1.79064e+09,TM_5,0.355341
1.79064e+09,TM_2,0.347809
1.79064e+09,TM_7,0.440797
1.79064e+09,TM_5,0.324028
1.79064e+09,TM_6,0.272936
1.79064e+09,TM_1,0.292521
1.79064e+09,TM_7,0.315467
1.79064e+09,TM_1,0.282669
1.79064e+09,TM_4,0.272067
1.79064e+09,TM_2,0.339579
1.79064e+09,TM_4,0.248143
1.79064e+09,TM_4,0.220763
1.79064e+09,TM_6,0.298999
1.79064e+09,TM_9,0.405411
1.79064e+09,TM_8,0.261254
1.79064e+09,TM_2,0.552326
1.79064e+09,TM_3,0.359579
1.79064e+09,TM_1,0.307443
1.79064e+09,TM_3,0.329101
1.79064e+09,TM_8,0.32333
1.79064e+09,TM_9,0.693184
1.79064e+09,TM_3,0.380787
1.79064e+09,TM_9,0.51905
1.79064e+09,TM_7,0.390586
1.79064e+09,TM_6,0.343208
1.79064e+09,TM_5,0.604612
1.79064e+09,TM_8,0.519122
1.79064e+09,TM_5,0.586277
1.79064e+09,TM_2,0.544468
1.79064e+09,TM_7,0.441854
1.79064e+09,TM_5,0.263391
1.79064e+09,TM_6,0.383877
1.79064e+09,TM_1,0.379451
1.79064e+09,TM_7,0.387805
1.79064e+09,TM_1,0.327062
1.79064e+09,TM_4,0.27854
1.79064e+09,TM_2,0.418464
1.79064e+09,TM_4,0.325331
1.79064e+09,TM_4,0.257907
1.79064e+09,TM_6,0.359104
1.79064e+09,TM_9,0.518268
1.79064e+09,TM_8,0.319883
1.79064e+09,TM_2,0.635794
1.79064e+09,TM_3,0.51771
1.79064e+09,TM_1,0.330435
1.79064e+09,TM_3,0.385198
1.79064e+09,TM_8,0.381139
1.79064e+09,TM_9,0.647551
1.79064e+09,TM_3,0.388863
1.79064e+09,TM_9,0.54239
1.79064e+09,TM_7,0.34065
1.79064e+09,TM_6,0.426982
1.79064e+09,TM_5,0.515842
1.79064e+09,TM_8,0.434589
1.79064e+09,TM_5,0.478928
1.79064e+09,TM_2,0.392932
1.79064e+09,TM_7,0.409006
1.79064e+09,TM_5,0.288576
1.79064e+09,TM_6,0.339798
1.79064e+09,TM_1,0.282535
1.79064e+09,TM_7,0.372359
1.79064e+09,TM_1,0.340775
1.79064e+09,TM_4,0.287714
1.79064e+09,TM_2,0.314329
1.79064e+09,TM_4,0.277245
1.79064e+09,TM_4,0.351947
1.79064e+09,TM_6,0.319348
1.79064e+09,TM_9,0.457464
1.79064e+09,TM_8,0.27466
1.79064e+09,TM_2,0.637559
1.79064e+09,TM_3,0.405767
1.79064e+09,TM_1,0.371781
1.79064e+09,TM_3,0.37941
1.79064e+09,TM_8,0.358356
1.79064e+09,TM_9,0.698947
1.79064e+09,TM_3,0.387126
1.79064e+09,TM_9,0.574022
1.79064e+09,TM_7,0.301895
1.79064e+09,TM_6,0.333588
1.79064e+09,TM_5,0.621907
1.79064e+09,TM_8,0.443312
1.79064e+09,TM_5,0.549305
1.79064e+09,TM_2,0.492907
1.79064e+09,TM_7,0.476204
1.79064e+09,TM_5,0.353389
1.79064e+09,TM_6,0.345952
1.79064e+09,TM_1,0.318252
1.79064e+09,TM_7,0.341414
1.79064e+09,TM_1,0.269216
1.79064e+09,TM_4,0.279302
1.79064e+09,TM_2,0.384524
1.79064e+09,TM_4,0.256956
1.79064e+09,TM_4,0.254665
1.79064e+09,TM_6,0.299982
1.79064e+09,TM_9,0.426108
1.79064e+09,TM_8,0.357929
1.79064e+09,TM_2,0.627995
1.79064e+09,TM_3,0.317191
1.79064e+09,TM_1,0.416171
1.79064e+09,TM_3,0.429146
1.79064e+09,TM_8,0.333704
1.79064e+09,TM_9,0.59019
1.79064e+09,TM_3,0.493403
1.79064e+09,TM_9,0.561085
1.79064e+09,TM_7,0.40148
1.79064e+09,TM_6,0.359762
1.79064e+09,TM_5,0.550556
1.79064e+09,TM_8,0.412073
1.79064e+09,TM_5,0.562051
1.79064e+09,TM_2,0.649144
1.79064e+09,TM_7,0.617049
1.79064e+09,TM_5,0.350322
1.79064e+09,TM_6,0.434481
1.79064e+09,TM_1,0.411632
1.79064e+09,TM_7,0.377385
1.79064e+09,TM_1,0.363642
1.79064e+09,TM_4,0.297057
1.79064e+09,TM_2,0.328115
1.79064e+09,TM_4,0.274375
1.79064e+09,TM_4,0.243973
1.79064e+09,TM_6,0.279679
1.79064e+09,TM_9,0.448406
1.79064e+09,TM_8,0.332022
1.79064e+09,TM_2,0.613502
1.79064e+09,TM_3,0.336375
1.79064e+09,TM_1,0.401621
1.79064e+09,TM_3,0.365433
1.79064e+09,TM_8,0.359024
1.79064e+09,TM_9,0.564287
1.79064e+09,TM_3,0.47332
1.79064e+09,TM_9,0.570991
1.79064e+09,TM_7,0.394542
1.79064e+09,TM_6,0.412525
1.79064e+09,TM_5,0.609481
1.79064e+09,TM_8,0.435187
1.79064e+09,TM_5,0.532007
1.79064e+09,TM_2,0.466699
1.79064e+09,TM_7,0.646381
1.79064e+09,TM_5,0.407894
1.79064e+09,TM_6,0.364877
1.79064e+09,TM_1,0.354665
1.79064e+09,TM_7,0.427388
1.79064e+09,TM_1,0.290001
1.79064e+09,TM_4,0.287886
1.79064e+09,TM_2,0.332063
1.79064e+09,TM_4,0.326045
1.79064e+09,TM_4,0.263016
1.79064e+09,TM_6,0.380196
1.79064e+09,TM_9,0.549577
1.79064e+09,TM_8,0.451009
1.79064e+09,TM_2,0.623606
1.79064e+09,TM_3,0.305343
1.79064e+09,TM_1,0.322606
1.79064e+09,TM_3,0.348006
1.79064e+09,TM_8,0.351298
1.79064e+09,TM_9,0.598738
1.79064e+09,TM_3,0.493703
1.79064e+09,TM_9,0.534231
1.79064e+09,TM_7,0.368343
1.79064e+09,TM_6,0.356306
1.79064e+09,TM_5,0.569085
1.79064e+09,TM_8,0.44187
1.79064e+09,TM_5,0.453424
1.79064e+09,TM_2,0.404086
1.79064e+09,TM_7,0.445078
1.79064e+09,TM_5,0.353419
1.79064e+09,TM_6,0.34903
1.79064e+09,TM_1,0.371532
1.79064e+09,TM_7,0.373882
1.79064e+09,TM_1,0.246632
1.79064e+09,TM_4,0.288715
1.79064e+09,TM_2,0.387508
1.79064e+09,TM_4,0.259616
1.79064e+09,TM_4,0.236837
1.79064e+09,TM_6,0.348498
1.79064e+09,TM_9,0.489528
1.79064e+09,TM_8,0.422771
1.79064e+09,TM_2,0.605595
1.79064e+09,TM_3,0.309646
1.79064e+09,TM_1,0.381248
1.79064e+09,TM_3,0.318218
1.79064e+09,TM_8,0.369879
1.79064e+09,TM_9,0.551789
1.79064e+09,TM_3,0.356998
1.79064e+09,TM_9,0.482593
1.79064e+09,TM_7,0.447358
1.79064e+09,TM_6,0.309681
1.79064e+09,TM_5,0.461039
1.79064e+09,TM_8,0.400799
1.79064e+09,TM_5,0.414357
1.79064e+09,TM_2,0.358201
1.79064e+09,TM_7,0.703969
1.79064e+09,TM_5,0.485134
1.79064e+09,TM_6,0.341615
1.79064e+09,TM_1,0.425457
1.79064e+09,TM_7,0.426106
1.79064e+09,TM_1,0.320759
1.79064e+09,TM_4,0.296626
1.79064e+09,TM_2,0.334731
1.79064e+09,TM_4,0.310548
1.79064e+09,TM_4,0.308302
1.79064e+09,TM_6,0.402177
1.79064e+09,TM_9,0.500218
1.79064e+09,TM_8,0.373316
1.79064e+09,TM_2,0.629511
1.79064e+09,TM_3,0.382733
1.79064e+09,TM_1,0.338543
1.79064e+09,TM_3,0.374049
1.79064e+09,TM_8,0.655139
1.79064e+09,TM_9,0.538541
1.79064e+09,TM_3,0.341898
1.79064e+09,TM_9,0.480232
1.79064e+09,TM_7,0.415196
1.79064e+09,TM_6,0.380102
1.79064e+09,TM_5,0.51345
1.79064e+09,TM_8,0.400366
1.79064e+09,TM_5,0.458408
1.79064e+09,TM_2,0.386758
1.79064e+09,TM_7,0.571051
1.79064e+09,TM_5,0.324396
1.79064e+09,TM_6,0.332029
1.79064e+09,TM_1,0.399785
1.79064e+09,TM_7,0.419556
1.79064e+09,TM_1,0.362233
1.79064e+09,TM_4,0.319808
1.79064e+09,TM_2,0.422678
1.79064e+09,TM_4,0.280376
1.79064e+09,TM_4,0.337112
1.79064e+09,TM_6,0.333496
1.79064e+09,TM_9,0.477123
1.79064e+09,TM_8,0.331558
1.79064e+09,TM_2,0.698127
1.79064e+09,TM_3,0.389587
1.79064e+09,TM_1,0.390047
1.79064e+09,TM_3,0.485405
1.79064e+09,TM_8,0.417417
1.79064e+09,TM_9,0.631063
1.79064e+09,TM_3,0.477405
1.79064e+09,TM_9,0.555784
1.79064e+09,TM_7,0.416483
1.79064e+09,TM_6,0.37868
1.79064e+09,TM_5,0.652319
1.79064e+09,TM_8,0.44458
1.79064e+09,TM_5,0.422592
1.79064e+09,TM_2,0.454898
1.79064e+09,TM_7,0.692823
1.79064e+09,TM_5,0.437288
1.79064e+09,TM_6,0.370396
1.79064e+09,TM_1,0.348275
1.79064e+09,TM_7,0.331595
1.79064e+09,TM_1,0.304638
1.79064e+09,TM_4,0.295482
1.79064e+09,TM_2,0.300743
1.79064e+09,TM_4,0.329958
1.79064e+09,TM_4,0.302048
1.79064e+09,TM_6,0.377123
1.79064e+09,TM_9,0.439133
1.79064e+09,TM_8,0.389783
1.79064e+09,TM_2,0.54476
1.79064e+09,TM_3,0.326164
1.79064e+09,TM_1,0.383744
1.79064e+09,TM_3,0.345441
1.79064e+09,TM_8,0.355476
1.79064e+09,TM_9,0.68794
1.79064e+09,TM_3,0.339986
1.79064e+09,TM_9,0.560335
1.79064e+09,TM_7,0.407618
1.79064e+09,TM_6,0.411537
1.79064e+09,TM_5,0.414804
1.79064e+09,TM_8,0.450981
1.79064e+09,TM_5,0.398678
1.79064e+09,TM_2,0.396696
1.79064e+09,TM_7,0.588312
1.79064e+09,TM_5,0.355559
1.79064e+09,TM_6,0.392497
1.79064e+09,TM_1,0.321976
1.79064e+09,TM_7,0.53532
1.79064e+09,TM_1,0.282251
1.79064e+09,TM_4,0.325251
1.79064e+09,TM_2,0.418189
1.79064e+09,TM_4,0.273469
1.79064e+09,TM_4,0.317346
1.79064e+09,TM_6,0.337655
1.79064e+09,TM_9,0.466052
1.79064e+09,TM_8,0.355274
1.79064e+09,TM_2,0.576741
1.79064e+09,TM_3,0.556295
1.79064e+09,TM_1,0.328082
1.79064e+09,TM_3,0.333636
1.79064e+09,TM_8,0.347799
1.79064e+09,TM_9,0.600622
1.79064e+09,TM_3,0.499087
1.79064e+09,TM_9,0.536985
1.79064e+09,TM_7,0.455432
1.79064e+09,TM_6,0.414111
1.79064e+09,TM_5,0.601064
1.79064e+09,TM_8,0.468909
1.79064e+09,TM_5,0.65771
1.79064e+09,TM_2,0.618606
1.79064e+09,TM_7,0.572705
1.79064e+09,TM_5,0.424084
1.79064e+09,TM_6,0.426427
1.79064e+09,TM_1,0.331977
1.79064e+09,TM_7,0.375151
1.79064e+09,TM_1,0.273456
1.79064e+09,TM_4,0.306543
1.79064e+09,TM_2,0.433973
1.79064e+09,TM_4,0.291048
1.79064e+09,TM_4,0.280778
1.79064e+09,TM_6,0.512344
1.79064e+09,TM_9,0.534456
1.79064e+09,TM_8,0.395107
1.79064e+09,TM_2,0.527349
1.79064e+09,TM_3,0.45507
1.79064e+09,TM_1,0.305703
1.79064e+09,TM_3,0.33136
1.79064e+09,TM_8,0.322721
1.79064e+09,TM_9,0.531601
1.79064e+09,TM_3,0.333924
1.79064e+09,TM_9,0.938103
1.79064e+09,TM_7,0.650993
1.79064e+09,TM_6,0.326296
1.79064e+09,TM_5,0.51199
1.79064e+09,TM_8,0.447045
1.79064e+09,TM_5,0.377445
1.79064e+09,TM_2,0.336276
1.79064e+09,TM_7,0.422738
1.79064e+09,TM_5,0.30823
1.79064e+09,TM_6,0.335719
1.79064e+09,TM_1,0.305421
1.79064e+09,TM_7,0.400244
1.79064e+09,TM_1,0.349294
1.79064e+09,TM_4,0.370257
1.79064e+09,TM_2,0.468078
1.79064e+09,TM_4,0.347531
1.79064e+09,TM_4,0.258719
1.79064e+09,TM_6,0.332866
1.79064e+09,TM_9,0.494415
1.79064e+09,TM_8,0.318205
1.79064e+09,TM_2,0.622297
1.79064e+09,TM_3,0.347003
1.79064e+09,TM_1,0.271388
1.79064e+09,TM_3,0.344042
1.79064e+09,TM_8,0.318614
1.79064e+09,TM_9,0.543937
1.79064e+09,TM_3,0.357366
1.79064e+09,TM_9,0.470104
1.79064e+09,TM_7,0.459956
1.79064e+09,TM_6,0.352394
1.79064e+09,TM_5,0.460848
1.79064e+09,TM_8,0.425945
1.79064e+09,TM_2,0.437381
1.79064e+09,TM_5,0.286543
1.79064e+09,TM_7,0.417992
1.79064e+09,TM_5,0.382575
1.79064e+09,TM_6,0.32153
1.79064e+09,TM_1,0.327678
1.79064e+09,TM_7,0.411786
1.79064e+09,TM_1,0.262801
1.79064e+09,TM_4,0.280674
1.79064e+09,TM_2,0.369946
1.79064e+09,TM_4,0.27477
1.79064e+09,TM_4,0.329464
1.79064e+09,TM_6,0.338607
1.79064e+09,TM_9,0.507476
1.79064e+09,TM_8,0.410294
1.79064e+09,TM_2,0.642213
1.79064e+09,TM_3,0.441773
1.79064e+09,TM_1,0.344894
1.79064e+09,TM_3,0.343753
1.79064e+09,TM_8,0.344203
1.79064e+09,TM_9,0.435393
1.79064e+09,TM_3,0.326466
1.79064e+09,TM_9,0.49914
1.79064e+09,TM_7,0.573944
1.79064e+09,TM_6,0.339405
1.79064e+09,TM_5,0.573188
1.79064e+09,TM_8,0.425628
1.79064e+09,TM_5,0.551412
1.79064e+09,TM_2,0.471955
1.79064e+09,TM_7,0.570913
1.79064e+09,TM_5,0.410529
1.79064e+09,TM_6,0.328147
1.79064e+09,TM_1,0.341305
1.79064e+09,TM_7,0.388597
1.79064e+09,TM_1,0.313048
1.79064e+09,TM_4,0.286242
1.79064e+09,TM_2,0.318822
1.79064e+09,TM_4,0.382272
1.79064e+09,TM_4,0.280815
1.79064e+09,TM_6,0.333049
1.79064e+09,TM_9,0.429788
1.79064e+09,TM_8,0.339189
1.79064e+09,TM_2,0.614467
1.79064e+09,TM_3,0.321276
1.79064e+09,TM_1,0.372855
1.79064e+09,TM_3,0.367532
1.79064e+09,TM_8,0.3289
1.79064e+09,TM_9,0.569428
1.79064e+09,TM_3,0.360854
1.79064e+09,TM_9,0.567598
1.79064e+09,TM_7,0.411686
1.79064e+09,TM_6,0.391178
1.79064e+09,TM_5,0.600809
1.79064e+09,TM_8,0.36715
1.79064e+09,TM_5,0.4055
1.79064e+09,TM_2,0.358088
1.79064e+09,TM_7,0.563562
1.79064e+09,TM_5,0.397105
1.79064e+09,TM_6,0.318692
1.79064e+09,TM_1,0.530195
1.79064e+09,TM_7,0.426514
1.79064e+09,TM_1,0.286206
1.79064e+09,TM_4,0.272362
1.79064e+09,TM_2,0.39546
1.79064e+09,TM_4,0.260776
1.79064e+09,TM_4,0.313422
1.79064e+09,TM_6,0.37245
1.79064e+09,TM_9,0.478712
1.79064e+09,TM_8,0.475159
1.79064e+09,TM_2,0.569471
1.79064e+09,TM_3,0.437211
1.79064e+09,TM_1,0.374663
1.79064e+09,TM_3,0.347959
1.79064e+09,TM_8,0.330255
1.79064e+09,TM_9,0.640372
1.79064e+09,TM_3,0.372688
1.79064e+09,TM_9,0.559099
1.79064e+09,TM_7,0.428614
1.79064e+09,TM_6,0.363798
1.79064e+09,TM_5,0.528202
1.79064e+09,TM_8,0.472191
1.79064e+09,TM_5,0.529229
1.79064e+09,TM_2,0.441018
1.79064e+09,TM_7,0.724734
1.79064e+09,TM_5,0.608551
1.79064e+09,TM_6,0.368308
1.79064e+09,TM_1,0.378584
1.79064e+09,TM_7,0.362069
1.79064e+09,TM_1,0.30296
1.79064e+09,TM_4,0.301995
1.79064e+09,TM_2,0.284822
1.79064e+09,TM_4,0.255749
1.79064e+09,TM_4,0.29978
1.79064e+09,TM_6,0.339184
1.79064e+09,TM_9,0.49871
1.79064e+09,TM_8,0.35935
1.79064e+09,TM_2,0.54067
1.79064e+09,TM_3,0.342552
1.79064e+09,TM_1,0.298066
1.79064e+09,TM_3,0.345172
1.79064e+09,TM_8,0.339467
1.79064e+09,TM_9,0.596836
1.79064e+09,TM_3,0.402505
1.79064e+09,TM_9,0.575838
1.79064e+09,TM_7,0.414912
1.79064e+09,TM_6,0.432972
1.79064e+09,TM_5,0.578865
1.79064e+09,TM_8,0.40723
1.79064e+09,TM_5,0.485992
1.79064e+09,TM_2,0.387236
1.79064e+09,TM_7,0.53378
1.79064e+09,TM_5,0.383325
1.79064e+09,TM_6,0.266045
1.79064e+09,TM_1,0.340923
1.79064e+09,TM_7,0.402745
1.79064e+09,TM_1,0.316898
1.79064e+09,TM_4,0.309691
1.79064e+09,TM_2,0.280013
1.79064e+09,TM_4,0.286915
1.79064e+09,TM_4,0.275728
1.79064e+09,TM_6,0.387171
1.79064e+09,TM_9,0.456723
1.79064e+09,TM_8,0.342323
1.79064e+09,TM_2,0.650388
1.79064e+09,TM_3,0.290474
1.79064e+09,TM_1,0.364239
1.79064e+09,TM_3,0.282064
1.79064e+09,TM_8,0.359761
1.79064e+09,TM_9,0.617494
1.79064e+09,TM_3,0.393328
1.79064e+09,TM_9,0.620945
1.79064e+09,TM_7,0.493905
1.79064e+09,TM_6,0.357317
1.79064e+09,TM_5,0.549601
1.79064e+09,TM_8,0.434287
1.79064e+09,TM_5,0.572137
1.79064e+09,TM_2,0.402652
1.79064e+09,TM_7,0.51038
1.79064e+09,TM_5,0.479239
1.79064e+09,TM_6,0.304343
1.79064e+09,TM_1,0.34217
1.79064e+09,TM_7,0.437682
1.79064e+09,TM_1,0.272047
1.79064e+09,TM_4,0.267752
1.79064e+09,TM_2,0.339599
1.79064e+09,TM_4,0.280467
1.79064e+09,TM_4,0.327218
1.79064e+09,TM_6,0.360985
1.79064e+09,TM_9,0.477806
1.79064e+09,TM_8,0.302844
1.79064e+09,TM_2,0.628335
1.79064e+09,TM_3,0.313839
1.79064e+09,TM_1,0.344203
1.79064e+09,TM_3,0.281631
1.79064e+09,TM_8,0.372711
1.79064e+09,TM_9,0.580783
1.79064e+09,TM_3,0.472856
1.79064e+09,TM_9,0.498149
1.79064e+09,TM_7,0.710551
1.79064e+09,TM_6,0.378893
1.79064e+09,TM_5,0.580781
1.79064e+09,TM_8,0.407999
1.79064e+09,TM_5,0.426071
1.79064e+09,TM_2,0.262789
1.79064e+09,TM_7,0.527227
1.79064e+09,TM_5,0.359377
1.79064e+09,TM_6,0.300515
1.79064e+09,TM_1,0.308065
1.79064e+09,TM_7,0.360859
1.79064e+09,TM_1,0.259129
1.79064e+09,TM_4,0.300546
1.79064e+09,TM_2,0.292962
1.79064e+09,TM_4,0.270836
1.79064e+09,TM_4,0.341696
1.79064e+09,TM_6,0.367915
1.79064e+09,TM_9,0.486358
1.79064e+09,TM_8,0.319086
1.79064e+09,TM_2,0.629823
1.79064e+09,TM_3,0.281716
1.79064e+09,TM_1,0.280802
1.79064e+09,TM_3,0.352788
1.79064e+09,TM_8,0.296861
1.79064e+09,TM_9,0.565666
1.79064e+09,TM_3,0.349094
1.79064e+09,TM_9,0.555427
1.79064e+09,TM_7,0.385506
1.79064e+09,TM_6,0.371087
1.79064e+09,TM_5,0.522658
1.79064e+09,TM_8,0.411873
1.79064e+09,TM_5,0.454954
1.79064e+09,TM_2,0.309284
1.79064e+09,TM_7,0.518845
1.79064e+09,TM_5,0.363982
1.79064e+09,TM_6,0.379036
1.79064e+09,TM_1,0.344569
1.79064e+09,TM_7,0.389147
1.79064e+09,TM_1,0.287777
1.79064e+09,TM_4,0.324659
1.79064e+09,TM_2,0.309267
1.79064e+09,TM_4,0.260118
1.79064e+09,TM_4,0.301816
1.79064e+09,TM_6,0.418805
1.79064e+09,TM_9,0.440324
1.79064e+09,TM_8,0.350872
1.79064e+09,TM_2,0.341741
1.79064e+09,TM_3,0.326401
1.79064e+09,TM_1,0.400383
1.79064e+09,TM_3,0.344001
1.79064e+09,TM_8,0.317675
1.79064e+09,TM_9,0.567292
1.79064e+09,TM_3,0.339933
1.79064e+09,TM_9,0.528366
1.79064e+09,TM_7,0.611981
1.79064e+09,TM_6,0.345818
1.79064e+09,TM_5,0.56882
1.79064e+09,TM_8,0.443682
1.79064e+09,TM_5,0.470654
1.79064e+09,TM_2,0.317022
1.79064e+09,TM_7,0.505425
1.79064e+09,TM_5,0.37791
1.79064e+09,TM_6,0.328191
1.79064e+09,TM_1,0.319707
1.79064e+09,TM_7,0.450847
1.79064e+09,TM_1,0.262262
1.79064e+09,TM_4,0.275963
1.79064e+09,TM_2,0.292311
1.79064e+09,TM_4,0.294369
1.79064e+09,TM_4,0.248869
1.79064e+09,TM_6,0.32542
1.79064e+09,TM_9,0.427637
1.79064e+09,TM_8,0.401003
1.79064e+09,TM_2,0.679522
1.79064e+09,TM_3,0.302698
1.79064e+09,TM_1,0.332848
1.79064e+09,TM_3,0.324428
1.79064e+09,TM_8,0.347434
1.79064e+09,TM_9,0.585689
1.79064e+09,TM_3,0.339786
1.79064e+09,TM_9,0.648361
1.79064e+09,TM_7,0.522384
1.79064e+09,TM_6,0.39038
1.79064e+09,TM_5,0.566635
1.79064e+09,TM_8,0.465595
1.79064e+09,TM_5,0.383242
1.79064e+09,TM_2,0.45207
1.79064e+09,TM_7,0.575485
1.79064e+09,TM_5,0.430564
1.79064e+09,TM_6,0.360363
1.79064e+09,TM_1,0.40568
1.79064e+09,TM_7,0.374047
1.79064e+09,TM_1,0.317223
1.79064e+09,TM_4,0.384138
1.79064e+09,TM_2,0.323358
1.79064e+09,TM_4,0.554454
1.79064e+09,TM_4,0.326121
1.79064e+09,TM_6,0.34168
1.79064e+09,TM_9,0.435315
1.79064e+09,TM_8,0.34193
1.79064e+09,TM_2,0.556952
1.79064e+09,TM_3,0.270075
1.79064e+09,TM_1,0.363779
1.79064e+09,TM_3,0.317448
1.79064e+09,TM_8,0.454675
1.79064e+09,TM_9,0.66762
1.79064e+09,TM_3,0.392818
1.79064e+09,TM_9,0.64029
1.79064e+09,TM_7,0.641635
1.79064e+09,TM_6,0.330743
1.79064e+09,TM_5,0.550453
1.79064e+09,TM_8,0.47704
1.79064e+09,TM_5,0.491474
1.79064e+09,TM_2,0.29296
1.79064e+09,TM_7,0.502584
1.79064e+09,TM_5,0.377684
1.79064e+09,TM_6,0.435768
1.79064e+09,TM_1,0.395062
1.79064e+09,TM_7,0.41632
1.79064e+09,TM_1,0.314335
1.79064e+09,TM_4,0.300268
1.79064e+09,TM_2,0.283455
1.79064e+09,TM_4,0.422402
1.79064e+09,TM_4,0.294841
1.79064e+09,TM_6,0.344174
1.79064e+09,TM_9,0.430783
1.79064e+09,TM_8,0.415329
1.79064e+09,TM_2,0.557696
1.79064e+09,TM_3,0.268038
1.79064e+09,TM_1,0.327962
1.79064e+09,TM_3,0.311047
1.79064e+09,TM_8,0.355045
1.79064e+09,TM_9,0.585181
1.79064e+09,TM_3,0.386539
1.79064e+09,TM_9,0.506065
1.79064e+09,TM_7,0.537698
1.79064e+09,TM_6,0.395126
1.79064e+09,TM_5,0.496607
1.79064e+09,TM_8,0.439503
1.79064e+09,TM_5,0.378935
1.79064e+09,TM_2,0.401671
1.79064e+09,TM_7,0.454829
1.79064e+09,TM_5,0.303394
1.79064e+09,TM_6,0.463585
1.79064e+09,TM_1,0.356406
1.79064e+09,TM_7,0.40226
1.79064e+09,TM_1,0.321012
1.79064e+09,TM_4,0.30774
1.79064e+09,TM_2,0.332413
1.79064e+09,TM_4,0.437378
1.79064e+09,TM_4,0.309532
1.79064e+09,TM_6,0.334597
1.79064e+09,TM_9,0.460334
1.79064e+09,TM_8,0.422054
1.79064e+09,TM_2,0.449033
1.79064e+09,TM_3,0.303904
1.79064e+09,TM_1,0.341428
1.79064e+09,TM_3,0.29156
1.79064e+09,TM_8,0.345783
1.79064e+09,TM_9,0.481027
1.79064e+09,TM_3,0.349805
1.79064e+09,TM_9,0.503924
1.79064e+09,TM_7,0.389908
1.79064e+09,TM_6,0.323913
1.79064e+09,TM_5,0.511909
1.79064e+09,TM_8,0.473751
1.79064e+09,TM_5,0.516008
1.79064e+09,TM_2,0.521552
1.79064e+09,TM_7,0.520918
1.79064e+09,TM_5,0.443773
1.79064e+09,TM_6,0.333811
1.79064e+09,TM_1,0.42513
1.79064e+09,TM_7,0.470598
1.79064e+09,TM_1,0.297152
1.79064e+09,TM_4,0.308043
1.79064e+09,TM_2,0.327704
1.79064e+09,TM_4,0.276542
1.79064e+09,TM_4,0.282188
1.79064e+09,TM_6,0.335029
1.79064e+09,TM_9,0.443454
1.79064e+09,TM_8,0.310727
1.79064e+09,TM_2,0.581165
1.79064e+09,TM_3,0.36982
1.79064e+09,TM_1,0.319936
1.79064e+09,TM_3,0.326474
1.79064e+09,TM_8,0.363617
1.79064e+09,TM_9,0.603975
1.79064e+09,TM_3,0.367316
1.79064e+09,TM_9,0.586682
1.79064e+09,TM_7,0.468593
1.79064e+09,TM_6,0.36687
1.79064e+09,TM_5,0.387222
1.79064e+09,TM_8,0.485546
1.79064e+09,TM_5,0.444427
1.79064e+09,TM_2,0.361971
1.79064e+09,TM_7,0.485437
1.79064e+09,TM_5,0.418114
1.79064e+09,TM_6,0.40257
1.79064e+09,TM_1,0.341787
1.79064e+09,TM_7,0.574193
1.79064e+09,TM_1,0.265579
1.79064e+09,TM_4,0.303257
1.79064e+09,TM_2,0.367785
1.79064e+09,TM_4,0.282574
1.79064e+09,TM_4,0.304189
1.79064e+09,TM_6,0.299766
1.79064e+09,TM_9,0.423127
1.79064e+09,TM_8,0.32573
1.79064e+09,TM_2,0.518135
1.79064e+09,TM_3,0.328756
1.79064e+09,TM_1,0.314917
1.79064e+09,TM_3,0.290914
1.79064e+09,TM_8,0.315419
1.79064e+09,TM_9,0.602619
1.79064e+09,TM_3,0.370247
1.79064e+09,TM_9,0.548489
1.79064e+09,TM_7,0.411059
1.79064e+09,TM_6,0.327229
1.79064e+09,TM_5,0.530656
1.79064e+09,TM_8,0.415203
1.79064e+09,TM_5,0.456482
1.79064e+09,TM_2,0.338503
1.79064e+09,TM_7,0.634514
1.79064e+09,TM_5,0.578016
1.79064e+09,TM_6,0.427163
1.79064e+09,TM_1,0.385369
1.79064e+09,TM_7,0.389356
1.79064e+09,TM_1,0.276917
1.79064e+09,TM_4,0.266396
1.79064e+09,TM_2,0.312216
1.79064e+09,TM_4,0.273918
1.79064e+09,TM_4,0.266712
1.79064e+09,TM_6,0.288477
1.79064e+09,TM_9,0.456552
1.79064e+09,TM_8,0.326531
1.79064e+09,TM_2,0.561329
1.79064e+09,TM_3,0.378254
1.79064e+09,TM_1,0.314009
1.79064e+09,TM_3,0.336807
1.79064e+09,TM_8,0.357724
1.79064e+09,TM_9,0.558541
1.79064e+09,TM_3,0.344263
1.79064e+09,TM_9,0.534607
1.79064e+09,TM_7,0.470023
1.79064e+09,TM_6,0.263104
1.79064e+09,TM_5,0.410419
1.79064e+09,TM_8,0.496875
1.79064e+09,TM_5,0.401921
1.79064e+09,TM_2,0.372455
1.79064e+09,TM_7,0.345088
1.79064e+09,TM_5,0.430627
1.79064e+09,TM_6,0.389359
1.79064e+09,TM_1,0.337307
1.79064e+09,TM_7,0.423724
1.79064e+09,TM_1,0.38283
1.79064e+09,TM_4,0.283363
1.79064e+09,TM_2,0.404908
1.79064e+09,TM_4,0.312204
1.79064e+09,TM_4,0.237565
1.79064e+09,TM_6,0.320544
1.79064e+09,TM_9,0.415516
1.79064e+09,TM_8,0.433944
1.79064e+09,TM_2,0.600394
1.79064e+09,TM_3,0.314229
1.79064e+09,TM_1,0.378142
1.79064e+09,TM_3,0.374187
1.79064e+09,TM_8,0.417371
1.79064e+09,TM_9,0.685146
1.79064e+09,TM_3,0.387034
1.79064e+09,TM_9,0.560221
1.79064e+09,TM_7,0.510274
1.79064e+09,TM_6,0.383573
1.79064e+09,TM_5,0.429953
1.79064e+09,TM_8,0.435581
1.79064e+09,TM_5,0.472049
1.79064e+09,TM_2,0.4571
1.79064e+09,TM_7,0.481873
1.79064e+09,TM_5,0.449142
1.79064e+09,TM_6,0.515357
1.79064e+09,TM_1,0.449152
1.79064e+09,TM_7,0.326986
1.79064e+09,TM_1,0.360054
1.79064e+09,TM_4,0.384421
1.79064e+09,TM_2,0.336531
1.79064e+09,TM_4,0.4186
1.79064e+09,TM_4,0.31306
1.79064e+09,TM_6,0.331179
1.79064e+09,TM_9,0.506441
1.79064e+09,TM_8,0.395836
1.79064e+09,TM_2,0.507239
1.79064e+09,TM_3,0.279256
1.79064e+09,TM_1,0.338871
1.79064e+09,TM_3,0.289576
1.79064e+09,TM_8,0.374955
1.79064e+09,TM_9,0.596088
1.79064e+09,TM_3,0.288399
1.79064e+09,TM_9,0.480783
1.79064e+09,TM_7,0.558161
1.79064e+09,TM_6,0.3621
1.79064e+09,TM_5,0.523941
1.79064e+09,TM_8,0.544626
1.79064e+09,TM_5,0.386335
1.79064e+09,TM_2,0.359337
1.79064e+09,TM_7,0.503819
1.79064e+09,TM_5,0.414696
1.79064e+09,TM_6,0.537986
1.79064e+09,TM_1,0.340315
1.79064e+09,TM_7,0.380646
1.79064e+09,TM_1,0.397425
1.79064e+09,TM_4,0.323985
1.79064e+09,TM_2,0.357098
1.79064e+09,TM_4,0.305667
1.79064e+09,TM_4,0.251199
1.79064e+09,TM_6,0.275991
1.79064e+09,TM_9,0.439444
1.79064e+09,TM_8,0.318754
1.79064e+09,TM_2,0.485119
1.79064e+09,TM_3,0.289109
1.79064e+09,TM_1,0.311041
1.79064e+09,TM_3,0.25667
1.79064e+09,TM_8,0.386949
1.79064e+09,TM_9,0.552337
1.79064e+09,TM_3,0.336048
1.79064e+09,TM_9,0.50563
1.79064e+09,TM_7,0.469382
1.79064e+09,TM_6,0.351117
1.79064e+09,TM_5,0.612755
1.79064e+09,TM_8,0.45461
1.79064e+09,TM_5,0.456583
1.79064e+09,TM_2,0.31743
1.79064e+09,TM_7,0.529425
1.79064e+09,TM_5,0.500955
1.79064e+09,TM_6,0.438477
1.79064e+09,TM_1,0.335665
1.79064e+09,TM_7,0.385339
1.79064e+09,TM_1,0.302819
1.79064e+09,TM_4,0.285942
1.79064e+09,TM_2,0.313286
1.79064e+09,TM_4,0.323849
1.79064e+09,TM_4,0.281363
1.79064e+09,TM_6,0.310806
1.79064e+09,TM_9,0.508937
1.79064e+09,TM_8,0.332031
1.79064e+09,TM_2,0.536837
1.79064e+09,TM_3,0.342618
1.79064e+09,TM_1,0.496957
1.79064e+09,TM_3,0.290921
1.79064e+09,TM_8,0.324578
1.79064e+09,TM_9,0.605513
1.79064e+09,TM_3,0.341898
1.79064e+09,TM_9,0.911826
1.79064e+09,TM_7,0.610968
1.79064e+09,TM_6,0.396539
1.79064e+09,TM_5,0.538591
1.79064e+09,TM_8,0.428835
1.79064e+09,TM_5,0.472039
1.79064e+09,TM_2,0.483724
1.79064e+09,TM_5,0.361708
1.79064e+09,TM_7,0.520098
1.79064e+09,TM_6,0.570648
1.79064e+09,TM_1,0.351267
1.79064e+09,TM_7,0.400087
1.79064e+09,TM_1,0.272444
1.79064e+09,TM_4,0.337562
1.79064e+09,TM_2,0.468823
1.79064e+09,TM_4,0.313572
1.79064e+09,TM_4,0.277823
1.79064e+09,TM_6,0.385057
1.79064e+09,TM_9,0.416581
1.79064e+09,TM_8,0.559782
1.79064e+09,TM_2,0.550302
1.79064e+09,TM_3,0.269347
1.79064e+09,TM_1,0.30947
1.79064e+09,TM_3,0.303045
1.79064e+09,TM_8,0.453732
1.79064e+09,TM_9,0.615688
1.79064e+09,TM_3,0.322596
1.79064e+09,TM_9,0.51336
1.79064e+09,TM_7,0.442233
1.79064e+09,TM_6,0.343534
1.79064e+09,TM_5,0.59764
1.79064e+09,TM_8,0.457552
1.79064e+09,TM_5,0.480826
1.79064e+09,TM_2,0.500468
1.79064e+09,TM_7,0.409964
1.79064e+09,TM_5,0.45755
1.79064e+09,TM_6,0.345094
1.79064e+09,TM_1,0.350703
1.79064e+09,TM_7,0.380526
1.79064e+09,TM_1,0.387568
1.79064e+09,TM_4,0.345635
1.79064e+09,TM_2,0.435528
1.79064e+09,TM_4,0.307349
1.79064e+09,TM_4,0.260172
1.79064e+09,TM_6,0.310688
1.79064e+09,TM_9,0.434172
1.79064e+09,TM_8,0.342766
1.79064e+09,TM_2,0.498315
1.79064e+09,TM_3,0.276462
1.79064e+09,TM_1,0.336736
1.79064e+09,TM_3,0.225309
1.79064e+09,TM_8,0.436375
1.79064e+09,TM_9,0.561873
1.79064e+09,TM_3,0.38841
1.79064e+09,TM_9,0.437395
1.79064e+09,TM_7,0.372379
1.79064e+09,TM_6,0.353503
1.79064e+09,TM_5,0.407707
1.79064e+09,TM_8,0.42167
1.79064e+09,TM_5,0.387729
1.79064e+09,TM_2,0.327684
1.79064e+09,TM_7,0.435012
1.79064e+09,TM_5,0.371232
1.79064e+09,TM_6,0.356747
1.79064e+09,TM_1,0.305175
1.79064e+09,TM_7,0.543454
1.79064e+09,TM_1,0.23279
1.79064e+09,TM_4,0.260589
1.79064e+09,TM_2,0.42237
1.79064e+09,TM_4,0.292848
1.79064e+09,TM_4,0.221676
1.79064e+09,TM_6,0.252108
1.79064e+09,TM_9,0.396366
1.79064e+09,TM_8,0.379251
1.79064e+09,TM_2,0.513777
1.79064e+09,TM_3,0.261354
1.79064e+09,TM_1,0.447783
1.79064e+09,TM_3,0.294217
1.79064e+09,TM_8,0.335344
1.79064e+09,TM_9,0.512244
1.79064e+09,TM_3,0.336659
1.79064e+09,TM_9,0.56501
1.79064e+09,TM_7,0.411663
1.79064e+09,TM_6,0.276667
1.79064e+09,TM_5,0.553067
1.79064e+09,TM_8,0.437414
1.79064e+09,TM_5,0.398398
1.79064e+09,TM_2,0.351482
1.79064e+09,TM_7,0.448219
1.79064e+09,TM_5,0.405289
1.79064e+09,TM_6,0.34295
1.79064e+09,TM_1,0.315954
1.79064e+09,TM_7,0.370484
1.79064e+09,TM_1,0.303424
1.79064e+09,TM_4,0.29129
1.79064e+09,TM_2,0.283683
1.79064e+09,TM_4,0.350848
1.79064e+09,TM_4,0.308859
1.79064e+09,TM_6,0.329703
1.79064e+09,TM_9,0.439857
1.79064e+09,TM_8,0.482397
1.79064e+09,TM_2,0.613907
1.79064e+09,TM_3,0.271999
1.79064e+09,TM_1,0.480026
1.79064e+09,TM_3,0.298538
1.79064e+09,TM_8,0.370984
1.79064e+09,TM_9,0.590825
1.79064e+09,TM_3,0.396042
1.79064e+09,TM_9,0.458999
1.79064e+09,TM_7,0.433443
1.79064e+09,TM_6,0.337704
1.79064e+09,TM_5,0.573798
1.79064e+09,TM_8,0.477114
1.79064e+09,TM_5,0.45808
1.79064e+09,TM_2,0.384565
1.79064e+09,TM_7,0.50741
1.79064e+09,TM_5,0.519947
1.79064e+09,TM_6,0.46632
1.79064e+09,TM_1,0.408625
1.79064e+09,TM_7,0.360296
1.79064e+09,TM_1,0.349691
1.79064e+09,TM_4,0.324247
1.79064e+09,TM_2,0.385727
1.79064e+09,TM_4,0.337239
1.79064e+09,TM_4,0.277008
1.79064e+09,TM_6,0.354331
1.79064e+09,TM_9,0.553293
1.79064e+09,TM_8,0.412226
1.79064e+09,TM_2,0.516142
1.79064e+09,TM_3,0.268645
1.79064e+09,TM_1,0.360482
1.79064e+09,TM_3,0.280705
1.79064e+09,TM_8,0.331205
1.79064e+09,TM_9,0.517403
1.79064e+09,TM_3,0.357951
1.79064e+09,TM_9,0.493126
1.79064e+09,TM_7,0.569372
1.79064e+09,TM_6,0.358639
1.79064e+09,TM_5,0.493272
1.79064e+09,TM_8,0.413847
1.79064e+09,TM_5,0.397317
1.79064e+09,TM_2,0.361453
1.79064e+09,TM_7,0.475324
1.79064e+09,TM_5,0.439197
1.79064e+09,TM_6,0.351861
1.79064e+09,TM_1,0.444346
1.79064e+09,TM_7,0.345184
1.79064e+09,TM_1,0.302957
1.79064e+09,TM_4,0.359376
1.79064e+09,TM_2,0.392333
1.79064e+09,TM_4,0.274565
1.79064e+09,TM_4,0.246323
1.79064e+09,TM_6,0.298863
1.79064e+09,TM_9,0.505955
1.79064e+09,TM_8,0.299621
1.79064e+09,TM_2,0.569679
1.79064e+09,TM_3,0.331202
1.79064e+09,TM_1,0.304245
1.79064e+09,TM_3,0.334969
1.79064e+09,TM_8,0.355335
1.79064e+09,TM_9,0.558702
1.79064e+09,TM_3,0.337575
1.79064e+09,TM_9,0.533076
1.79064e+09,TM_7,0.451281
1.79064e+09,TM_6,0.383964
1.79064e+09,TM_5,0.505292
1.79064e+09,TM_8,0.424291
1.79064e+09,TM_5,0.455068
1.79064e+09,TM_2,0.381601
1.79064e+09,TM_7,0.463592
1.79064e+09,TM_5,0.49224
1.79064e+09,TM_6,0.323043
1.79064e+09,TM_1,0.451588
1.79064e+09,TM_7,0.455363
1.79064e+09,TM_1,0.26569
1.79064e+09,TM_4,0.287424
1.79064e+09,TM_2,0.33754
1.79064e+09,TM_4,0.24859
1.79064e+09,TM_4,0.250013
1.79064e+09,TM_6,0.349046
1.79064e+09,TM_9,0.467494
1.79064e+09,TM_8,0.321981
1.79064e+09,TM_2,0.535024
1.79064e+09,TM_3,0.293346
1.79064e+09,TM_1,0.281633
1.79064e+09,TM_3,0.404871
1.79064e+09,TM_8,0.343558
1.79064e+09,TM_9,0.568276
1.79064e+09,TM_3,0.355783
1.79064e+09,TM_9,0.539882
1.79064e+09,TM_7,0.416864
1.79064e+09,TM_6,0.371502
1.79064e+09,TM_5,0.506448
1.79064e+09,TM_8,0.378064
1.79064e+09,TM_5,0.451898
1.79064e+09,TM_2,0.365815
1.79064e+09,TM_7,0.399042
1.79064e+09,TM_5,0.391357
1.79064e+09,TM_6,0.51924
1.79064e+09,TM_1,0.359444
1.79064e+09,TM_7,0.359001
1.79064e+09,TM_1,0.300074
1.79064e+09,TM_4,0.313211
1.79064e+09,TM_2,0.41544
1.79064e+09,TM_4,0.332044
1.79064e+09,TM_4,0.277363
1.79064e+09,TM_6,0.376883
1.79064e+09,TM_9,0.539577
1.79064e+09,TM_8,0.317807
1.79064e+09,TM_2,0.514699
1.79064e+09,TM_3,0.418602
1.79064e+09,TM_1,0.37028
1.79064e+09,TM_3,0.28735
1.79064e+09,TM_8,0.317674
1.79064e+09,TM_9,0.518425
1.79064e+09,TM_3,0.371674
1.79064e+09,TM_9,0.519552
1.79064e+09,TM_7,0.402176
1.79064e+09,TM_6,0.337471
1.79064e+09,TM_5,0.531197
1.79064e+09,TM_8,0.440817
1.79064e+09,TM_5,0.495398
1.79064e+09,TM_2,0.364898
1.79064e+09,TM_7,0.512031
1.79064e+09,TM_5,0.469226
1.79064e+09,TM_6,0.355879
1.79064e+09,TM_1,0.328159
1.79064e+09,TM_7,0.46796
1.79064e+09,TM_1,0.259742
1.79064e+09,TM_4,0.302292
1.79064e+09,TM_2,0.269628
1.79064e+09,TM_4,0.364062
1.79064e+09,TM_4,0.292346
1.79064e+09,TM_6,0.395048
1.79064e+09,TM_9,0.631736
1.79064e+09,TM_8,0.306361
1.79064e+09,TM_2,0.498775
1.79064e+09,TM_3,0.430065
1.79064e+09,TM_1,0.445455
1.79064e+09,TM_3,0.303855
1.79064e+09,TM_8,0.411698
1.79064e+09,TM_9,0.670449
1.79064e+09,TM_3,0.406886
1.79064e+09,TM_9,0.586452
1.79064e+09,TM_7,0.434822
1.79064e+09,TM_6,0.333664
1.79064e+09,TM_5,0.577608
1.79064e+09,TM_8,0.434946
1.79064e+09,TM_5,0.527336
1.79064e+09,TM_2,0.48145
1.79064e+09,TM_7,0.458124
1.79064e+09,TM_5,0.478579
1.79064e+09,TM_6,0.34776
1.79064e+09,TM_1,0.322367
1.79064e+09,TM_7,0.430619
1.79064e+09,TM_1,0.299988
1.79064e+09,TM_4,0.571549
1.79064e+09,TM_2,0.471997
1.79064e+09,TM_4,0.301713
1.79064e+09,TM_4,0.25279
1.79064e+09,TM_6,0.31991
1.79064e+09,TM_9,0.442598
1.79064e+09,TM_8,0.287084
1.79064e+09,TM_2,0.498369
1.79064e+09,TM_3,0.45544
1.79064e+09,TM_1,0.305313
1.79064e+09,TM_3,0.385184
1.79064e+09,TM_8,0.337597
1.79064e+09,TM_9,0.586764
1.79064e+09,TM_3,0.422788
1.79064e+09,TM_9,0.691503
1.79064e+09,TM_7,0.424714
1.79064e+09,TM_6,0.348788
1.79064e+09,TM_5,0.611665
1.79064e+09,TM_8,0.492309
1.79064e+09,TM_5,0.461846
1.79064e+09,TM_2,0.413614
1.79064e+09,TM_7,0.395447
1.79064e+09,TM_5,0.505536
1.79064e+09,TM_6,0.40526
1.79064e+09,TM_1,0.504879
1.79064e+09,TM_7,0.419385
1.79064e+09,TM_1,0.310394
1.79064e+09,TM_4,0.282619
1.79064e+09,TM_2,0.275704
1.79064e+09,TM_4,0.46618
1.79064e+09,TM_4,0.294929
1.79064e+09,TM_6,0.34548
1.79064e+09,TM_9,0.461883
1.79064e+09,TM_8,0.384369
1.79064e+09,TM_2,0.525515
1.79064e+09,TM_3,0.370348
1.79064e+09,TM_1,0.289134
1.79064e+09,TM_3,0.231486
1.79064e+09,TM_8,0.360963
1.79064e+09,TM_9,0.552059
1.79064e+09,TM_3,0.490426
1.79064e+09,TM_9,0.451773
1.79064e+09,TM_7,0.54675
1.79064e+09,TM_6,0.324205
1.79064e+09,TM_5,0.528298
1.79064e+09,TM_8,0.463702
1.79064e+09,TM_5,0.435968
1.79064e+09,TM_2,0.424003
1.79064e+09,TM_7,0.450651
1.79064e+09,TM_5,0.520638
1.79064e+09,TM_6,0.441383
1.79064e+09,TM_1,0.334705
1.79064e+09,TM_7,0.411352
1.79064e+09,TM_1,0.284884
1.79064e+09,TM_4,0.341975
1.79064e+09,TM_2,0.40632
1.79064e+09,TM_4,0.324711
1.79064e+09,TM_4,0.26859
1.79064e+09,TM_6,0.378935
1.79064e+09,TM_9,0.607972
1.79064e+09,TM_8,0.58754
1.79064e+09,TM_2,0.473618
1.79064e+09,TM_3,0.300561
1.79064e+09,TM_1,0.389429
1.79064e+09,TM_3,0.26893
1.79064e+09,TM_8,0.383751
1.79064e+09,TM_9,0.525366
1.79064e+09,TM_3,0.286267
1.79064e+09,TM_9,0.481503
1.79064e+09,TM_7,0.419641
1.79064e+09,TM_6,0.415751
1.79064e+09,TM_5,0.540747
1.79064e+09,TM_8,0.42012
1.79064e+09,TM_5,0.447706
1.79064e+09,TM_2,0.461071
1.79064e+09,TM_7,0.463302
1.79064e+09,TM_5,0.48253
1.79064e+09,TM_6,0.373586
1.79064e+09,TM_1,0.340883
1.79064e+09,TM_7,0.463994
1.79064e+09,TM_1,0.289311
1.79064e+09,TM_4,0.285981
1.79064e+09,TM_2,0.373216
1.79064e+09,TM_4,0.272589
1.79064e+09,TM_4,0.293075
1.79064e+09,TM_6,0.33709
1.79064e+09,TM_9,0.67612
1.79064e+09,TM_8,0.36833
1.79064e+09,TM_2,0.489169
1.79064e+09,TM_3,0.417269
1.79064e+09,TM_1,0.284009
1.79064e+09,TM_3,0.29587
1.79064e+09,TM_8,0.383066
1.79064e+09,TM_9,0.532075
1.79064e+09,TM_3,0.32139
1.79064e+09,TM_9,0.533425
1.79064e+09,TM_7,0.40237
1.79064e+09,TM_6,0.343998
1.79064e+09,TM_5,0.569324
1.79064e+09,TM_8,0.368283
1.79064e+09,TM_5,0.49573
1.79064e+09,TM_2,0.368472
1.79064e+09,TM_7,0.472918
1.79064e+09,TM_5,0.553897
1.79064e+09,TM_6,0.402388
1.79064e+09,TM_1,0.442638
1.79064e+09,TM_7,0.460166
1.79064e+09,TM_1,0.272909
1.79064e+09,TM_4,0.325632
1.79064e+09,TM_2,0.340577
1.79064e+09,TM_4,0.302549
1.79064e+09,TM_4,0.247019
1.79064e+09,TM_6,0.368756
1.79064e+09,TM_9,0.459367
1.79064e+09,TM_8,0.298041
1.79064e+09,TM_2,0.540306
1.79064e+09,TM_3,0.462334
1.79064e+09,TM_1,0.399048
1.79064e+09,TM_3,0.397855
1.79064e+09,TM_8,0.472856
1.79064e+09,TM_9,0.618048
1.79064e+09,TM_3,0.47157
1.79064e+09,TM_9,0.576066
1.79064e+09,TM_7,0.462084
1.79064e+09,TM_6,0.379258
1.79064e+09,TM_5,0.61658
1.79064e+09,TM_8,0.455003
1.79064e+09,TM_5,0.485796
1.79064e+09,TM_2,0.457497
1.79064e+09,TM_7,0.484949
1.79064e+09,TM_5,0.548126
1.79064e+09,TM_6,0.374642
1.79064e+09,TM_1,0.440489
1.79064e+09,TM_7,0.527894
1.79064e+09,TM_1,0.285182
1.79064e+09,TM_4,0.338206
1.79064e+09,TM_2,0.298997
1.79064e+09,TM_4,0.278115
1.79064e+09,TM_4,0.25287
1.79064e+09,TM_6,0.372418
1.79064e+09,TM_9,0.416342
1.79064e+09,TM_8,0.42601
1.79064e+09,TM_2,0.499671
1.79064e+09,TM_3,0.308371
1.79064e+09,TM_1,0.43775
1.79064e+09,TM_3,0.326915
1.79064e+09,TM_8,0.322152
1.79064e+09,TM_9,0.61221
1.79064e+09,TM_3,0.35426
1.79064e+09,TM_9,0.633269
1.79064e+09,TM_7,0.347296
1.79064e+09,TM_6,0.349448
1.79064e+09,TM_5,0.491271
1.79064e+09,TM_8,0.552657
1.79064e+09,TM_5,0.428099
1.79064e+09,TM_2,0.493645
1.79064e+09,TM_7,0.468385
1.79064e+09,TM_5,0.494586
1.79064e+09,TM_6,0.426699
1.79064e+09,TM_1,0.454959
1.79064e+09,TM_7,0.377305
1.79064e+09,TM_1,0.323446
1.79064e+09,TM_4,0.383225
1.79064e+09,TM_2,0.445585
1.79064e+09,TM_4,0.342394
1.79064e+09,TM_4,0.342799
1.79064e+09,TM_6,0.361151
1.79064e+09,TM_9,0.438379
1.79064e+09,TM_8,0.394445
1.79064e+09,TM_2,0.484714
1.79064e+09,TM_3,0.563019
1.79064e+09,TM_1,0.321515
1.79064e+09,TM_3,0.384373
1.79064e+09,TM_8,0.297894
1.79064e+09,TM_9,0.621251
1.79064e+09,TM_3,0.354355
1.79064e+09,TM_9,0.591841
1.79064e+09,TM_7,0.630826
1.79064e+09,TM_6,0.324288
1.79064e+09,TM_5,0.539234
1.79064e+09,TM_8,0.492268
1.79064e+09,TM_5,0.492143
1.79064e+09,TM_2,0.590907
1.79064e+09,TM_7,0.434221
1.79064e+09,TM_5,0.568844
1.79064e+09,TM_6,0.440314
1.79064e+09,TM_1,0.517128
1.79064e+09,TM_7,0.450245
1.79064e+09,TM_1,0.393899
1.79064e+09,TM_4,0.382839
1.79064e+09,TM_2,0.389694
1.79064e+09,TM_4,0.355064
1.79064e+09,TM_4,0.298636
1.79064e+09,TM_6,0.415408
1.79064e+09,TM_9,0.508301
1.79064e+09,TM_8,0.420789
1.79064e+09,TM_2,0.488381
1.79064e+09,TM_3,0.291816
1.79064e+09,TM_1,0.44416
1.79064e+09,TM_3,0.425687
1.79064e+09,TM_8,0.380543
1.79064e+09,TM_9,0.56592
1.79064e+09,TM_3,0.467098
1.79064e+09,TM_9,0.560872
1.79064e+09,TM_7,0.418278
1.79064e+09,TM_6,0.498171
1.79064e+09,TM_5,0.565483
1.79064e+09,TM_8,0.436889
1.79064e+09,TM_5,0.452662
1.79064e+09,TM_2,0.305938
1.79064e+09,TM_7,0.45836
1.79064e+09,TM_5,0.517457
1.79064e+09,TM_6,0.389673
1.79064e+09,TM_1,0.423643
1.79064e+09,TM_7,0.400249
1.79064e+09,TM_1,0.305648
1.79064e+09,TM_4,0.324305
1.79064e+09,TM_2,0.316421
1.79064e+09,TM_4,0.301062
1.79064e+09,TM_4,0.25281
1.79064e+09,TM_6,0.351628
1.79064e+09,TM_9,0.424438
1.79064e+09,TM_8,0.349125
1.79064e+09,TM_2,0.491152
1.79064e+09,TM_3,0.385905
1.79064e+09,TM_1,0.3785
1.79064e+09,TM_3,0.321323
1.79064e+09,TM_8,0.371506
1.79064e+09,TM_9,0.654384
1.79064e+09,TM_3,0.397796
1.79064e+09,TM_9,0.5844
1.79064e+09,TM_7,0.427108
1.79064e+09,TM_6,0.43316
1.79064e+09,TM_5,0.587232
1.79064e+09,TM_8,0.449158
1.79064e+09,TM_5,0.454643
1.79064e+09,TM_2,0.408024
1.79064e+09,TM_7,0.532904
1.79064e+09,TM_5,0.586631
1.79064e+09,TM_6,0.384017
1.79064e+09,TM_1,0.472486
1.79064e+09,TM_7,0.434912
1.79064e+09,TM_1,0.280569
1.79064e+09,TM_4,0.304316
1.79064e+09,TM_2,0.276359
1.79064e+09,TM_4,0.333277
1.79064e+09,TM_4,0.284254
1.79064e+09,TM_6,0.348748
1.79064e+09,TM_9,0.441723
1.79064e+09,TM_8,0.368789
1.79064e+09,TM_2,0.407711
1.79064e+09,TM_3,0.333403
1.79064e+09,TM_1,0.414596
1.79064e+09,TM_3,0.310547
1.79064e+09,TM_8,0.360993
1.79064e+09,TM_9,0.647579
1.79064e+09,TM_3,0.450853
1.79064e+09,TM_9,0.656909
1.79064e+09,TM_7,0.453465
1.79064e+09,TM_6,0.377326
1.79064e+09,TM_5,0.6098
1.79064e+09,TM_8,0.491238
1.79064e+09,TM_5,0.456459
1.79064e+09,TM_2,0.324464
1.79064e+09,TM_7,0.517768
1.79064e+09,TM_5,0.619975
1.79064e+09,TM_6,0.464118
1.79064e+09,TM_1,0.443019
1.79064e+09,TM_7,0.457567
1.79064e+09,TM_1,0.305412
1.79064e+09,TM_4,0.308567
1.79064e+09,TM_2,0.353154
1.79064e+09,TM_4,0.357408
1.79064e+09,TM_4,0.336269
1.79064e+09,TM_6,0.359943
1.79064e+09,TM_9,0.4208
1.79064e+09,TM_8,0.351641
1.79064e+09,TM_2,0.543942
1.79064e+09,TM_3,0.349901
1.79064e+09,TM_1,0.498703
1.79064e+09,TM_3,0.295504
1.79064e+09,TM_8,0.439107
1.79064e+09,TM_9,0.607707
1.79064e+09,TM_3,0.354924
1.79064e+09,TM_9,0.563527
1.79064e+09,TM_7,0.461044
1.79064e+09,TM_6,0.413613
1.79064e+09,TM_5,0.585557
1.79064e+09,TM_8,0.453629
1.79064e+09,TM_5,0.486175
1.79064e+09,TM_2,0.405106
1.79064e+09,TM_5,0.399541
1.79064e+09,TM_7,0.532533
1.79064e+09,TM_6,0.473047
1.79064e+09,TM_1,0.727679
1.79064e+09,TM_7,0.471408
1.79064e+09,TM_1,0.268203
1.79064e+09,TM_4,0.296965
1.79064e+09,TM_2,0.419024
1.79064e+09,TM_4,0.308028
1.79064e+09,TM_4,0.3107
1.79064e+09,TM_6,0.304583
1.79064e+09,TM_9,0.474317
1.79064e+09,TM_8,0.380683
1.79064e+09,TM_2,0.526795
1.79064e+09,TM_3,0.416305
1.79064e+09,TM_1,0.422423
1.79064e+09,TM_3,0.348507
1.79064e+09,TM_8,0.419185
1.79064e+09,TM_9,0.621181
1.79064e+09,TM_3,0.453963
1.79064e+09,TM_9,0.575246
1.79064e+09,TM_7,0.396974
1.79064e+09,TM_6,0.375717
1.79064e+09,TM_5,0.604575
1.79064e+09,TM_8,0.486755
1.79064e+09,TM_5,0.423149
1.79064e+09,TM_2,0.404854
1.79064e+09,TM_7,0.393717
1.79064e+09,TM_5,0.51166
1.79064e+09,TM_6,0.480782
1.79064e+09,TM_1,0.437667
1.79064e+09,TM_7,0.42642
1.79064e+09,TM_1,0.264634
1.79064e+09,TM_4,0.318471
1.79064e+09,TM_2,0.47968
1.79064e+09,TM_4,0.313789
1.79064e+09,TM_4,0.256774
1.79064e+09,TM_6,0.343973
1.79064e+09,TM_9,0.497275
1.79064e+09,TM_8,0.364975
1.79064e+09,TM_2,0.542931
1.79064e+09,TM_3,0.449262
1.79064e+09,TM_1,0.334846
1.79064e+09,TM_3,0.394976
1.79064e+09,TM_8,0.471432
1.79064e+09,TM_9,0.652671
1.79064e+09,TM_3,0.459796
1.79064e+09,TM_9,0.651657
1.79064e+09,TM_7,0.383612
1.79064e+09,TM_6,0.355804
1.79064e+09,TM_5,0.626801
1.79064e+09,TM_8,0.394161
1.79064e+09,TM_5,0.465068
1.79064e+09,TM_2,0.435821
1.79064e+09,TM_7,0.525665
1.79064e+09,TM_5,0.650795
1.79064e+09,TM_6,0.363321
1.79064e+09,TM_1,0.444608
1.79064e+09,TM_7,0.372603
1.79064e+09,TM_1,0.280227
1.79064e+09,TM_4,0.394789
1.79064e+09,TM_2,0.376523
1.79064e+09,TM_4,0.356079
1.79064e+09,TM_4,0.329226
1.79064e+09,TM_6,0.425738
1.79064e+09,TM_9,0.439981
1.79064e+09,TM_8,0.406828
1.79064e+09,TM_2,0.472249
1.79064e+09,TM_3,0.340543
1.79064e+09,TM_1,0.361548
1.79064e+09,TM_3,0.299711
1.79064e+09,TM_8,0.440086
1.79064e+09,TM_9,0.539239
1.79064e+09,TM_3,0.420895
1.79064e+09,TM_9,0.585776
1.79064e+09,TM_7,0.433275
1.79064e+09,TM_6,0.354174
1.79064e+09,TM_5,0.572958
1.79064e+09,TM_8,0.481835
1.79064e+09,TM_5,0.51307
1.79064e+09,TM_2,0.415428
1.79064e+09,TM_7,0.428013
1.79064e+09,TM_5,0.541931
1.79064e+09,TM_6,0.42544
1.79064e+09,TM_1,0.426245
1.79064e+09,TM_7,0.341214
1.79064e+09,TM_1,0.563549
1.79064e+09,TM_4,0.33037
1.79064e+09,TM_2,0.359559
1.79064e+09,TM_4,0.325232
1.79064e+09,TM_4,0.325076
1.79064e+09,TM_6,0.482246
1.79064e+09,TM_9,0.459561
1.79064e+09,TM_8,0.443008
1.79064e+09,TM_2,0.563166
1.79064e+09,TM_3,0.381796
1.79064e+09,TM_1,0.465034
1.79064e+09,TM_3,0.329611
1.79064e+09,TM_8,0.37175
1.79064e+09,TM_9,0.584688
1.79064e+09,TM_3,0.448345
1.79064e+09,TM_9,0.536312
1.79064e+09,TM_7,0.401493
1.79064e+09,TM_6,0.358338
1.79064e+09,TM_5,0.488951
1.79064e+09,TM_8,0.448493
1.79064e+09,TM_5,0.461212
1.79064e+09,TM_2,0.470866
1.79064e+09,TM_5,0.413014
1.79064e+09,TM_7,0.53101
1.79064e+09,TM_6,0.389163
1.79064e+09,TM_1,0.40574
1.79064e+09,TM_7,0.42544
1.79064e+09,TM_1,0.279478
1.79064e+09,TM_4,0.289041
1.79064e+09,TM_2,0.419924
1.79064e+09,TM_4,0.296739
1.79064e+09,TM_4,0.305019
1.79064e+09,TM_6,0.319211
1.79064e+09,TM_9,0.518458
1.79064e+09,TM_8,0.346304
1.79064e+09,TM_2,0.532719
1.79064e+09,TM_3,0.371887
1.79064e+09,TM_1,0.458421
1.79064e+09,TM_3,0.292128
1.79064e+09,TM_8,0.426891
1.79064e+09,TM_9,0.613339
1.79064e+09,TM_3,0.392765
1.79064e+09,TM_9,0.654121
1.79064e+09,TM_7,0.445655
1.79064e+09,TM_6,0.317851
1.79064e+09,TM_5,0.506307
1.79064e+09,TM_8,0.42427
1.79064e+09,TM_5,0.407213
1.79064e+09,TM_2,0.388633
1.79064e+09,TM_5,0.32544
1.79064e+09,TM_7,0.377709
1.79064e+09,TM_6,0.416287
1.79064e+09,TM_1,0.427543
1.79064e+09,TM_7,0.383282
1.79064e+09,TM_1,0.359045
1.79064e+09,TM_4,0.316564
1.79064e+09,TM_2,0.359112
1.79064e+09,TM_4,0.26004
1.79064e+09,TM_4,0.291049
1.79064e+09,TM_6,0.333304
1.79064e+09,TM_9,0.462347
1.79064e+09,TM_8,0.312959
1.79064e+09,TM_2,0.4968
1.79064e+09,TM_3,0.371741
1.79064e+09,TM_1,0.40706
1.79064e+09,TM_3,0.288547
1.79064e+09,TM_8,0.56667
1.79064e+09,TM_9,0.519615
1.79064e+09,TM_3,0.478224
1.79064e+09,TM_9,0.550723
1.79064e+09,TM_7,0.400542
1.79064e+09,TM_6,0.340667
1.79064e+09,TM_5,0.478719
1.79064e+09,TM_8,0.533392
1.79064e+09,TM_5,0.373252
1.79064e+09,TM_2,0.337206
1.79064e+09,TM_5,0.325544
1.79064e+09,TM_7,0.447641
1.79064e+09,TM_6,0.394861
1.79064e+09,TM_1,0.420013
1.79064e+09,TM_7,0.399488
1.79064e+09,TM_1,0.272874
1.79064e+09,TM_4,0.321844
1.79064e+09,TM_2,0.256814
1.79064e+09,TM_4,0.273887
1.79064e+09,TM_4,0.300348
1.79064e+09,TM_6,0.429635
1.79064e+09,TM_9,0.46056
1.79064e+09,TM_8,0.351192
1.79064e+09,TM_2,0.577217
1.79064e+09,TM_3,0.331044
1.79064e+09,TM_1,0.401334
1.79064e+09,TM_3,0.9618
